"Antecedent_LHS","Consequent_RHS","support","confidence","coverage","lift","count","fishersPValue","pAdjusted"
"HERB MARKER MINT + HERB MARKER PARSLEY","HERB MARKER CHIVES",0.01001,0.86321,0.0116,75.47077,183,0,0
"HERB MARKER PARSLEY + HERB MARKER THYME","HERB MARKER CHIVES",0.01001,0.85915,0.01166,75.11645,183,0,0
"HERB MARKER PARSLEY + HERB MARKER ROSEMARY","HERB MARKER CHIVES",0.01001,0.85116,0.01177,74.41769,183,0,0
"HERB MARKER CHIVES + HERB MARKER THYME","HERB MARKER PARSLEY",0.01001,0.96825,0.01034,74.33994,183,0,0
"HERB MARKER CHIVES + HERB MARKER ROSEMARY","HERB MARKER PARSLEY",0.01001,0.96825,0.01034,74.33994,183,0,0
"HERB MARKER BASIL + HERB MARKER PARSLEY + HERB MARKER ROSEMARY","HERB MARKER THYME",0.01018,0.95876,0.01062,74.23506,186,0,0
"HERB MARKER CHIVES + HERB MARKER MINT","HERB MARKER PARSLEY",0.01001,0.96316,0.0104,73.94867,183,0,0
"HERB MARKER MINT + HERB MARKER PARSLEY + HERB MARKER ROSEMARY","HERB MARKER THYME",0.01018,0.94898,0.01073,73.47756,186,0,0
"HERB MARKER CHIVES + HERB MARKER PARSLEY","HERB MARKER THYME",0.01001,0.94819,0.01056,73.41615,183,0,0
"HERB MARKER BASIL + HERB MARKER PARSLEY + HERB MARKER THYME","HERB MARKER ROSEMARY",0.01018,0.96373,0.01056,73.37604,186,0,0
"HERB MARKER PARSLEY + HERB MARKER ROSEMARY","HERB MARKER THYME",0.01111,0.94419,0.01177,73.10641,203,0,0
"HERB MARKER MINT + HERB MARKER PARSLEY + HERB MARKER THYME","HERB MARKER ROSEMARY",0.01018,0.95876,0.01062,72.99781,186,0,0
"HERB MARKER MINT + HERB MARKER THYME","HERB MARKER ROSEMARY",0.01078,0.95631,0.01127,72.8111,197,0,0
"HERB MARKER PARSLEY + HERB MARKER THYME","HERB MARKER ROSEMARY",0.01111,0.95305,0.01166,72.56297,203,0,0
"HERB MARKER BASIL + HERB MARKER THYME","HERB MARKER ROSEMARY",0.01095,0.95238,0.01149,72.5119,200,0,0
"HERB MARKER MINT + HERB MARKER ROSEMARY + HERB MARKER THYME","HERB MARKER PARSLEY",0.01018,0.94416,0.01078,72.49025,186,0,0
"HERB MARKER BASIL + HERB MARKER ROSEMARY","HERB MARKER THYME",0.01095,0.93458,0.01171,72.36259,200,0,0
"HERB MARKER MINT + HERB MARKER THYME","HERB MARKER PARSLEY",0.01062,0.94175,0.01127,72.30485,194,0,0
"HERB MARKER CHIVES + HERB MARKER PARSLEY","HERB MARKER MINT",0.01001,0.94819,0.01056,72.19255,183,0,0
"HERB MARKER CHIVES + HERB MARKER PARSLEY","HERB MARKER ROSEMARY",0.01001,0.94819,0.01056,72.19255,183,0,0
"HERB MARKER MINT + HERB MARKER ROSEMARY","HERB MARKER THYME",0.01078,0.92925,0.0116,71.94957,197,0,0
"HERB MARKER BASIL + HERB MARKER ROSEMARY + HERB MARKER THYME","HERB MARKER PARSLEY",0.01018,0.93,0.01095,71.4029,186,0,0
"HERB MARKER THYME","HERB MARKER ROSEMARY",0.01209,0.93644,0.01292,71.29825,221,0,0
"HERB MARKER ROSEMARY","HERB MARKER THYME",0.01209,0.92083,0.01313,71.29825,221,0,0
"HERB MARKER MINT + HERB MARKER ROSEMARY","HERB MARKER PARSLEY",0.01073,0.92453,0.0116,70.9828,196,0,0
"HERB MARKER CHIVES","HERB MARKER PARSLEY",0.01056,0.92344,0.01144,70.89962,193,0,0
"HERB MARKER PARSLEY","HERB MARKER CHIVES",0.01056,0.81092,0.01302,70.89962,193,0,0
"HERB MARKER MINT + HERB MARKER PARSLEY","HERB MARKER THYME",0.01062,0.91509,0.0116,70.85389,194,0,0
"HERB MARKER BASIL + HERB MARKER MINT","HERB MARKER ROSEMARY",0.01056,0.92788,0.01138,70.64681,193,0,0
"HERB MARKER BASIL + HERB MARKER THYME","HERB MARKER PARSLEY",0.01056,0.91905,0.01149,70.562,193,0,0
"HERB MARKER ROSEMARY + HERB MARKER THYME","HERB MARKER PARSLEY",0.01111,0.91855,0.01209,70.52396,203,0,0
"HERB MARKER BASIL + HERB MARKER PARSLEY","HERB MARKER THYME",0.01056,0.91038,0.0116,70.48867,193,0,0
"HERB MARKER MINT + HERB MARKER PARSLEY","HERB MARKER ROSEMARY",0.01073,0.92453,0.0116,70.39127,196,0,0
"HERB MARKER BASIL + HERB MARKER MINT","HERB MARKER PARSLEY",0.0104,0.91346,0.01138,70.13312,190,0,0
"HERB MARKER CHIVES","HERB MARKER THYME",0.01034,0.90431,0.01144,70.01859,189,0,0
"HERB MARKER THYME","HERB MARKER CHIVES",0.01034,0.80085,0.01292,70.01859,189,0,0
"HERB MARKER BASIL + HERB MARKER MINT","HERB MARKER THYME",0.01029,0.90385,0.01138,69.98297,188,0,0
"HERB MARKER PARSLEY + HERB MARKER ROSEMARY + HERB MARKER THYME","HERB MARKER MINT",0.01018,0.91626,0.01111,69.76145,186,0,0
"HERB MARKER BASIL + HERB MARKER PARSLEY","HERB MARKER ROSEMARY",0.01062,0.91509,0.0116,69.673,194,0,0
"HERB MARKER BASIL + HERB MARKER ROSEMARY","HERB MARKER PARSLEY",0.01062,0.90654,0.01171,69.60186,194,0,0
"HERB MARKER PARSLEY + HERB MARKER ROSEMARY + HERB MARKER THYME","HERB MARKER BASIL",0.01018,0.91626,0.01111,69.47199,186,0,0
"HERB MARKER PARSLEY + HERB MARKER ROSEMARY","HERB MARKER MINT",0.01073,0.91163,0.01177,69.40907,196,0,0
"HERB MARKER PARSLEY + HERB MARKER THYME","HERB MARKER MINT",0.01062,0.9108,0.01166,69.34589,194,0,0
"HERB MARKER THYME","HERB MARKER PARSLEY",0.01166,0.90254,0.01292,69.29478,213,0,0
"HERB MARKER PARSLEY","HERB MARKER THYME",0.01166,0.89496,0.01302,69.29478,213,0,0
"HERB MARKER MINT","HERB MARKER CHIVES",0.0104,0.79167,0.01313,69.21591,190,0,0
"HERB MARKER CHIVES","HERB MARKER MINT",0.0104,0.90909,0.01144,69.21591,190,0,0
"HERB MARKER MINT + HERB MARKER THYME","HERB MARKER BASIL",0.01029,0.91262,0.01127,69.19639,188,0,0
"HERB MARKER MINT + HERB MARKER ROSEMARY","HERB MARKER BASIL",0.01056,0.91038,0.0116,69.02625,193,0,0
"HERB MARKER CHIVES","HERB MARKER ROSEMARY",0.01034,0.90431,0.01144,68.85161,189,0,0
"HERB MARKER ROSEMARY","HERB MARKER CHIVES",0.01034,0.7875,0.01313,68.85161,189,0,0
"HERB MARKER PARSLEY","HERB MARKER ROSEMARY",0.01177,0.90336,0.01302,68.77967,215,0,0
"HERB MARKER ROSEMARY","HERB MARKER PARSLEY",0.01177,0.89583,0.01313,68.77967,215,0,0
"HERB MARKER PARSLEY + HERB MARKER THYME","HERB MARKER BASIL",0.01056,0.9061,0.01166,68.70218,193,0,0
"HERB MARKER BASIL + HERB MARKER ROSEMARY","HERB MARKER MINT",0.01056,0.90187,0.01171,68.66606,193,0,0
"HERB MARKER ROSEMARY + HERB MARKER THYME","HERB MARKER BASIL",0.01095,0.90498,0.01209,68.61681,200,0,0
"HERB MARKER PARSLEY + HERB MARKER ROSEMARY","HERB MARKER BASIL",0.01062,0.90233,0.01177,68.41575,194,0,0
"HERB MARKER BASIL + HERB MARKER PARSLEY","HERB MARKER MINT",0.0104,0.89623,0.0116,68.23644,190,0,0
"HERB MARKER BASIL + HERB MARKER THYME","HERB MARKER MINT",0.01029,0.89524,0.01149,68.16119,188,0,0
"HERB MARKER MINT + HERB MARKER PARSLEY","HERB MARKER BASIL",0.0104,0.89623,0.0116,67.9533,190,0,0
"HERB MARKER ROSEMARY + HERB MARKER THYME","HERB MARKER MINT",0.01078,0.8914,0.01209,67.86917,197,0,0
"HERB MARKER PARSLEY","HERB MARKER MINT",0.0116,0.89076,0.01302,67.81996,212,0,0
"HERB MARKER MINT","HERB MARKER PARSLEY",0.0116,0.88333,0.01313,67.81996,212,0,0
"HERB MARKER ROSEMARY","HERB MARKER BASIL",0.01171,0.89167,0.01313,67.60757,214,0,0
"HERB MARKER BASIL","HERB MARKER ROSEMARY",0.01171,0.88797,0.01319,67.60757,214,0,0
"HERB MARKER PARSLEY","HERB MARKER BASIL",0.0116,0.89076,0.01302,67.53855,212,0,0
"HERB MARKER BASIL","HERB MARKER PARSLEY",0.0116,0.87967,0.01319,67.53855,212,0,0
"HERB MARKER THYME","HERB MARKER BASIL",0.01149,0.88983,0.01292,67.46835,210,0,0
"HERB MARKER BASIL","HERB MARKER THYME",0.01149,0.87137,0.01319,67.46835,210,0,0
"HERB MARKER MINT","HERB MARKER ROSEMARY",0.0116,0.88333,0.01313,67.25479,212,0,0
"HERB MARKER ROSEMARY","HERB MARKER MINT",0.0116,0.88333,0.01313,67.25479,212,0,0
"HERB MARKER THYME","HERB MARKER MINT",0.01127,0.87288,0.01292,66.459,206,0,0
"HERB MARKER MINT","HERB MARKER THYME",0.01127,0.85833,0.01313,66.459,206,0,0
"HERB MARKER MINT","HERB MARKER BASIL",0.01138,0.86667,0.01313,65.71203,208,0,0
"HERB MARKER BASIL","HERB MARKER MINT",0.01138,0.86307,0.01319,65.71203,208,0,0
"REGENCY MILK JUG PINK + REGENCY TEAPOT ROSES","REGENCY SUGAR BOWL GREEN",0.01056,0.85398,0.01237,48.46217,193,0,0
"REGENCY TEA PLATE GREEN + REGENCY TEA PLATE ROSES","REGENCY TEA PLATE PINK",0.01396,0.79937,0.01746,47.89162,255,0,0
"REGENCY SUGAR BOWL GREEN + REGENCY TEAPOT ROSES","REGENCY MILK JUG PINK",0.01056,0.82833,0.01275,46.00609,193,0,0
"POPPY'S PLAYHOUSE BATHROOM","POPPY'S PLAYHOUSE LIVINGROOM",0.01023,0.82379,0.01242,45.89356,187,0,0
"POPPY'S PLAYHOUSE LIVINGROOM","POPPY'S PLAYHOUSE BATHROOM",0.01023,0.57012,0.01795,45.89356,187,0,0
"REGENCY TEA PLATE PINK + REGENCY TEA PLATE ROSES","REGENCY TEA PLATE GREEN",0.01396,0.94796,0.01472,45.58418,255,0,0
"REGENCY TEA PLATE PINK","REGENCY TEA PLATE GREEN",0.01521,0.91148,0.01669,43.82997,278,0,0
"REGENCY TEA PLATE GREEN","REGENCY TEA PLATE PINK",0.01521,0.73158,0.0208,43.82997,278,0,0
"GREEN REGENCY TEACUP AND SAUCER + REGENCY TEA PLATE ROSES","REGENCY TEA PLATE GREEN",0.011,0.89732,0.01226,43.14935,201,0,0
"SET OF 3 WOODEN STOCKING DECORATION","SET OF 3 WOODEN TREE DECORATIONS",0.01198,0.68652,0.01746,42.81497,219,0,0
"SET OF 3 WOODEN TREE DECORATIONS","SET OF 3 WOODEN STOCKING DECORATION",0.01198,0.74744,0.01603,42.81497,219,0,0
"REGENCY SUGAR BOWL GREEN","REGENCY MILK JUG PINK",0.0133,0.75466,0.01762,41.91451,243,0,0
"REGENCY MILK JUG PINK","REGENCY SUGAR BOWL GREEN",0.0133,0.7386,0.018,41.91451,243,0,0
"SET/10 BLUE POLKADOT PARTY CANDLES","SET/10 PINK POLKADOT PARTY CANDLES",0.01012,0.77406,0.01308,41.11736,185,0,0
"SET/10 PINK POLKADOT PARTY CANDLES","SET/10 BLUE POLKADOT PARTY CANDLES",0.01012,0.53779,0.01883,41.11736,185,0,0
"SET OF 3 WOODEN SLEIGH DECORATIONS","SET OF 3 WOODEN TREE DECORATIONS",0.01073,0.65552,0.01636,40.88153,196,0,0
"SET OF 3 WOODEN TREE DECORATIONS","SET OF 3 WOODEN SLEIGH DECORATIONS",0.01073,0.66894,0.01603,40.88153,196,0,0
"JAM JAR WITH PINK LID","JAM JAR WITH GREEN LID",0.01248,0.67059,0.01861,39.9142,228,0,0
"JAM JAR WITH GREEN LID","JAM JAR WITH PINK LID",0.01248,0.74267,0.0168,39.9142,228,0,0
"POPPY'S PLAYHOUSE BEDROOM + POPPY'S PLAYHOUSE KITCHEN","POPPY'S PLAYHOUSE LIVINGROOM",0.01226,0.71565,0.01713,39.8694,224,0,0
"SET OF 3 WOODEN STOCKING DECORATION","SET OF 3 WOODEN SLEIGH DECORATIONS",0.01111,0.63636,0.01746,38.89054,203,0,0
"SET OF 3 WOODEN SLEIGH DECORATIONS","SET OF 3 WOODEN STOCKING DECORATION",0.01111,0.67893,0.01636,38.89054,203,0,0
"BLUE POLKADOT CUP","PINK  POLKADOT CUP",0.01138,0.64,0.01779,38.09355,208,0,0
"PINK  POLKADOT CUP","BLUE POLKADOT CUP",0.01138,0.67752,0.0168,38.09355,208,0,0
"CHILDRENS CUTLERY DOLLY GIRL","CHILDRENS CUTLERY SPACEBOY",0.01248,0.7651,0.01631,37.99099,228,0,0
"CHILDRENS CUTLERY SPACEBOY","CHILDRENS CUTLERY DOLLY GIRL",0.01248,0.61957,0.02014,37.99099,228,0,0
"REGENCY TEA PLATE GREEN + REGENCY TEA PLATE PINK","REGENCY TEA PLATE ROSES",0.01396,0.91727,0.01521,37.75046,255,0,0
"REGENCY TEA PLATE GREEN + ROSES REGENCY TEACUP AND SAUCER","REGENCY TEA PLATE ROSES",0.01133,0.90789,0.01248,37.36478,207,0,0
"POPPY'S PLAYHOUSE KITCHEN + POPPY'S PLAYHOUSE LIVINGROOM","POPPY'S PLAYHOUSE BEDROOM",0.01226,0.85496,0.01434,36.93314,224,0,0
"REGENCY TEA PLATE PINK","REGENCY TEA PLATE ROSES",0.01472,0.88197,0.01669,36.29772,269,0,0
"REGENCY TEA PLATE ROSES","REGENCY TEA PLATE PINK",0.01472,0.60586,0.0243,36.29772,269,0,0
"REGENCY TEA PLATE ROSES + ROSES REGENCY TEACUP AND SAUCER","REGENCY TEA PLATE GREEN",0.01133,0.75273,0.01505,36.19628,207,0,0
"POPPY'S PLAYHOUSE BEDROOM + POPPY'S PLAYHOUSE LIVINGROOM","POPPY'S PLAYHOUSE KITCHEN",0.01226,0.86154,0.01423,36.10755,224,0,0
"POPPY'S PLAYHOUSE BATHROOM","POPPY'S PLAYHOUSE BEDROOM",0.01034,0.8326,0.01242,35.9671,189,0,0
"POPPY'S PLAYHOUSE BEDROOM","POPPY'S PLAYHOUSE BATHROOM",0.01034,0.44681,0.02315,35.9671,189,0,0
"POPPY'S PLAYHOUSE BATHROOM","POPPY'S PLAYHOUSE KITCHEN",0.01051,0.84581,0.01242,35.44857,192,0,0
"POPPY'S PLAYHOUSE KITCHEN","POPPY'S PLAYHOUSE BATHROOM",0.01051,0.44037,0.02386,35.44857,192,0,0
"BLUE POLKADOT BOWL","PINK POLKADOT BOWL",0.01138,0.64596,0.01762,35.44648,208,0,0
"PINK POLKADOT BOWL","BLUE POLKADOT BOWL",0.01138,0.62462,0.01822,35.44648,208,0,0
"GARAGE KEY FOB","KEY FOB , SHED",0.01095,0.71942,0.01521,35.33883,200,0,0
"KEY FOB , SHED","GARAGE KEY FOB",0.01095,0.53763,0.02036,35.33883,200,0,0
"REGENCY MILK JUG PINK + REGENCY SUGAR BOWL GREEN","REGENCY TEAPOT ROSES",0.01056,0.79424,0.0133,34.97138,193,0,0
"REGENCY TEA PLATE GREEN","REGENCY TEA PLATE ROSES",0.01746,0.83947,0.0208,34.54888,319,0,0
"REGENCY TEA PLATE ROSES","REGENCY TEA PLATE GREEN",0.01746,0.71847,0.0243,34.54888,319,0,0
"POPPY'S PLAYHOUSE LIVINGROOM","POPPY'S PLAYHOUSE BEDROOM",0.01423,0.79268,0.01795,34.24278,260,0,0
"POPPY'S PLAYHOUSE BEDROOM","POPPY'S PLAYHOUSE LIVINGROOM",0.01423,0.61466,0.02315,34.24278,260,0,0
"CHILDRENS CUTLERY POLKADOT PINK + CHILDRENS CUTLERY RETROSPOT RED","CHILDRENS CUTLERY POLKADOT BLUE",0.01045,0.72348,0.01445,33.7251,191,0,0
"POPPY'S PLAYHOUSE LIVINGROOM","POPPY'S PLAYHOUSE KITCHEN",0.01434,0.79878,0.01795,33.47733,262,0,0
"POPPY'S PLAYHOUSE KITCHEN","POPPY'S PLAYHOUSE LIVINGROOM",0.01434,0.60092,0.02386,33.47733,262,0,0
"KEY FOB , BACK DOOR","KEY FOB , SHED",0.01144,0.68078,0.0168,33.44066,209,0,0
"KEY FOB , SHED","KEY FOB , BACK DOOR",0.01144,0.56183,0.02036,33.44066,209,0,0
"SMALL CHOCOLATES PINK BOWL","SMALL MARSHMALLOWS PINK BOWL",0.011,0.81707,0.01346,33.40129,201,0,0
"SMALL MARSHMALLOWS PINK BOWL","SMALL CHOCOLATES PINK BOWL",0.011,0.44966,0.02446,33.40129,201,0,0
"WOODEN HEART CHRISTMAS SCANDINAVIAN + WOODEN TREE CHRISTMAS SCANDINAVIAN","WOODEN STAR CHRISTMAS SCANDINAVIAN",0.01264,0.92771,0.01363,33.17429,231,0,0
"WOODEN HEART CHRISTMAS SCANDINAVIAN + WOODEN STAR CHRISTMAS SCANDINAVIAN","WOODEN TREE CHRISTMAS SCANDINAVIAN",0.01264,0.59536,0.02123,32.18647,231,0,0
"SET OF 12 FAIRY CAKE BAKING CASES + SET OF 12 MINI LOAF BAKING CASES","SET OF 6 SNACK LOAF BAKING CASES",0.01034,0.61765,0.01675,31.8821,189,0,0
"REGENCY SUGAR BOWL GREEN","REGENCY TEAPOT ROSES",0.01275,0.7236,0.01762,31.86118,233,0,0
"REGENCY TEAPOT ROSES","REGENCY SUGAR BOWL GREEN",0.01275,0.56145,0.02271,31.86118,233,0,0
"SET/20 RED RETROSPOT PAPER NAPKINS + SET/6 RED SPOTTY PAPER CUPS","SET/6 RED SPOTTY PAPER PLATES",0.0145,0.89527,0.0162,31.04226,265,0,0
"POPPY'S PLAYHOUSE KITCHEN","POPPY'S PLAYHOUSE BEDROOM",0.01713,0.71789,0.02386,31.01183,313,0,0
"POPPY'S PLAYHOUSE BEDROOM","POPPY'S PLAYHOUSE KITCHEN",0.01713,0.73995,0.02315,31.01183,313,0,0
"BLUE HAPPY BIRTHDAY BUNTING","PINK HAPPY BIRTHDAY BUNTING",0.01434,0.67526,0.02123,30.77054,262,0,0
"PINK HAPPY BIRTHDAY BUNTING","BLUE HAPPY BIRTHDAY BUNTING",0.01434,0.65337,0.02194,30.77054,262,0,0
"SET OF 12 FAIRY CAKE BAKING CASES + SET OF 6 SNACK LOAF BAKING CASES","SET OF 12 MINI LOAF BAKING CASES",0.01034,0.74704,0.01385,30.74455,189,0,0
"SET/20 RED RETROSPOT PAPER NAPKINS + SET/6 RED SPOTTY PAPER PLATES","SET/6 RED SPOTTY PAPER CUPS",0.0145,0.71622,0.02025,30.72164,265,0,0
"FELTCRAFT CUSHION RABBIT","FELTCRAFT CUSHION BUTTERFLY",0.0122,0.57772,0.02112,30.33529,223,0,0
"FELTCRAFT CUSHION BUTTERFLY","FELTCRAFT CUSHION RABBIT",0.0122,0.6408,0.01904,30.33529,223,0,0
"REGENCY TEAPOT ROSES","REGENCY MILK JUG PINK",0.01237,0.54458,0.02271,30.24644,226,0,0
"REGENCY MILK JUG PINK","REGENCY TEAPOT ROSES",0.01237,0.68693,0.018,30.24644,226,0,0
"WOODEN TREE CHRISTMAS SCANDINAVIAN","WOODEN STAR CHRISTMAS SCANDINAVIAN",0.01538,0.83136,0.0185,29.72888,281,0,0
"WOODEN STAR CHRISTMAS SCANDINAVIAN","WOODEN TREE CHRISTMAS SCANDINAVIAN",0.01538,0.5499,0.02796,29.72888,281,0,0
"SET OF 3 WOODEN HEART DECORATIONS","SET OF 3 WOODEN TREE DECORATIONS",0.01155,0.47416,0.02435,29.57091,211,0,0
"SET OF 3 WOODEN TREE DECORATIONS","SET OF 3 WOODEN HEART DECORATIONS",0.01155,0.72014,0.01603,29.57091,211,0,0
"ROLL WRAP VINTAGE CHRISTMAS","ROLL WRAP 50'S CHRISTMAS",0.01045,0.56677,0.01844,29.25567,191,0,0
"ROLL WRAP 50'S CHRISTMAS","ROLL WRAP VINTAGE CHRISTMAS",0.01045,0.53955,0.01937,29.25567,191,0,0
"FELTCRAFT PRINCESS OLIVIA DOLL","FELTCRAFT PRINCESS LOLA DOLL",0.01034,0.65172,0.01587,28.83524,189,0,0
"FELTCRAFT PRINCESS LOLA DOLL","FELTCRAFT PRINCESS OLIVIA DOLL",0.01034,0.45763,0.0226,28.83524,189,0,0
"SMALL DOLLY MIX DESIGN ORANGE BOWL","SMALL CHOCOLATES PINK BOWL",0.01116,0.3871,0.02884,28.75374,204,0,0
"SMALL CHOCOLATES PINK BOWL","SMALL DOLLY MIX DESIGN ORANGE BOWL",0.01116,0.82927,0.01346,28.75374,204,0,0
"SET/6 RED SPOTTY PAPER PLATES","SET/6 RED SPOTTY PAPER CUPS",0.01915,0.66414,0.02884,28.48772,350,0,0
"SET/6 RED SPOTTY PAPER CUPS","SET/6 RED SPOTTY PAPER PLATES",0.01915,0.8216,0.02331,28.48772,350,0,0
"SET OF 6 TEA TIME BAKING CASES","SET OF 6 SNACK LOAF BAKING CASES",0.01133,0.54907,0.02063,28.34233,207,0,0
"SET OF 6 SNACK LOAF BAKING CASES","SET OF 6 TEA TIME BAKING CASES",0.01133,0.58475,0.01937,28.34233,207,0,0
"PINK VINTAGE PAISLEY PICNIC BAG","SCANDINAVIAN PAISLEY PICNIC BAG",0.01532,0.6846,0.02238,28.11154,280,0,0
"SCANDINAVIAN PAISLEY PICNIC BAG","PINK VINTAGE PAISLEY PICNIC BAG",0.01532,0.62921,0.02435,28.11154,280,0,0
"SET OF 3 WOODEN HEART DECORATIONS","SET OF 3 WOODEN STOCKING DECORATION",0.01193,0.48989,0.02435,28.06181,218,0,0
"SET OF 3 WOODEN STOCKING DECORATION","SET OF 3 WOODEN HEART DECORATIONS",0.01193,0.68339,0.01746,28.06181,218,0,0
"RED RETROSPOT CUP","BLUE POLKADOT CUP",0.01056,0.49871,0.02118,28.03967,193,0,0
"BLUE POLKADOT CUP","RED RETROSPOT CUP",0.01056,0.59385,0.01779,28.03967,193,0,0
"WOODEN STAR CHRISTMAS SCANDINAVIAN + WOODEN TREE CHRISTMAS SCANDINAVIAN","WOODEN HEART CHRISTMAS SCANDINAVIAN",0.01264,0.82206,0.01538,27.92115,231,0,0
"CHILDRENS CUTLERY POLKADOT BLUE + CHILDRENS CUTLERY RETROSPOT RED","CHILDRENS CUTLERY POLKADOT PINK",0.01045,0.81974,0.01275,27.53521,191,0,0
"WHITE SPOT BLUE CERAMIC DRAWER KNOB","BLUE SPOT CERAMIC DRAWER KNOB",0.01122,0.56319,0.01992,27.51634,205,0,0
"BLUE SPOT CERAMIC DRAWER KNOB","WHITE SPOT BLUE CERAMIC DRAWER KNOB",0.01122,0.54813,0.02047,27.51634,205,0,0
"SET OF 12 MINI LOAF BAKING CASES","SET OF 6 SNACK LOAF BAKING CASES",0.01286,0.52928,0.0243,27.32068,235,0,0
"SET OF 6 SNACK LOAF BAKING CASES","SET OF 12 MINI LOAF BAKING CASES",0.01286,0.66384,0.01937,27.32068,235,0,0
"BLUE SPOT CERAMIC DRAWER KNOB","RED SPOT CERAMIC DRAWER KNOB",0.01127,0.5508,0.02047,27.2759,206,0,0
"RED SPOT CERAMIC DRAWER KNOB","BLUE SPOT CERAMIC DRAWER KNOB",0.01127,0.55827,0.02019,27.2759,206,0,0
"SMALL MARSHMALLOWS PINK BOWL","SMALL DOLLY MIX DESIGN ORANGE BOWL",0.0191,0.78076,0.02446,27.0718,349,0,0
"SMALL DOLLY MIX DESIGN ORANGE BOWL","SMALL MARSHMALLOWS PINK BOWL",0.0191,0.66224,0.02884,27.0718,349,0,0
"CHILDRENS CUTLERY POLKADOT BLUE + CHILDRENS CUTLERY POLKADOT PINK","CHILDRENS CUTLERY RETROSPOT RED",0.01045,0.64094,0.01631,26.80066,191,0,0
"SET OF 12 MINI LOAF BAKING CASES + SET OF 6 SNACK LOAF BAKING CASES","SET OF 12 FAIRY CAKE BAKING CASES",0.01034,0.80426,0.01286,26.72029,189,0,0
"VINTAGE CREAM DOG FOOD CONTAINER","VINTAGE CREAM CAT FOOD CONTAINER",0.01034,0.45542,0.02271,26.4188,189,0,0
"VINTAGE CREAM CAT FOOD CONTAINER","VINTAGE CREAM DOG FOOD CONTAINER",0.01034,0.6,0.01724,26.4188,189,0,0
"RED SPOT CERAMIC DRAWER KNOB","RED STRIPE CERAMIC DRAWER KNOB",0.01275,0.63144,0.02019,26.40329,233,0,0
"RED STRIPE CERAMIC DRAWER KNOB","RED SPOT CERAMIC DRAWER KNOB",0.01275,0.53318,0.02392,26.40329,233,0,0
"WHITE SPOT RED CERAMIC DRAWER KNOB","RED SPOT CERAMIC DRAWER KNOB",0.01182,0.52941,0.02233,26.21664,216,0,0
"RED SPOT CERAMIC DRAWER KNOB","WHITE SPOT RED CERAMIC DRAWER KNOB",0.01182,0.58537,0.02019,26.21664,216,0,0
"SET OF 3 WOODEN SLEIGH DECORATIONS","SET OF 3 WOODEN HEART DECORATIONS",0.01034,0.63211,0.01636,25.95616,189,0,0
"SET OF 3 WOODEN HEART DECORATIONS","SET OF 3 WOODEN SLEIGH DECORATIONS",0.01034,0.42472,0.02435,25.95616,189,0,0
"WOODEN HEART CHRISTMAS SCANDINAVIAN","WOODEN STAR CHRISTMAS SCANDINAVIAN",0.02123,0.72119,0.02944,25.78923,388,0,0
"WOODEN STAR CHRISTMAS SCANDINAVIAN","WOODEN HEART CHRISTMAS SCANDINAVIAN",0.02123,0.7593,0.02796,25.78923,388,0,0
"CHILDRENS CUTLERY POLKADOT PINK","CHILDRENS CUTLERY POLKADOT BLUE",0.01631,0.54779,0.02977,25.53531,298,0,0
"CHILDRENS CUTLERY POLKADOT BLUE","CHILDRENS CUTLERY POLKADOT PINK",0.01631,0.7602,0.02145,25.53531,298,0,0
"FLORAL FOLK STATIONERY SET","MODERN FLORAL STATIONERY SET",0.01171,0.50353,0.02326,25.13932,214,0,0
"MODERN FLORAL STATIONERY SET","FLORAL FOLK STATIONERY SET",0.01171,0.5847,0.02003,25.13932,214,0,0
"FELTCRAFT PRINCESS LOLA DOLL","FELTCRAFT PRINCESS CHARLOTTE DOLL",0.01396,0.61743,0.0226,25.12775,255,0,0
"FELTCRAFT PRINCESS CHARLOTTE DOLL","FELTCRAFT PRINCESS LOLA DOLL",0.01396,0.56793,0.02457,25.12775,255,0,0
"SET OF 6 TEA TIME BAKING CASES","SET OF 12 MINI LOAF BAKING CASES",0.01259,0.61008,0.02063,25.10807,230,0,0
"SET OF 12 MINI LOAF BAKING CASES","SET OF 6 TEA TIME BAKING CASES",0.01259,0.51802,0.0243,25.10807,230,0,0
"WOODEN TREE CHRISTMAS SCANDINAVIAN","WOODEN HEART CHRISTMAS SCANDINAVIAN",0.01363,0.73669,0.0185,25.02132,249,0,0
"WOODEN HEART CHRISTMAS SCANDINAVIAN","WOODEN TREE CHRISTMAS SCANDINAVIAN",0.01363,0.46283,0.02944,25.02132,249,0,0
"CHILDRENS CUTLERY POLKADOT BLUE","CHILDRENS CUTLERY RETROSPOT RED",0.01275,0.59439,0.02145,24.85411,233,0,0
"CHILDRENS CUTLERY RETROSPOT RED","CHILDRENS CUTLERY POLKADOT BLUE",0.01275,0.53318,0.02392,24.85411,233,0,0
"BLUE STRIPE CERAMIC DRAWER KNOB","RED STRIPE CERAMIC DRAWER KNOB",0.01368,0.58824,0.02326,24.59685,250,0,0
"RED STRIPE CERAMIC DRAWER KNOB","BLUE STRIPE CERAMIC DRAWER KNOB",0.01368,0.57208,0.02392,24.59685,250,0,0
"BLUE STRIPE CERAMIC DRAWER KNOB","BLUE SPOT CERAMIC DRAWER KNOB",0.01166,0.50118,0.02326,24.48662,213,0,0
"BLUE SPOT CERAMIC DRAWER KNOB","BLUE STRIPE CERAMIC DRAWER KNOB",0.01166,0.56952,0.02047,24.48662,213,0,0
"WHITE SPOT RED CERAMIC DRAWER KNOB","RED STRIPE CERAMIC DRAWER KNOB",0.01275,0.57108,0.02233,23.87944,233,0,0
"RED STRIPE CERAMIC DRAWER KNOB","WHITE SPOT RED CERAMIC DRAWER KNOB",0.01275,0.53318,0.02392,23.87944,233,0,0
"CHILDRENS CUTLERY POLKADOT GREEN","CHILDRENS CUTLERY RETROSPOT RED",0.01012,0.56923,0.01779,23.80218,185,0,0
"CHILDRENS CUTLERY RETROSPOT RED","CHILDRENS CUTLERY POLKADOT GREEN",0.01012,0.42334,0.02392,23.80218,185,0,0
"SET OF 6 SNACK LOAF BAKING CASES","SET OF 12 FAIRY CAKE BAKING CASES",0.01385,0.71469,0.01937,23.74458,253,0,0
"SET OF 12 FAIRY CAKE BAKING CASES","SET OF 6 SNACK LOAF BAKING CASES",0.01385,0.46,0.0301,23.74458,253,0,0
"REGENCY SUGAR BOWL GREEN","REGENCY TEA PLATE ROSES",0.01012,0.57453,0.01762,23.64519,185,0,0
"REGENCY TEA PLATE ROSES","REGENCY SUGAR BOWL GREEN",0.01012,0.41667,0.0243,23.64519,185,0,0
"BLUE SPOT CERAMIC DRAWER KNOB","RED STRIPE CERAMIC DRAWER KNOB",0.01138,0.55615,0.02047,23.2552,208,0,0
"RED STRIPE CERAMIC DRAWER KNOB","BLUE SPOT CERAMIC DRAWER KNOB",0.01138,0.47597,0.02392,23.2552,208,0,0
"SET OF 12 FAIRY CAKE BAKING CASES","SET OF 12 MINI LOAF BAKING CASES",0.01675,0.55636,0.0301,22.89737,306,0,0
"SET OF 12 MINI LOAF BAKING CASES","SET OF 12 FAIRY CAKE BAKING CASES",0.01675,0.68919,0.0243,22.89737,306,0,0
"SET OF 6 TEA TIME BAKING CASES","SET OF 12 FAIRY CAKE BAKING CASES",0.01417,0.687,0.02063,22.82473,259,0,0
"SET OF 12 FAIRY CAKE BAKING CASES","SET OF 6 TEA TIME BAKING CASES",0.01417,0.47091,0.0301,22.82473,259,0,0
"BLUE STRIPE CERAMIC DRAWER KNOB","WHITE SPOT BLUE CERAMIC DRAWER KNOB",0.01051,0.45176,0.02326,22.67884,192,0,0
"WHITE SPOT BLUE CERAMIC DRAWER KNOB","BLUE STRIPE CERAMIC DRAWER KNOB",0.01051,0.52747,0.01992,22.67884,192,0,0
"SMALL HEART MEASURING SPOONS","LARGE HEART MEASURING SPOONS",0.01193,0.46186,0.02583,22.6264,218,0,0
"LARGE HEART MEASURING SPOONS","SMALL HEART MEASURING SPOONS",0.01193,0.58445,0.02041,22.6264,218,0,0
"BOX OF 6 MINI 50'S CRACKERS","BOX OF 6 MINI VINTAGE CRACKERS",0.01023,0.46517,0.022,22.60672,187,0,0
"BOX OF 6 MINI VINTAGE CRACKERS","BOX OF 6 MINI 50'S CRACKERS",0.01023,0.49734,0.02058,22.60672,187,0,0
"WHITE SPOT BLUE CERAMIC DRAWER KNOB","RED STRIPE CERAMIC DRAWER KNOB",0.01062,0.53297,0.01992,22.28583,194,0,0
"RED STRIPE CERAMIC DRAWER KNOB","WHITE SPOT BLUE CERAMIC DRAWER KNOB",0.01062,0.44394,0.02392,22.28583,194,0,0
"JUMBO BAG APPLES + JUMBO BAG VINTAGE DOILY + JUMBO BAG VINTAGE LEAF","JUMBO BAG PEARS",0.01007,0.72441,0.0139,22.28474,184,0,0
"VINTAGE PAISLEY STATIONERY SET","FLORAL FOLK STATIONERY SET",0.0122,0.51147,0.02386,21.99071,223,0,0
"FLORAL FOLK STATIONERY SET","VINTAGE PAISLEY STATIONERY SET",0.0122,0.52471,0.02326,21.99071,223,0,0
"FELTCRAFT CUSHION RABBIT","FELTCRAFT CUSHION OWL",0.01188,0.56218,0.02112,21.85669,217,0,0
"FELTCRAFT CUSHION OWL","FELTCRAFT CUSHION RABBIT",0.01188,0.4617,0.02572,21.85669,217,0,0
"MODERN FLORAL STATIONERY SET","VINTAGE PAISLEY STATIONERY SET",0.0104,0.51913,0.02003,21.75684,190,0,0
"VINTAGE PAISLEY STATIONERY SET","MODERN FLORAL STATIONERY SET",0.0104,0.43578,0.02386,21.75684,190,0,0
"CHRISTMAS CRAFT LITTLE FRIENDS","CHRISTMAS CRAFT WHITE FAIRY",0.0133,0.44751,0.02972,21.69077,243,0,0
"CHRISTMAS CRAFT WHITE FAIRY","CHRISTMAS CRAFT LITTLE FRIENDS",0.0133,0.64456,0.02063,21.69077,243,0,0
"RED SPOT CERAMIC DRAWER KNOB","BLUE STRIPE CERAMIC DRAWER KNOB",0.01018,0.50407,0.02019,21.67242,186,0,0
"BLUE STRIPE CERAMIC DRAWER KNOB","RED SPOT CERAMIC DRAWER KNOB",0.01018,0.43765,0.02326,21.67242,186,0,0
"SKULL SHOULDER BAG","SUKI  SHOULDER BAG",0.01396,0.62195,0.02244,21.44324,255,0,0
"SUKI  SHOULDER BAG","SKULL SHOULDER BAG",0.01396,0.48113,0.029,21.44324,255,0,0
"HAND WARMER BIRD DESIGN + HAND WARMER OWL DESIGN","HAND WARMER SCOTTY DOG DESIGN",0.01089,0.63987,0.01702,21.37545,199,0,0
"CHRISTMAS CRAFT WHITE FAIRY","CHRISTMAS CRAFT TREE TOP ANGEL",0.01095,0.5305,0.02063,21.21203,200,0,0
"CHRISTMAS CRAFT TREE TOP ANGEL","CHRISTMAS CRAFT WHITE FAIRY",0.01095,0.43764,0.02501,21.21203,200,0,0
"FELTCRAFT CUSHION BUTTERFLY","FELTCRAFT CUSHION OWL",0.01023,0.53736,0.01904,20.89173,187,0,0
"FELTCRAFT CUSHION OWL","FELTCRAFT CUSHION BUTTERFLY",0.01023,0.39787,0.02572,20.89173,187,0,0
"BLUE DINER WALL CLOCK","RED DINER WALL CLOCK",0.0104,0.52198,0.01992,20.73501,190,0,0
"RED DINER WALL CLOCK","BLUE DINER WALL CLOCK",0.0104,0.41304,0.02517,20.73501,190,0,0
"JUMBO BAG APPLES + JUMBO BAG VINTAGE LEAF","JUMBO BAG PEARS",0.01324,0.66484,0.01992,20.45208,242,0,0
"CHRISTMAS CRAFT TREE TOP ANGEL","CHRISTMAS CRAFT LITTLE FRIENDS",0.0151,0.60394,0.02501,20.32371,276,0,0
"CHRISTMAS CRAFT LITTLE FRIENDS","CHRISTMAS CRAFT TREE TOP ANGEL",0.0151,0.50829,0.02972,20.32371,276,0,0
"CHILDRENS CUTLERY RETROSPOT RED","CHILDRENS CUTLERY POLKADOT PINK",0.01445,0.60412,0.02392,20.2924,264,0,0
"CHILDRENS CUTLERY POLKADOT PINK","CHILDRENS CUTLERY RETROSPOT RED",0.01445,0.48529,0.02977,20.2924,264,0,0
"SET 3 RETROSPOT TEA,COFFEE,SUGAR","RED SPOTTY BISCUIT TIN",0.01023,0.43488,0.02353,20.16911,187,0,0
"RED SPOTTY BISCUIT TIN","SET 3 RETROSPOT TEA,COFFEE,SUGAR",0.01023,0.47462,0.02156,20.16911,187,0,0
"WHITE SPOT RED CERAMIC DRAWER KNOB","BLUE STRIPE CERAMIC DRAWER KNOB",0.01034,0.46324,0.02233,19.91694,189,0,0
"BLUE STRIPE CERAMIC DRAWER KNOB","WHITE SPOT RED CERAMIC DRAWER KNOB",0.01034,0.44471,0.02326,19.91694,189,0,0
"REGENCY TEAPOT ROSES","REGENCY TEA PLATE ROSES",0.01089,0.47952,0.02271,19.73476,199,0,0
"REGENCY TEA PLATE ROSES","REGENCY TEAPOT ROSES",0.01089,0.4482,0.0243,19.73476,199,0,0
"BATHROOM METAL SIGN","KITCHEN METAL SIGN",0.01204,0.32689,0.03683,19.64916,220,0,0
"KITCHEN METAL SIGN","BATHROOM METAL SIGN",0.01204,0.72368,0.01664,19.64916,220,0,0
"TOILET METAL SIGN","BATHROOM METAL SIGN",0.01603,0.72346,0.02216,19.64298,293,0,0
"BATHROOM METAL SIGN","TOILET METAL SIGN",0.01603,0.43536,0.03683,19.64298,293,0,0
"HAND WARMER OWL DESIGN + HAND WARMER SCOTTY DOG DESIGN","HAND WARMER BIRD DESIGN",0.01089,0.59403,0.01833,19.62877,199,0,0
"CHARLOTTE BAG SUKI DESIGN + RED RETROSPOT CHARLOTTE BAG + WOODLAND CHARLOTTE BAG","STRAWBERRY CHARLOTTE BAG",0.01423,0.77381,0.01839,19.58424,260,0,0
"HAND WARMER BIRD DESIGN + HAND WARMER SCOTTY DOG DESIGN","HAND WARMER OWL DESIGN",0.01089,0.69825,0.0156,19.53912,199,0,0
"JUMBO BAG APPLES + JUMBO BAG VINTAGE DOILY","JUMBO BAG PEARS",0.01472,0.62998,0.02337,19.37973,269,0,0
"CHARLOTTE BAG PINK POLKADOT + CHARLOTTE BAG SUKI DESIGN + WOODLAND CHARLOTTE BAG","STRAWBERRY CHARLOTTE BAG",0.01215,0.76027,0.01598,19.24167,222,0,0
"IVORY DINER WALL CLOCK","RED DINER WALL CLOCK",0.01095,0.48193,0.02271,19.14405,200,0,0
"RED DINER WALL CLOCK","IVORY DINER WALL CLOCK",0.01095,0.43478,0.02517,19.14405,200,0,0
"CHARLOTTE BAG PINK POLKADOT + CHARLOTTE BAG SUKI DESIGN + RED RETROSPOT CHARLOTTE BAG","STRAWBERRY CHARLOTTE BAG",0.01341,0.74468,0.018,18.84703,245,0,0
"CHARLOTTE BAG PINK POLKADOT + RED RETROSPOT CHARLOTTE BAG + WOODLAND CHARLOTTE BAG","STRAWBERRY CHARLOTTE BAG",0.01324,0.74462,0.01779,18.84537,242,0,0
"CHARLOTTE BAG SUKI DESIGN + RED RETROSPOT CHARLOTTE BAG + WOODLAND CHARLOTTE BAG","CHARLOTTE BAG PINK POLKADOT",0.01374,0.74702,0.01839,18.39672,251,0,0
"HAND WARMER RED LOVE HEART","HAND WARMER UNION JACK",0.0104,0.47859,0.02173,18.29553,190,0,0
"HAND WARMER UNION JACK","HAND WARMER RED LOVE HEART",0.0104,0.39749,0.02616,18.29553,190,0,0
"RED RETROSPOT CHARLOTTE BAG + STRAWBERRY CHARLOTTE BAG + WOODLAND CHARLOTTE BAG","CHARLOTTE BAG PINK POLKADOT",0.01324,0.74006,0.0179,18.22525,242,0,0
"GREEN REGENCY TEACUP AND SAUCER + REGENCY TEA PLATE GREEN","PINK REGENCY TEACUP AND SAUCER",0.01007,0.7572,0.0133,18.20572,184,0,0
"CHARLOTTE BAG SUKI DESIGN + RED RETROSPOT CHARLOTTE BAG + STRAWBERRY CHARLOTTE BAG","CHARLOTTE BAG PINK POLKADOT",0.01341,0.73353,0.01828,18.06448,245,0,0
"CHARLOTTE BAG SUKI DESIGN + STRAWBERRY CHARLOTTE BAG + WOODLAND CHARLOTTE BAG","CHARLOTTE BAG PINK POLKADOT",0.01215,0.73267,0.01658,18.04331,222,0,0
"CHARLOTTE BAG PINK POLKADOT + CHARLOTTE BAG SUKI DESIGN + STRAWBERRY CHARLOTTE BAG","WOODLAND CHARLOTTE BAG",0.01215,0.81919,0.01483,17.99162,222,0,0
"LUNCH BAG CARS BLUE + WOODLAND CHARLOTTE BAG","STRAWBERRY CHARLOTTE BAG",0.01012,0.70342,0.01439,17.80281,185,0,0
"TRAVEL CARD WALLET VINTAGE TICKET","TRAVEL CARD WALLET KEEP CALM",0.0116,0.51961,0.02233,17.78051,212,0,0
"TRAVEL CARD WALLET KEEP CALM","TRAVEL CARD WALLET VINTAGE TICKET",0.0116,0.397,0.02922,17.78051,212,0,0
"JUMBO BAG WOODLAND ANIMALS + JUMBO SHOPPER VINTAGE RED PAISLEY","JUMBO BAG TOYS",0.01084,0.50769,0.02134,17.77215,198,0,0
"GREEN REGENCY TEACUP AND SAUCER + REGENCY CAKESTAND 3 TIER + ROSES REGENCY TEACUP AND SAUCER","PINK REGENCY TEACUP AND SAUCER",0.01647,0.73775,0.02233,17.73792,301,0,0
"EDWARDIAN PARASOL BLACK","EDWARDIAN PARASOL NATURAL",0.01078,0.51706,0.02085,17.72654,197,0,0
"EDWARDIAN PARASOL NATURAL","EDWARDIAN PARASOL BLACK",0.01078,0.36961,0.02917,17.72654,197,0,0
"CHARLOTTE BAG PINK POLKADOT + STRAWBERRY CHARLOTTE BAG + WOODLAND CHARLOTTE BAG","CHARLOTTE BAG SUKI DESIGN",0.01215,0.84411,0.01439,17.54762,222,0,0
"SKULL LUNCH BOX WITH CUTLERY","STRAWBERRY LUNCH BOX WITH CUTLERY",0.01237,0.54854,0.02255,17.52367,226,0,0
"STRAWBERRY LUNCH BOX WITH CUTLERY","SKULL LUNCH BOX WITH CUTLERY",0.01237,0.3951,0.0313,17.52367,226,0,0
"LUNCH BAG PINK POLKADOT + RED RETROSPOT CHARLOTTE BAG","CHARLOTTE BAG PINK POLKADOT",0.01067,0.70909,0.01505,17.46256,195,0,0
"JUMBO BAG VINTAGE CHRISTMAS","JUMBO BAG 50'S CHRISTMAS",0.01762,0.67932,0.02594,17.40996,322,0,0
"JUMBO BAG 50'S CHRISTMAS","JUMBO BAG VINTAGE CHRISTMAS",0.01762,0.45161,0.03902,17.40996,322,0,0
"CHARLOTTE BAG SUKI DESIGN + LUNCH BAG CARS BLUE","STRAWBERRY CHARLOTTE BAG",0.01023,0.6875,0.01489,17.39984,187,0,0
"HAND WARMER RED RETROSPOT","HAND WARMER SCOTTY DOG DESIGN",0.01116,0.52041,0.02145,17.38468,204,0,0
"HAND WARMER SCOTTY DOG DESIGN","HAND WARMER RED RETROSPOT",0.01116,0.37294,0.02993,17.38468,204,0,0
"PACK OF 72 RETROSPOT CAKE CASES + WOODLAND CHARLOTTE BAG","CHARLOTTE BAG PINK POLKADOT",0.01073,0.70504,0.01521,17.3627,196,0,0
"SET OF 60 VINTAGE LEAF CAKE CASES","SET OF 60 PANTRY DESIGN CAKE CASES",0.01242,0.5958,0.02085,17.33609,227,0,0
"SET OF 60 PANTRY DESIGN CAKE CASES","SET OF 60 VINTAGE LEAF CAKE CASES",0.01242,0.36146,0.03437,17.33609,227,0,0
"LUNCH BAG CARS BLUE + RED RETROSPOT CHARLOTTE BAG","STRAWBERRY CHARLOTTE BAG",0.01138,0.68197,0.01669,17.25982,208,0,0
"HAND WARMER BIRD DESIGN","HAND WARMER SCOTTY DOG DESIGN",0.0156,0.51537,0.03026,17.2164,285,0,0
"HAND WARMER SCOTTY DOG DESIGN","HAND WARMER BIRD DESIGN",0.0156,0.52102,0.02993,17.2164,285,0,0
"HAND WARMER OWL DESIGN","HAND WARMER SCOTTY DOG DESIGN",0.01833,0.51302,0.03574,17.13776,335,0,0
"HAND WARMER SCOTTY DOG DESIGN","HAND WARMER OWL DESIGN",0.01833,0.61243,0.02993,17.13776,335,0,0
"CHARLOTTE BAG SUKI DESIGN + RED RETROSPOT CHARLOTTE BAG + STRAWBERRY CHARLOTTE BAG","WOODLAND CHARLOTTE BAG",0.01423,0.77844,0.01828,17.09674,260,0,0
"PACK OF 72 RETROSPOT CAKE CASES + WOODLAND CHARLOTTE BAG","STRAWBERRY CHARLOTTE BAG",0.01023,0.67266,0.01521,17.02431,187,0,0
"LUNCH BAG  BLACK SKULL. + WOODLAND CHARLOTTE BAG","STRAWBERRY CHARLOTTE BAG",0.01045,0.67018,0.0156,16.96138,191,0,0
"CHARLOTTE BAG SUKI DESIGN + PACK OF 72 RETROSPOT CAKE CASES","CHARLOTTE BAG PINK POLKADOT",0.01029,0.68864,0.01494,16.95904,188,0,0
"GREEN REGENCY TEACUP AND SAUCER + ROSES REGENCY TEACUP AND SAUCER","PINK REGENCY TEACUP AND SAUCER",0.02961,0.70535,0.04197,16.95892,541,0,0
"LUNCH BAG CARS BLUE + RED RETROSPOT CHARLOTTE BAG","CHARLOTTE BAG PINK POLKADOT",0.01149,0.68852,0.01669,16.95608,210,0,0
"CHARLOTTE BAG PINK POLKADOT + WOODLAND CHARLOTTE BAG","STRAWBERRY CHARLOTTE BAG",0.01439,0.66582,0.02162,16.85122,263,0,0
"CHARLOTTE BAG SUKI DESIGN + LUNCH BAG CARS BLUE","CHARLOTTE BAG PINK POLKADOT",0.01018,0.68382,0.01489,16.84031,186,0,0
"JUMBO BAG WOODLAND ANIMALS + JUMBO STORAGE BAG SUKI","JUMBO BAG TOYS",0.01182,0.48107,0.02457,16.84018,216,0,0
"CHARLOTTE BAG SUKI DESIGN + WOODLAND CHARLOTTE BAG","STRAWBERRY CHARLOTTE BAG",0.01658,0.66447,0.02495,16.81707,303,0,0
"SINGLE HEART ZINC T-LIGHT HOLDER","HANGING HEART ZINC T-LIGHT HOLDER",0.01532,0.55336,0.02769,16.76873,280,0,0
"HANGING HEART ZINC T-LIGHT HOLDER","SINGLE HEART ZINC T-LIGHT HOLDER",0.01532,0.46434,0.033,16.76873,280,0,0
"PINK REGENCY TEACUP AND SAUCER + REGENCY TEA PLATE GREEN","GREEN REGENCY TEACUP AND SAUCER",0.01007,0.92929,0.01084,16.76305,184,0,0
"CHARLOTTE BAG PINK POLKADOT + CHARLOTTE BAG SUKI DESIGN + RED RETROSPOT CHARLOTTE BAG","WOODLAND CHARLOTTE BAG",0.01374,0.76292,0.018,16.75577,251,0,0
"HAND WARMER RED LOVE HEART","HAND WARMER SCOTTY DOG DESIGN",0.01089,0.50126,0.02173,16.745,199,0,0
"HAND WARMER SCOTTY DOG DESIGN","HAND WARMER RED LOVE HEART",0.01089,0.3638,0.02993,16.745,199,0,0
"CHARLOTTE BAG PINK POLKADOT + CHARLOTTE BAG SUKI DESIGN","STRAWBERRY CHARLOTTE BAG",0.01483,0.66098,0.02244,16.72854,271,0,0
"CHARLOTTE BAG PINK POLKADOT + PACK OF 72 RETROSPOT CAKE CASES","WOODLAND CHARLOTTE BAG",0.01073,0.75969,0.01412,16.68487,196,0,0
"CHARLOTTE BAG SUKI DESIGN + RED RETROSPOT CHARLOTTE BAG","STRAWBERRY CHARLOTTE BAG",0.01828,0.65878,0.02775,16.6729,334,0,0
"PACK OF 72 RETROSPOT CAKE CASES + RED RETROSPOT CHARLOTTE BAG","CHARLOTTE BAG PINK POLKADOT",0.01182,0.675,0.01751,16.62301,216,0,0
"LUNCH BAG WOODLAND + RED RETROSPOT CHARLOTTE BAG","WOODLAND CHARLOTTE BAG",0.01089,0.75665,0.01439,16.6182,199,0,0
"RED RETROSPOT CHARLOTTE BAG + STRAWBERRY CHARLOTTE BAG + WOODLAND CHARLOTTE BAG","CHARLOTTE BAG SUKI DESIGN",0.01423,0.79511,0.0179,16.529,260,0,0
"RED RETROSPOT CHARLOTTE BAG + STRAWBERRY CHARLOTTE BAG","CHARLOTTE BAG PINK POLKADOT",0.01784,0.67078,0.0266,16.51913,326,0,0
"CHARLOTTE BAG SUKI DESIGN + LUNCH BAG WOODLAND","WOODLAND CHARLOTTE BAG",0.01007,0.75102,0.01341,16.49447,184,0,0
"LUNCH BAG SPACEBOY DESIGN + RED RETROSPOT CHARLOTTE BAG","CHARLOTTE BAG PINK POLKADOT",0.01062,0.66897,0.01587,16.4744,194,0,0
"CHARLOTTE BAG APPLES DESIGN + RED RETROSPOT CHARLOTTE BAG","STRAWBERRY CHARLOTTE BAG",0.01171,0.65046,0.018,16.4623,214,0,0
"PINK REGENCY TEACUP AND SAUCER + REGENCY CAKESTAND 3 TIER + ROSES REGENCY TEACUP AND SAUCER","GREEN REGENCY TEACUP AND SAUCER",0.01647,0.90937,0.01811,16.40359,301,0,0
"RED RETROSPOT CHARLOTTE BAG + WOODLAND CHARLOTTE BAG","STRAWBERRY CHARLOTTE BAG",0.0179,0.64752,0.02764,16.38812,327,0,0
"CHARLOTTE BAG VINTAGE ALPHABET","CHARLOTTE BAG APPLES DESIGN",0.01335,0.52248,0.02556,16.37624,244,0,0
"CHARLOTTE BAG APPLES DESIGN","CHARLOTTE BAG VINTAGE ALPHABET",0.01335,0.41852,0.0319,16.37624,244,0,0
"CHARLOTTE BAG APPLES DESIGN + CHARLOTTE BAG SUKI DESIGN","STRAWBERRY CHARLOTTE BAG",0.01062,0.64667,0.01642,16.3664,194,0,0
"LUNCH BAG SPACEBOY DESIGN + RED RETROSPOT CHARLOTTE BAG","STRAWBERRY CHARLOTTE BAG",0.01023,0.64483,0.01587,16.31985,187,0,0
"JUMBO BAG PINK POLKADOT + JUMBO BAG WOODLAND ANIMALS","JUMBO BAG TOYS",0.01095,0.4662,0.02348,16.3197,200,0,0
"PINK REGENCY TEACUP AND SAUCER + ROSES REGENCY TEACUP AND SAUCER","GREEN REGENCY TEACUP AND SAUCER",0.02961,0.90468,0.03273,16.31911,541,0,0
"CHARLOTTE BAG PINK POLKADOT + RED RETROSPOT CHARLOTTE BAG + STRAWBERRY CHARLOTTE BAG","WOODLAND CHARLOTTE BAG",0.01324,0.74233,0.01784,16.30363,242,0,0
"CHARLOTTE BAG PINK POLKADOT + STRAWBERRY CHARLOTTE BAG + WOODLAND CHARLOTTE BAG","RED RETROSPOT CHARLOTTE BAG",0.01324,0.92015,0.01439,16.29258,242,0,0
"LUNCH BAG  BLACK SKULL. + WOODLAND CHARLOTTE BAG","CHARLOTTE BAG PINK POLKADOT",0.01029,0.65965,0.0156,16.24497,188,0,0
"GREEN REGENCY TEACUP AND SAUCER + REGENCY CAKESTAND 3 TIER","PINK REGENCY TEACUP AND SAUCER",0.01877,0.67387,0.02786,16.20215,343,0,0
"CHARLOTTE BAG SUKI DESIGN + LUNCH BAG  BLACK SKULL.","STRAWBERRY CHARLOTTE BAG",0.01067,0.63934,0.01669,16.18108,195,0,0
"LUNCH BAG  BLACK SKULL. + RED RETROSPOT CHARLOTTE BAG","STRAWBERRY CHARLOTTE BAG",0.01231,0.6392,0.01926,16.17754,225,0,0
"CHARLOTTE BAG SUKI DESIGN + PACK OF 72 RETROSPOT CAKE CASES","WOODLAND CHARLOTTE BAG",0.011,0.73626,0.01494,16.17037,201,0,0
"PACK OF 72 RETROSPOT CAKE CASES + STRAWBERRY CHARLOTTE BAG","WOODLAND CHARLOTTE BAG",0.01023,0.73622,0.0139,16.16942,187,0,0
"CHARLOTTE BAG SUKI DESIGN + STRAWBERRY CHARLOTTE BAG","CHARLOTTE BAG PINK POLKADOT",0.01483,0.65301,0.02271,16.08152,271,0,0
"CHARLOTTE BAG APPLES DESIGN + WOODLAND CHARLOTTE BAG","STRAWBERRY CHARLOTTE BAG",0.01007,0.63448,0.01587,16.05804,184,0,0
"PACK OF 72 RETROSPOT CAKE CASES + RED RETROSPOT CHARLOTTE BAG","STRAWBERRY CHARLOTTE BAG",0.01111,0.63438,0.01751,16.05531,203,0,0
"CHARLOTTE BAG PINK POLKADOT + RED RETROSPOT CHARLOTTE BAG + WOODLAND CHARLOTTE BAG","CHARLOTTE BAG SUKI DESIGN",0.01374,0.77231,0.01779,16.05504,251,0,0
"CHARLOTTE BAG SUKI DESIGN + STRAWBERRY CHARLOTTE BAG","WOODLAND CHARLOTTE BAG",0.01658,0.73012,0.02271,16.03545,303,0,0
"CHARLOTTE BAG APPLES DESIGN + RED RETROSPOT CHARLOTTE BAG","CHARLOTTE BAG PINK POLKADOT",0.01171,0.65046,0.018,16.01857,214,0,0
"CHARLOTTE BAG PINK POLKADOT + CHARLOTTE BAG SUKI DESIGN + STRAWBERRY CHARLOTTE BAG","RED RETROSPOT CHARLOTTE BAG",0.01341,0.90406,0.01483,16.00763,245,0,0
"REGENCY TEA PLATE ROSES + ROSES REGENCY TEACUP AND SAUCER","PINK REGENCY TEACUP AND SAUCER",0.01001,0.66545,0.01505,15.9998,183,0,0
"CHARLOTTE BAG SUKI DESIGN + RED RETROSPOT CHARLOTTE BAG","CHARLOTTE BAG PINK POLKADOT",0.018,0.64892,0.02775,15.98063,329,0,0
"STRAWBERRY CHARLOTTE BAG + WOODLAND CHARLOTTE BAG","CHARLOTTE BAG PINK POLKADOT",0.01439,0.64778,0.02222,15.95275,263,0,0
"LUNCH BAG SUKI DESIGN + RED RETROSPOT CHARLOTTE BAG","CHARLOTTE BAG PINK POLKADOT",0.01127,0.64375,0.01751,15.85343,206,0,0
"RED RETROSPOT CHARLOTTE BAG + WOODLAND CHARLOTTE BAG","CHARLOTTE BAG PINK POLKADOT",0.01779,0.64356,0.02764,15.84886,325,0,0
"REGENCY TEA PLATE GREEN + ROSES REGENCY TEACUP AND SAUCER","GREEN REGENCY TEACUP AND SAUCER",0.01095,0.87719,0.01248,15.82325,200,0,0
"LUNCH BAG RED RETROSPOT + WOODLAND CHARLOTTE BAG","STRAWBERRY CHARLOTTE BAG",0.01056,0.6246,0.01691,15.8078,193,0,0
"CHARLOTTE BAG PINK POLKADOT + RED RETROSPOT CHARLOTTE BAG","STRAWBERRY CHARLOTTE BAG",0.01784,0.62452,0.02857,15.80592,326,0,0
"WOOD 2 DRAWER CABINET WHITE FINISH","WOOD S/3 CABINET ANT WHITE FINISH",0.01538,0.52037,0.02955,15.79523,281,0,0
"WOOD S/3 CABINET ANT WHITE FINISH","WOOD 2 DRAWER CABINET WHITE FINISH",0.01538,0.46678,0.03294,15.79523,281,0,0
"PINK REGENCY TEACUP AND SAUCER + REGENCY CAKESTAND 3 TIER","GREEN REGENCY TEACUP AND SAUCER",0.01877,0.875,0.02145,15.78369,343,0,0
"JUMBO BAG TOYS + JUMBO SHOPPER VINTAGE RED PAISLEY","JUMBO BAG WOODLAND ANIMALS",0.01084,0.74436,0.01456,15.77924,198,0,0
"CHARLOTTE BAG SUKI DESIGN + WOODLAND CHARLOTTE BAG","CHARLOTTE BAG PINK POLKADOT",0.01598,0.64035,0.02495,15.76972,292,0,0
"LUNCH BAG SUKI DESIGN + STRAWBERRY CHARLOTTE BAG","CHARLOTTE BAG SUKI DESIGN",0.01045,0.75794,0.01379,15.75628,191,0,0
"LUNCH BAG  BLACK SKULL. + RED RETROSPOT CHARLOTTE BAG","CHARLOTTE BAG PINK POLKADOT",0.01231,0.6392,0.01926,15.74149,225,0,0
"CHOCOLATE HOT WATER BOTTLE + HOT WATER BOTTLE TEA AND SYMPATHY","HOT WATER BOTTLE I AM SO POORLY",0.01034,0.56587,0.01828,15.73837,189,0,0
"HAND WARMER BIRD DESIGN","HAND WARMER OWL DESIGN",0.01702,0.56239,0.03026,15.73736,311,0,0
"HAND WARMER OWL DESIGN","HAND WARMER BIRD DESIGN",0.01702,0.47626,0.03574,15.73736,311,0,0
"STRAWBERRY SHOPPER BAG","RED RETROSPOT SHOPPER BAG",0.01116,0.49515,0.02255,15.7353,204,0,0
"RED RETROSPOT SHOPPER BAG","STRAWBERRY SHOPPER BAG",0.01116,0.35478,0.03147,15.7353,204,0,0
"CHARLOTTE BAG APPLES DESIGN + STRAWBERRY CHARLOTTE BAG","WOODLAND CHARLOTTE BAG",0.01007,0.71318,0.01412,15.66335,184,0,0
"CHARLOTTE BAG PINK POLKADOT + CHARLOTTE BAG SUKI DESIGN","WOODLAND CHARLOTTE BAG",0.01598,0.7122,0.02244,15.64176,292,0,0
"GIN + TONIC DIET METAL SIGN + PLEASE ONE PERSON METAL SIGN","COOK WITH WINE METAL SIGN",0.01001,0.61616,0.01625,15.63767,183,0,0
"CHARLOTTE BAG APPLES DESIGN + STRAWBERRY CHARLOTTE BAG","CHARLOTTE BAG SUKI DESIGN",0.01062,0.75194,0.01412,15.63158,194,0,0
"CHARLOTTE BAG PINK POLKADOT + RED RETROSPOT CHARLOTTE BAG + STRAWBERRY CHARLOTTE BAG","CHARLOTTE BAG SUKI DESIGN",0.01341,0.75153,0.01784,15.62318,245,0,0
"GREEN REGENCY TEACUP AND SAUCER + REGENCY TEA PLATE ROSES","ROSES REGENCY TEACUP AND SAUCER",0.01111,0.90625,0.01226,15.59313,203,0,0
"CHARLOTTE BAG PINK POLKADOT + LUNCH BAG SUKI DESIGN","CHARLOTTE BAG SUKI DESIGN",0.01034,0.75,0.01379,15.5913,189,0,0
"PACK OF 60 SPACEBOY CAKE CASES","60 CAKE CASES DOLLY GIRL DESIGN",0.01056,0.37115,0.02846,15.55526,193,0,0
"60 CAKE CASES DOLLY GIRL DESIGN","PACK OF 60 SPACEBOY CAKE CASES",0.01056,0.44266,0.02386,15.55526,193,0,0
"STRAWBERRY CHARLOTTE BAG + WOODLAND CHARLOTTE BAG","CHARLOTTE BAG SUKI DESIGN",0.01658,0.74631,0.02222,15.51449,303,0,0
"PINK REGENCY TEACUP AND SAUCER + REGENCY TEA PLATE ROSES","ROSES REGENCY TEACUP AND SAUCER",0.01001,0.90148,0.01111,15.51102,183,0,0
"CHARLOTTE BAG PINK POLKADOT + LUNCH BAG RED RETROSPOT","STRAWBERRY CHARLOTTE BAG",0.01012,0.61056,0.01658,15.45261,185,0,0
"LARGE WHITE HEART OF WICKER","SMALL WHITE HEART OF WICKER",0.01631,0.53119,0.0307,15.43166,298,0,0
"SMALL WHITE HEART OF WICKER","LARGE WHITE HEART OF WICKER",0.01631,0.47377,0.03442,15.43166,298,0,0
"CHARLOTTE BAG APPLES DESIGN + CHARLOTTE BAG SUKI DESIGN","WOODLAND CHARLOTTE BAG",0.01149,0.7,0.01642,15.37392,210,0,0
"CHARLOTTE BAG PINK POLKADOT + WOODLAND CHARLOTTE BAG","CHARLOTTE BAG SUKI DESIGN",0.01598,0.73924,0.02162,15.36762,292,0,0
"HAND WARMER OWL DESIGN","HAND WARMER RED LOVE HEART",0.01193,0.33384,0.03574,15.36606,218,0,0
"HAND WARMER RED LOVE HEART","HAND WARMER OWL DESIGN",0.01193,0.54912,0.02173,15.36606,218,0,0
"JUMBO BAG TOYS + JUMBO STORAGE BAG SUKI","JUMBO BAG WOODLAND ANIMALS",0.01182,0.72483,0.01631,15.36527,216,0,0
"HOT WATER BOTTLE I AM SO POORLY + HOT WATER BOTTLE TEA AND SYMPATHY","CHOCOLATE HOT WATER BOTTLE",0.01034,0.71591,0.01445,15.35423,189,0,0
"CHARLOTTE BAG PINK POLKADOT + LUNCH BAG CARS BLUE","CHARLOTTE BAG SUKI DESIGN",0.01018,0.7381,0.01379,15.34382,186,0,0
"PINK BLUE FELT CRAFT TRINKET BOX","PINK CREAM FELT CRAFT TRINKET BOX",0.01478,0.51724,0.02857,15.34343,270,0,0
"PINK CREAM FELT CRAFT TRINKET BOX","PINK BLUE FELT CRAFT TRINKET BOX",0.01478,0.43831,0.03371,15.34343,270,0,0
"JAM MAKING SET PRINTED + ROSES REGENCY TEACUP AND SAUCER","GREEN REGENCY TEACUP AND SAUCER",0.01105,0.84519,0.01308,15.24593,202,0,0
"CHARLOTTE BAG PINK POLKADOT + STRAWBERRY CHARLOTTE BAG","WOODLAND CHARLOTTE BAG",0.01439,0.69393,0.02074,15.24064,263,0,0
"CHARLOTTE BAG PINK POLKADOT + LUNCH BAG  BLACK SKULL.","WOODLAND CHARLOTTE BAG",0.01029,0.69373,0.01483,15.23614,188,0,0
"CHARLOTTE BAG PINK POLKADOT + STRAWBERRY CHARLOTTE BAG","RED RETROSPOT CHARLOTTE BAG",0.01784,0.86016,0.02074,15.2303,326,0,0
"CHARLOTTE BAG PINK POLKADOT + CHARLOTTE BAG SUKI DESIGN + WOODLAND CHARLOTTE BAG","RED RETROSPOT CHARLOTTE BAG",0.01374,0.85959,0.01598,15.22022,251,0,0
"LUNCH BAG CARS BLUE + STRAWBERRY CHARLOTTE BAG","WOODLAND CHARLOTTE BAG",0.01012,0.69288,0.01461,15.21763,185,0,0
"CHARLOTTE BAG APPLES DESIGN + CHARLOTTE BAG PINK POLKADOT","RED RETROSPOT CHARLOTTE BAG",0.01171,0.85944,0.01363,15.21754,214,0,0
"CHARLOTTE BAG SUKI DESIGN + STRAWBERRY CHARLOTTE BAG + WOODLAND CHARLOTTE BAG","RED RETROSPOT CHARLOTTE BAG",0.01423,0.85809,0.01658,15.19361,260,0,0
"LUNCH BAG SUKI DESIGN + RED RETROSPOT CHARLOTTE BAG","STRAWBERRY CHARLOTTE BAG",0.01051,0.6,0.01751,15.18532,192,0,0
"REGENCY CAKESTAND 3 TIER + ROSES REGENCY TEACUP AND SAUCER","PINK REGENCY TEACUP AND SAUCER",0.01811,0.63048,0.02873,15.1588,331,0,0
"CHARLOTTE BAG PINK POLKADOT + PACK OF 72 RETROSPOT CAKE CASES","CHARLOTTE BAG SUKI DESIGN",0.01029,0.72868,0.01412,15.14813,188,0,0
"LUNCH BAG RED RETROSPOT + STRAWBERRY CHARLOTTE BAG","CHARLOTTE BAG PINK POLKADOT",0.01012,0.61462,0.01647,15.136,185,0,0
"60 CAKE CASES VINTAGE CHRISTMAS + PAPER CHAIN KIT 50'S CHRISTMAS","PAPER CHAIN KIT VINTAGE CHRISTMAS",0.01001,0.67528,0.01483,15.12173,183,0,0
"GREEN REGENCY TEACUP AND SAUCER + PINK REGENCY TEACUP AND SAUCER + REGENCY CAKESTAND 3 TIER","ROSES REGENCY TEACUP AND SAUCER",0.01647,0.87755,0.01877,15.09933,301,0,0
"LUNCH BAG SUKI DESIGN + WOODLAND CHARLOTTE BAG","CHARLOTTE BAG SUKI DESIGN",0.01089,0.72628,0.01499,15.09814,199,0,0
"LUNCH BAG RED RETROSPOT + WOODLAND CHARLOTTE BAG","CHARLOTTE BAG PINK POLKADOT",0.01034,0.61165,0.01691,15.06292,189,0,0
"CHARLOTTE BAG APPLES DESIGN + WOODLAND CHARLOTTE BAG","CHARLOTTE BAG SUKI DESIGN",0.01149,0.72414,0.01587,15.05367,210,0,0
"JUMBO BAG PINK POLKADOT + JUMBO BAG TOYS","JUMBO BAG WOODLAND ANIMALS",0.01095,0.70922,0.01543,15.03431,200,0,0
"PACK OF 72 RETROSPOT CAKE CASES + WOODLAND CHARLOTTE BAG","CHARLOTTE BAG SUKI DESIGN",0.011,0.72302,0.01521,15.03046,201,0,0
"HAND WARMER UNION JACK","HAND WARMER SCOTTY DOG DESIGN",0.01177,0.44979,0.02616,15.02564,215,0,0
"HAND WARMER SCOTTY DOG DESIGN","HAND WARMER UNION JACK",0.01177,0.39305,0.02993,15.02564,215,0,0
"JAM MAKING SET WITH JARS + ROSES REGENCY TEACUP AND SAUCER","GREEN REGENCY TEACUP AND SAUCER",0.01144,0.83267,0.01374,15.02011,209,0,0
"ALARM CLOCK BAKELIKE GREEN + ALARM CLOCK BAKELIKE RED","ALARM CLOCK BAKELIKE CHOCOLATE",0.01231,0.35156,0.03502,15.00958,225,0,0
"LUNCH BAG RED RETROSPOT + RED RETROSPOT CHARLOTTE BAG","CHARLOTTE BAG PINK POLKADOT",0.01313,0.60914,0.02156,15.00103,240,0,0
"PINK REGENCY TEACUP AND SAUCER","GREEN REGENCY TEACUP AND SAUCER",0.03459,0.83158,0.04159,15.00044,632,0,0
"GREEN REGENCY TEACUP AND SAUCER","PINK REGENCY TEACUP AND SAUCER",0.03459,0.62389,0.05544,15.00044,632,0,0
"CHARLOTTE BAG SUKI DESIGN + LUNCH BAG CARS BLUE","WOODLAND CHARLOTTE BAG",0.01012,0.68015,0.01489,14.93789,185,0,0
"LUNCH BAG  BLACK SKULL. + STRAWBERRY CHARLOTTE BAG","WOODLAND CHARLOTTE BAG",0.01045,0.67972,0.01538,14.92841,191,0,0
"HAND WARMER RED RETROSPOT","HAND WARMER OWL DESIGN",0.01144,0.53316,0.02145,14.91959,209,0,0
"HAND WARMER OWL DESIGN","HAND WARMER RED RETROSPOT",0.01144,0.32006,0.03574,14.91959,209,0,0
"PLASTERS IN TIN CIRCUS PARADE","PLASTERS IN TIN STRONGMAN",0.01313,0.42032,0.03125,14.91344,240,0,0
"PLASTERS IN TIN STRONGMAN","PLASTERS IN TIN CIRCUS PARADE",0.01313,0.46602,0.02818,14.91344,240,0,0
"SET OF 60 I LOVE LONDON CAKE CASES","SET OF 60 PANTRY DESIGN CAKE CASES",0.01138,0.51106,0.02227,14.87028,208,0,0
"SET OF 60 PANTRY DESIGN CAKE CASES","SET OF 60 I LOVE LONDON CAKE CASES",0.01138,0.33121,0.03437,14.87028,208,0,0
"CHARLOTTE BAG PINK POLKADOT + STRAWBERRY CHARLOTTE BAG","CHARLOTTE BAG SUKI DESIGN",0.01483,0.71504,0.02074,14.86453,271,0,0
"CHARLOTTE BAG SUKI DESIGN + LUNCH BAG  BLACK SKULL.","CHARLOTTE BAG PINK POLKADOT",0.01007,0.60328,0.01669,14.85675,184,0,0
"JUMBO BAG RED RETROSPOT + JUMBO BAG WOODLAND ANIMALS","JUMBO BAG TOYS",0.01242,0.4243,0.02928,14.85291,227,0,0
"JUMBO BAG PEARS + JUMBO BAG VINTAGE DOILY + JUMBO BAG VINTAGE LEAF","JUMBO BAG APPLES",0.01007,0.7931,0.0127,14.84875,184,0,0
"CHARLOTTE BAG PINK POLKADOT + PACK OF 72 RETROSPOT CAKE CASES","RED RETROSPOT CHARLOTTE BAG",0.01182,0.83721,0.01412,14.82396,216,0,0
"CHARLOTTE BAG PINK POLKADOT + LUNCH BAG SPACEBOY DESIGN","RED RETROSPOT CHARLOTTE BAG",0.01062,0.83621,0.0127,14.80621,194,0,0
"RED RETROSPOT CHARLOTTE BAG + STRAWBERRY CHARLOTTE BAG","WOODLAND CHARLOTTE BAG",0.0179,0.67284,0.0266,14.7774,327,0,0
"LUNCH BAG RED RETROSPOT + RED RETROSPOT CHARLOTTE BAG","STRAWBERRY CHARLOTTE BAG",0.01259,0.58376,0.02156,14.77421,230,0,0
"CHARLOTTE BAG PINK POLKADOT + LUNCH BAG CARS BLUE","RED RETROSPOT CHARLOTTE BAG",0.01149,0.83333,0.01379,14.75533,210,0,0
"CHARLOTTE BAG SUKI DESIGN + LUNCH BAG RED RETROSPOT","STRAWBERRY CHARLOTTE BAG",0.011,0.58261,0.01888,14.74516,201,0,0
"REGENCY TEA PLATE PINK","PINK REGENCY TEACUP AND SAUCER",0.01023,0.61311,0.01669,14.74138,187,0,0
"GREEN REGENCY TEACUP AND SAUCER + PINK REGENCY TEACUP AND SAUCER","ROSES REGENCY TEACUP AND SAUCER",0.02961,0.85601,0.03459,14.72874,541,0,0
"JUMBO BAG PEARS + JUMBO BAG RED RETROSPOT","JUMBO BAG APPLES",0.01248,0.78621,0.01587,14.71963,228,0,0
"CHARLOTTE BAG PINK POLKADOT + LUNCH BAG  BLACK SKULL.","RED RETROSPOT CHARLOTTE BAG",0.01231,0.83026,0.01483,14.70088,225,0,0
"CHARLOTTE BAG APPLES DESIGN + STRAWBERRY CHARLOTTE BAG","RED RETROSPOT CHARLOTTE BAG",0.01171,0.82946,0.01412,14.6867,214,0,0
"CHARLOTTE BAG SUKI DESIGN + STRAWBERRY CHARLOTTE BAG","CHARLOTTE BAG APPLES DESIGN",0.01062,0.46747,0.02271,14.65193,194,0,0
"LUNCH BAG CARS BLUE + WOODLAND CHARLOTTE BAG","CHARLOTTE BAG SUKI DESIGN",0.01012,0.70342,0.01439,14.62302,185,0,0
"LUNCH BAG SUKI DESIGN + RED RETROSPOT CHARLOTTE BAG","CHARLOTTE BAG SUKI DESIGN",0.01231,0.70312,0.01751,14.61684,225,0,0
"CHARLOTTE BAG PINK POLKADOT + WOODLAND CHARLOTTE BAG","RED RETROSPOT CHARLOTTE BAG",0.01779,0.82278,0.02162,14.56855,325,0,0
"LUNCH BAG CARS BLUE + STRAWBERRY CHARLOTTE BAG","CHARLOTTE BAG SUKI DESIGN",0.01023,0.70037,0.01461,14.55966,187,0,0
"CHARLOTTE BAG SUKI DESIGN + RED RETROSPOT CHARLOTTE BAG","WOODLAND CHARLOTTE BAG",0.01839,0.66272,0.02775,14.55519,336,0,0
"RED  HARMONICA IN BOX","BLUE HARMONICA IN BOX",0.01729,0.48024,0.03601,14.55304,316,0,0
"BLUE HARMONICA IN BOX","RED  HARMONICA IN BOX",0.01729,0.52405,0.033,14.55304,316,0,0
"PACK OF 72 RETROSPOT CAKE CASES + RED RETROSPOT CHARLOTTE BAG","WOODLAND CHARLOTTE BAG",0.0116,0.6625,0.01751,14.55032,212,0,0
"PINK REGENCY TEACUP AND SAUCER + REGENCY CAKESTAND 3 TIER","ROSES REGENCY TEACUP AND SAUCER",0.01811,0.84439,0.02145,14.52872,331,0,0
"SWEETHEART CERAMIC TRINKET BOX","STRAWBERRY CERAMIC TRINKET BOX",0.01828,0.65619,0.02786,14.51639,334,0,0
"STRAWBERRY CERAMIC TRINKET BOX","SWEETHEART CERAMIC TRINKET BOX",0.01828,0.40436,0.0452,14.51639,334,0,0
"CHARLOTTE BAG PINK POLKADOT + LUNCH BAG SUKI DESIGN","RED RETROSPOT CHARLOTTE BAG",0.01127,0.81746,0.01379,14.47428,206,0,0
"CHARLOTTE BAG SUKI DESIGN + LUNCH BAG SUKI DESIGN","STRAWBERRY CHARLOTTE BAG",0.01045,0.57186,0.01828,14.47303,191,0,0
"GARDENERS KNEELING PAD CUP OF TEA","GARDENERS KNEELING PAD KEEP CALM",0.02988,0.72127,0.04143,14.45146,546,0,0
"GARDENERS KNEELING PAD KEEP CALM","GARDENERS KNEELING PAD CUP OF TEA",0.02988,0.59868,0.04991,14.45146,546,0,0
"LUNCH BOX WITH CUTLERY RETROSPOT","STRAWBERRY LUNCH BOX WITH CUTLERY",0.01193,0.45228,0.02638,14.44852,218,0,0
"STRAWBERRY LUNCH BOX WITH CUTLERY","LUNCH BOX WITH CUTLERY RETROSPOT",0.01193,0.38112,0.0313,14.44852,218,0,0
"LUNCH BAG  BLACK SKULL. + WOODLAND CHARLOTTE BAG","CHARLOTTE BAG SUKI DESIGN",0.01084,0.69474,0.0156,14.44246,198,0,0
"ALARM CLOCK BAKELIKE CHOCOLATE + ALARM CLOCK BAKELIKE RED","ALARM CLOCK BAKELIKE GREEN",0.01231,0.77055,0.01598,14.44125,225,0,0
"CHARLOTTE BAG SUKI DESIGN + WOODLAND CHARLOTTE BAG","CHARLOTTE BAG APPLES DESIGN",0.01149,0.46053,0.02495,14.4343,210,0,0
"JUMBO BAG PEARS + JUMBO BAG VINTAGE LEAF","JUMBO BAG APPLES",0.01324,0.7707,0.01718,14.42932,242,0,0
"LUNCH BAG  BLACK SKULL. + STRAWBERRY CHARLOTTE BAG","CHARLOTTE BAG SUKI DESIGN",0.01067,0.69395,0.01538,14.42611,195,0,0
"CHARLOTTE BAG APPLES DESIGN + RED RETROSPOT CHARLOTTE BAG","WOODLAND CHARLOTTE BAG",0.01182,0.65653,0.018,14.41931,216,0,0
"LUNCH BAG CARS BLUE + RED RETROSPOT CHARLOTTE BAG","CHARLOTTE BAG SUKI DESIGN",0.01155,0.6918,0.01669,14.38148,211,0,0
"LUNCH BAG RED RETROSPOT + WOODLAND CHARLOTTE BAG","CHARLOTTE BAG SUKI DESIGN",0.01166,0.68932,0.01691,14.32987,213,0,0
"MINT KITCHEN SCALES","IVORY KITCHEN SCALES",0.01084,0.55462,0.01954,14.31441,198,0,0
"JUMBO BAG PINK POLKADOT + JUMBO BAG PINK VINTAGE PAISLEY + JUMBO BAG RED RETROSPOT","JUMBO BAG SCANDINAVIAN BLUE PAISLEY",0.01018,0.63051,0.01614,14.31215,186,0,0
"RED RETROSPOT CHARLOTTE BAG + STRAWBERRY CHARLOTTE BAG","CHARLOTTE BAG SUKI DESIGN",0.01828,0.68724,0.0266,14.28668,334,0,0
"CHARLOTTE BAG SUKI DESIGN + LUNCH BAG RED RETROSPOT","CHARLOTTE BAG PINK POLKADOT",0.01095,0.57971,0.01888,14.27634,200,0,0
"STRAWBERRY CHARLOTTE BAG + WOODLAND CHARLOTTE BAG","RED RETROSPOT CHARLOTTE BAG",0.0179,0.80542,0.02222,14.26106,327,0,0
"CHARLOTTE BAG SUKI DESIGN + LUNCH BAG  BLACK SKULL.","WOODLAND CHARLOTTE BAG",0.01084,0.64918,0.01669,14.25778,198,0,0
"CHARLOTTE BAG SUKI DESIGN + STRAWBERRY CHARLOTTE BAG","RED RETROSPOT CHARLOTTE BAG",0.01828,0.80482,0.02271,14.25045,334,0,0
"JUMBO SHOPPER VINTAGE RED PAISLEY + JUMBO STORAGE BAG SUKI","JUMBO BAG TOYS",0.01166,0.40649,0.02868,14.22944,213,0,0
"JUMBO BAG APPLES + JUMBO BAG PEARS + JUMBO BAG VINTAGE DOILY","JUMBO BAG VINTAGE LEAF",0.01007,0.68401,0.01472,14.21957,184,0,0
"CHARLOTTE BAG PINK POLKADOT + CHARLOTTE BAG SUKI DESIGN","RED RETROSPOT CHARLOTTE BAG",0.018,0.80244,0.02244,14.2083,329,0,0
"ALARM CLOCK BAKELIKE CHOCOLATE","ALARM CLOCK BAKELIKE IVORY",0.01034,0.44159,0.02342,14.20625,189,0,0
"ALARM CLOCK BAKELIKE IVORY","ALARM CLOCK BAKELIKE CHOCOLATE",0.01034,0.33275,0.03108,14.20625,189,0,0
"STRAWBERRY CHARLOTTE BAG + WOODLAND CHARLOTTE BAG","CHARLOTTE BAG APPLES DESIGN",0.01007,0.4532,0.02222,14.20473,184,0,0
"TOY TIDY PINK POLKADOT","RECYCLING BAG RETROSPOT",0.01489,0.57996,0.02567,14.18683,272,0,0
"RECYCLING BAG RETROSPOT","TOY TIDY PINK POLKADOT",0.01489,0.36412,0.04088,14.18683,272,0,0
"LUNCH BAG CARS BLUE + RED RETROSPOT CHARLOTTE BAG","WOODLAND CHARLOTTE BAG",0.01078,0.6459,0.01669,14.18577,197,0,0
"LUNCH BAG  BLACK SKULL. + STRAWBERRY CHARLOTTE BAG","RED RETROSPOT CHARLOTTE BAG",0.01231,0.80071,0.01538,14.17772,225,0,0
"BAKING SET SPACEBOY DESIGN","BAKING SET 9 PIECE RETROSPOT",0.01828,0.72138,0.02534,14.174,334,0,0
"BAKING SET 9 PIECE RETROSPOT","BAKING SET SPACEBOY DESIGN",0.01828,0.35914,0.05089,14.174,334,0,0
"GREEN REGENCY TEACUP AND SAUCER + REGENCY TEA PLATE GREEN","ROSES REGENCY TEACUP AND SAUCER",0.01095,0.82305,0.0133,14.16149,200,0,0
"PACK OF 72 RETROSPOT CAKE CASES + STRAWBERRY CHARLOTTE BAG","RED RETROSPOT CHARLOTTE BAG",0.01111,0.79921,0.0139,14.15117,203,0,0
"LUNCH BAG SPACEBOY DESIGN + STRAWBERRY CHARLOTTE BAG","RED RETROSPOT CHARLOTTE BAG",0.01023,0.79915,0.01281,14.14998,187,0,0
"ALARM CLOCK BAKELIKE CHOCOLATE + ALARM CLOCK BAKELIKE GREEN","ALARM CLOCK BAKELIKE RED",0.01231,0.81227,0.01516,14.13589,225,0,0
"CHARLOTTE BAG PINK POLKADOT + LUNCH BAG  BLACK SKULL.","CHARLOTTE BAG SUKI DESIGN",0.01007,0.67897,0.01483,14.11463,184,0,0
"ALARM CLOCK BAKELIKE PINK + ALARM CLOCK BAKELIKE RED","ALARM CLOCK BAKELIKE IVORY",0.01127,0.4383,0.02572,14.10038,206,0,0
"CHARLOTTE BAG APPLES DESIGN + RED RETROSPOT CHARLOTTE BAG","CHARLOTTE BAG SUKI DESIGN",0.0122,0.67781,0.018,14.09061,223,0,0
"ALARM CLOCK BAKELIKE GREEN + ALARM CLOCK BAKELIKE PINK","ALARM CLOCK BAKELIKE IVORY",0.01001,0.4378,0.02288,14.08433,183,0,0
"LUNCH BAG RED RETROSPOT + STRAWBERRY CHARLOTTE BAG","WOODLAND CHARLOTTE BAG",0.01056,0.6412,0.01647,14.08242,193,0,0
"SET/6 RED SPOTTY PAPER CUPS + SET/6 RED SPOTTY PAPER PLATES","SET/20 RED RETROSPOT PAPER NAPKINS",0.0145,0.75714,0.01915,14.07454,265,0,0
"RED KITCHEN SCALES","IVORY KITCHEN SCALES",0.01609,0.54344,0.02961,14.02577,294,0,0
"IVORY KITCHEN SCALES","RED KITCHEN SCALES",0.01609,0.41525,0.03875,14.02577,294,0,0
"CHARLOTTE BAG PINK POLKADOT + LUNCH BAG RED RETROSPOT","RED RETROSPOT CHARLOTTE BAG",0.01313,0.79208,0.01658,14.02487,240,0,0
"REGENCY CAKESTAND 3 TIER + ROSES REGENCY TEACUP AND SAUCER","GREEN REGENCY TEACUP AND SAUCER",0.02233,0.77714,0.02873,14.01849,408,0,0
"JUMBO BAG RED RETROSPOT + JUMBO BAG TOYS","JUMBO BAG WOODLAND ANIMALS",0.01242,0.65988,0.01883,13.98846,227,0,0
"CHARLOTTE BAG SUKI DESIGN + LUNCH BAG SUKI DESIGN","CHARLOTTE BAG PINK POLKADOT",0.01034,0.56587,0.01828,13.93546,189,0,0
"JUMBO BAG PINK POLKADOT + JUMBO SHOPPER VINTAGE RED PAISLEY","JUMBO BAG TOYS",0.01018,0.39744,0.02561,13.91254,186,0,0
"ROSES REGENCY TEACUP AND SAUCER + WHITE HANGING HEART T-LIGHT HOLDER","GREEN REGENCY TEACUP AND SAUCER",0.011,0.77011,0.01428,13.89172,201,0,0
"LUNCH BAG RED RETROSPOT + STRAWBERRY CHARLOTTE BAG","CHARLOTTE BAG SUKI DESIGN",0.011,0.66777,0.01647,13.88195,201,0,0
"RED RETROSPOT CHARLOTTE BAG + WOODLAND CHARLOTTE BAG","CHARLOTTE BAG SUKI DESIGN",0.01839,0.66535,0.02764,13.83149,336,0,0
"JUMBO BAG VINTAGE DOILY + JUMBO BAG VINTAGE LEAF","JUMBO BAG PEARS",0.0127,0.44961,0.02824,13.83126,232,0,0
"GREEN REGENCY TEACUP AND SAUCER + JAM MAKING SET WITH JARS","ROSES REGENCY TEACUP AND SAUCER",0.01144,0.80385,0.01423,13.83115,209,0,0
"HAND WARMER UNION JACK","HAND WARMER OWL DESIGN",0.01292,0.49372,0.02616,13.81595,236,0,0
"HAND WARMER OWL DESIGN","HAND WARMER UNION JACK",0.01292,0.36141,0.03574,13.81595,236,0,0
"JUMBO BAG RED RETROSPOT + ROSES REGENCY TEACUP AND SAUCER","GREEN REGENCY TEACUP AND SAUCER",0.01073,0.76562,0.01401,13.81073,196,0,0
"RED RETROSPOT CHARLOTTE BAG + STRAWBERRY CHARLOTTE BAG","CHARLOTTE BAG APPLES DESIGN",0.01171,0.44033,0.0266,13.80126,214,0,0
"LUNCH BAG CARS BLUE + STRAWBERRY CHARLOTTE BAG","RED RETROSPOT CHARLOTTE BAG",0.01138,0.77903,0.01461,13.79375,208,0,0
"GREEN REGENCY TEACUP AND SAUCER + REGENCY CAKESTAND 3 TIER","ROSES REGENCY TEACUP AND SAUCER",0.02233,0.80157,0.02786,13.79201,408,0,0
"CHARLOTTE BAG SUKI DESIGN + RED RETROSPOT CHARLOTTE BAG","CHARLOTTE BAG APPLES DESIGN",0.0122,0.43984,0.02775,13.786,223,0,0
"CHARLOTTE BAG PINK POLKADOT + LUNCH BAG PINK POLKADOT","RED RETROSPOT CHARLOTTE BAG",0.01067,0.77689,0.01374,13.75596,195,0,0
"LUNCH BAG ALPHABET DESIGN + LUNCH BAG APPLE DESIGN","LUNCH BAG VINTAGE LEAF DESIGN",0.01023,0.50134,0.02041,13.75525,187,0,0
"COOK WITH WINE METAL SIGN + PLEASE ONE PERSON METAL SIGN","GIN + TONIC DIET METAL SIGN",0.01001,0.60797,0.01647,13.74938,183,0,0
"CHOCOLATE HOT WATER BOTTLE + HOT WATER BOTTLE I AM SO POORLY","HOT WATER BOTTLE TEA AND SYMPATHY",0.01034,0.48214,0.02145,13.74446,189,0,0
"CHARLOTTE BAG SUKI DESIGN + LUNCH BAG CARS BLUE","RED RETROSPOT CHARLOTTE BAG",0.01155,0.77574,0.01489,13.73548,211,0,0
"CHARLOTTE BAG PINK POLKADOT + LUNCH BAG RED RETROSPOT","CHARLOTTE BAG SUKI DESIGN",0.01095,0.66007,0.01658,13.72171,200,0,0
"PINK FAIRY CAKE CHILDRENS APRON","CHILDRENS APRON SPACEBOY DESIGN",0.01116,0.41296,0.02703,13.71988,204,0,0
"CHILDRENS APRON SPACEBOY DESIGN","PINK FAIRY CAKE CHILDRENS APRON",0.01116,0.37091,0.0301,13.71988,204,0,0
"CHARLOTTE BAG PINK POLKADOT + LUNCH BAG RED RETROSPOT","WOODLAND CHARLOTTE BAG",0.01034,0.62376,0.01658,13.69953,189,0,0
"CHARLOTTE BAG SUKI DESIGN + LUNCH BAG SPACEBOY DESIGN","RED RETROSPOT CHARLOTTE BAG",0.01045,0.77328,0.01352,13.69199,191,0,0
"LUNCH BAG SPACEBOY DESIGN + RED RETROSPOT CHARLOTTE BAG","CHARLOTTE BAG SUKI DESIGN",0.01045,0.65862,0.01587,13.69167,191,0,0
"CHARLOTTE BAG PINK POLKADOT + RED RETROSPOT CHARLOTTE BAG","WOODLAND CHARLOTTE BAG",0.01779,0.62261,0.02857,13.67412,325,0,0
"LUNCH BAG RED RETROSPOT + RED RETROSPOT CHARLOTTE BAG","CHARLOTTE BAG SUKI DESIGN",0.01417,0.65736,0.02156,13.66547,259,0,0
"LUNCH BAG  BLACK SKULL. + RED RETROSPOT CHARLOTTE BAG","WOODLAND CHARLOTTE BAG",0.01198,0.62216,0.01926,13.66432,219,0,0
"LUNCH BAG WOODLAND + WOODLAND CHARLOTTE BAG","CHARLOTTE BAG SUKI DESIGN",0.01007,0.65714,0.01532,13.66095,184,0,0
"CHARLOTTE BAG PINK POLKADOT + JUMBO BAG RED RETROSPOT","RED RETROSPOT CHARLOTTE BAG",0.01182,0.77143,0.01532,13.65922,216,0,0
"GREEN REGENCY TEACUP AND SAUCER + JAM MAKING SET PRINTED","ROSES REGENCY TEACUP AND SAUCER",0.01105,0.79216,0.01396,13.63002,202,0,0
"JUMBO BAG PEARS + JUMBO BAG VINTAGE DOILY","JUMBO BAG APPLES",0.01472,0.72703,0.02025,13.61164,269,0,0
"LUNCH BAG  BLACK SKULL. + WOODLAND CHARLOTTE BAG","RED RETROSPOT CHARLOTTE BAG",0.01198,0.76842,0.0156,13.60597,219,0,0
"JUMBO BAG PINK POLKADOT + JUMBO STORAGE BAG SUKI","JUMBO BAG TOYS",0.01095,0.38835,0.02818,13.59446,200,0,0
"LUNCH BAG SUKI DESIGN + RED RETROSPOT CHARLOTTE BAG","WOODLAND CHARLOTTE BAG",0.01084,0.61875,0.01751,13.58945,198,0,0
"PACK OF 72 RETROSPOT CAKE CASES + RED RETROSPOT CHARLOTTE BAG","CHARLOTTE BAG SUKI DESIGN",0.01144,0.65312,0.01751,13.57742,209,0,0
"JUMBO BAG RED RETROSPOT + STRAWBERRY CHARLOTTE BAG","RED RETROSPOT CHARLOTTE BAG",0.01111,0.76604,0.0145,13.56377,203,0,0
"CHARLOTTE BAG SUKI DESIGN + LUNCH BAG RED RETROSPOT","WOODLAND CHARLOTTE BAG",0.01166,0.61739,0.01888,13.5596,213,0,0
"CHARLOTTE BAG SUKI DESIGN + PACK OF 72 RETROSPOT CAKE CASES","RED RETROSPOT CHARLOTTE BAG",0.01144,0.76557,0.01494,13.55545,209,0,0
"ALARM CLOCK BAKELIKE GREEN + ALARM CLOCK BAKELIKE IVORY","ALARM CLOCK BAKELIKE RED",0.01423,0.77844,0.01828,13.54713,260,0,0
"PINK REGENCY TEACUP AND SAUCER","ROSES REGENCY TEACUP AND SAUCER",0.03273,0.78684,0.04159,13.53857,598,0,0
"ROSES REGENCY TEACUP AND SAUCER","PINK REGENCY TEACUP AND SAUCER",0.03273,0.56309,0.05812,13.53857,598,0,0
"LUNCH BAG RED RETROSPOT + STRAWBERRY CHARLOTTE BAG","RED RETROSPOT CHARLOTTE BAG",0.01259,0.76412,0.01647,13.5298,230,0,0
"PACK OF 72 RETROSPOT CAKE CASES + WOODLAND CHARLOTTE BAG","RED RETROSPOT CHARLOTTE BAG",0.0116,0.76259,0.01521,13.50272,212,0,0
"LUNCH BAG SUKI DESIGN + STRAWBERRY CHARLOTTE BAG","RED RETROSPOT CHARLOTTE BAG",0.01051,0.7619,0.01379,13.49059,192,0,0
"JUMBO BAG PINK POLKADOT + JUMBO SHOPPER VINTAGE RED PAISLEY + JUMBO STORAGE BAG SUKI","JUMBO BAG WOODLAND ANIMALS",0.01073,0.6343,0.01691,13.44622,196,0,0
"RED RETROSPOT CHARLOTTE BAG + WOODLAND CHARLOTTE BAG","CHARLOTTE BAG APPLES DESIGN",0.01182,0.42772,0.02764,13.40614,216,0,0
"JUMBO STORAGE BAG SUKI + RECYCLING BAG RETROSPOT","JUMBO BAG WOODLAND ANIMALS",0.01023,0.63176,0.0162,13.39222,187,0,0
"JUMBO BAG RED RETROSPOT + JUMBO BAG VINTAGE LEAF","JUMBO BAG PEARS",0.01012,0.43529,0.02326,13.39079,185,0,0
"ALARM CLOCK BAKELIKE GREEN + ALARM CLOCK BAKELIKE RED","ALARM CLOCK BAKELIKE ORANGE",0.01138,0.325,0.03502,13.34545,208,0,0
"REGENCY TEA PLATE ROSES + ROSES REGENCY TEACUP AND SAUCER","GREEN REGENCY TEACUP AND SAUCER",0.01111,0.73818,0.01505,13.31569,203,0,0
"CHARLOTTE BAG SUKI DESIGN + LUNCH BAG RED RETROSPOT","RED RETROSPOT CHARLOTTE BAG",0.01417,0.75072,0.01888,13.29263,259,0,0
"LUNCH BAG  BLACK SKULL. + RED RETROSPOT CHARLOTTE BAG","CHARLOTTE BAG SUKI DESIGN",0.01231,0.6392,0.01926,13.28804,225,0,0
"LUNCH BAG CARS BLUE + WOODLAND CHARLOTTE BAG","RED RETROSPOT CHARLOTTE BAG",0.01078,0.74905,0.01439,13.26297,197,0,0
"JUMBO BAG PEARS + JUMBO BAG RED RETROSPOT","JUMBO BAG VINTAGE LEAF",0.01012,0.63793,0.01587,13.26156,185,0,0
"ALARM CLOCK BAKELIKE GREEN + ALARM CLOCK BAKELIKE ORANGE","ALARM CLOCK BAKELIKE RED",0.01138,0.7619,0.01494,13.25932,208,0,0
"ROUND SNACK BOXES SET OF4 WOODLAND","ROUND SNACK BOXES SET OF 4 FRUITS",0.01686,0.42077,0.04006,13.25627,308,0,0
"ROUND SNACK BOXES SET OF 4 FRUITS","ROUND SNACK BOXES SET OF4 WOODLAND",0.01686,0.53103,0.03174,13.25627,308,0,0
"CHARLOTTE BAG APPLES DESIGN + WOODLAND CHARLOTTE BAG","RED RETROSPOT CHARLOTTE BAG",0.01182,0.74483,0.01587,13.18821,216,0,0
"LUNCH BAG RED RETROSPOT + WOODLAND CHARLOTTE BAG","RED RETROSPOT CHARLOTTE BAG",0.01259,0.74434,0.01691,13.17952,230,0,0
"CHARLOTTE BAG APPLES DESIGN + CHARLOTTE BAG SUKI DESIGN","RED RETROSPOT CHARLOTTE BAG",0.0122,0.74333,0.01642,13.16175,223,0,0
"PLASTERS IN TIN SPACEBOY","PLASTERS IN TIN WOODLAND ANIMALS",0.01861,0.5052,0.03683,13.11297,340,0,0
"PLASTERS IN TIN WOODLAND ANIMALS","PLASTERS IN TIN SPACEBOY",0.01861,0.48295,0.03853,13.11297,340,0,0
"CHARLOTTE BAG PINK POLKADOT + RED RETROSPOT CHARLOTTE BAG","CHARLOTTE BAG SUKI DESIGN",0.018,0.63027,0.02857,13.10226,329,0,0
"CHARLOTTE BAG SUKI DESIGN + LUNCH BAG SUKI DESIGN","WOODLAND CHARLOTTE BAG",0.01089,0.59581,0.01828,13.08558,199,0,0
"ALARM CLOCK BAKELIKE GREEN + ALARM CLOCK BAKELIKE RED","ALARM CLOCK BAKELIKE IVORY",0.01423,0.40625,0.03502,13.06938,260,0,0
"60 CAKE CASES VINTAGE CHRISTMAS","SET OF 20 VINTAGE CHRISTMAS NAPKINS",0.01478,0.43619,0.03388,13.06632,270,0,0
"SET OF 20 VINTAGE CHRISTMAS NAPKINS","60 CAKE CASES VINTAGE CHRISTMAS",0.01478,0.44262,0.03338,13.06632,270,0,0
"ALARM CLOCK BAKELIKE IVORY + ALARM CLOCK BAKELIKE RED","ALARM CLOCK BAKELIKE GREEN",0.01423,0.69705,0.02041,13.06381,260,0,0
"CHARLOTTE BAG SUKI DESIGN + LUNCH BAG  BLACK SKULL.","RED RETROSPOT CHARLOTTE BAG",0.01231,0.7377,0.01669,13.06209,225,0,0
"JUMBO BAG PINK POLKADOT + JUMBO BAG PINK VINTAGE PAISLEY","JUMBO BAG SCANDINAVIAN BLUE PAISLEY",0.01193,0.5752,0.02074,13.05663,218,0,0
"SET/20 RED RETROSPOT PAPER NAPKINS","SET/6 RED SPOTTY PAPER PLATES",0.02025,0.3764,0.0538,13.05111,370,0,0
"SET/6 RED SPOTTY PAPER PLATES","SET/20 RED RETROSPOT PAPER NAPKINS",0.02025,0.70209,0.02884,13.05111,370,0,0
"CHARLOTTE BAG SUKI DESIGN + WOODLAND CHARLOTTE BAG","RED RETROSPOT CHARLOTTE BAG",0.01839,0.73684,0.02495,13.04682,336,0,0
"JUMBO BAG PEARS + JUMBO BAG VINTAGE DOILY","JUMBO BAG VINTAGE LEAF",0.0127,0.62703,0.02025,13.03489,232,0,0
"ALARM CLOCK BAKELIKE GREEN + ALARM CLOCK BAKELIKE PINK","ALARM CLOCK BAKELIKE RED",0.01713,0.7488,0.02288,13.03133,313,0,0
"ROSES REGENCY TEACUP AND SAUCER","GREEN REGENCY TEACUP AND SAUCER",0.04197,0.72222,0.05812,13.02781,767,0,0
"GREEN REGENCY TEACUP AND SAUCER","ROSES REGENCY TEACUP AND SAUCER",0.04197,0.75716,0.05544,13.02781,767,0,0
"ALARM CLOCK BAKELIKE IVORY + ALARM CLOCK BAKELIKE PINK","ALARM CLOCK BAKELIKE RED",0.01127,0.74638,0.0151,12.98909,206,0,0
"STRAWBERRY CHARLOTTE BAG","CHARLOTTE BAG PINK POLKADOT",0.02074,0.52493,0.03951,12.9273,379,0,0
"CHARLOTTE BAG PINK POLKADOT","STRAWBERRY CHARLOTTE BAG",0.02074,0.51078,0.04061,12.9273,379,0,0
"SET/6 RED SPOTTY PAPER CUPS","SET/20 RED RETROSPOT PAPER NAPKINS",0.0162,0.69484,0.02331,12.91631,296,0,0
"SET/20 RED RETROSPOT PAPER NAPKINS","SET/6 RED SPOTTY PAPER CUPS",0.0162,0.30112,0.0538,12.91631,296,0,0
"ALARM CLOCK BAKELIKE ORANGE + ALARM CLOCK BAKELIKE RED","ALARM CLOCK BAKELIKE GREEN",0.01138,0.68874,0.01653,12.90808,208,0,0
"ALARM CLOCK BAKELIKE IVORY + ALARM CLOCK BAKELIKE RED","ALARM CLOCK BAKELIKE PINK",0.01127,0.55228,0.02041,12.88862,206,0,0
"PLASTERS IN TIN CIRCUS PARADE","PLASTERS IN TIN WOODLAND ANIMALS",0.01549,0.49562,0.03125,12.86434,283,0,0
"PLASTERS IN TIN WOODLAND ANIMALS","PLASTERS IN TIN CIRCUS PARADE",0.01549,0.40199,0.03853,12.86434,283,0,0
"SPACEBOY LUNCH BOX","DOLLY GIRL LUNCH BOX",0.02944,0.59778,0.04925,12.85082,538,0,0
"DOLLY GIRL LUNCH BOX","SPACEBOY LUNCH BOX",0.02944,0.63294,0.04652,12.85082,538,0,0
"CHARLOTTE BAG PINK POLKADOT + RED RETROSPOT CHARLOTTE BAG","CHARLOTTE BAG APPLES DESIGN",0.01171,0.40996,0.02857,12.84945,214,0,0
"JUMBO BAG APPLES + JUMBO BAG RED RETROSPOT","JUMBO BAG PEARS",0.01248,0.41758,0.02988,12.84593,228,0,0
"LUNCH BAG RED RETROSPOT + RED RETROSPOT CHARLOTTE BAG","WOODLAND CHARLOTTE BAG",0.01259,0.58376,0.02156,12.82089,230,0,0
"LUNCH BAG APPLE DESIGN + LUNCH BAG VINTAGE LEAF DESIGN","LUNCH BAG ALPHABET DESIGN",0.01023,0.51801,0.01976,12.80855,187,0,0
"JUMBO BAG PEARS","JUMBO BAG APPLES",0.02222,0.6835,0.03251,12.79675,406,0,0
"JUMBO BAG APPLES","JUMBO BAG PEARS",0.02222,0.41598,0.05341,12.79675,406,0,0
"CHOCOLATE HOT WATER BOTTLE","HOT WATER BOTTLE I AM SO POORLY",0.02145,0.46009,0.04663,12.79649,392,0,0
"HOT WATER BOTTLE I AM SO POORLY","CHOCOLATE HOT WATER BOTTLE",0.02145,0.59665,0.03595,12.79649,392,0,0
"LUNCH BAG SUKI DESIGN + WOODLAND CHARLOTTE BAG","RED RETROSPOT CHARLOTTE BAG",0.01084,0.72263,0.01499,12.79513,198,0,0
"PLASTERS IN TIN CIRCUS PARADE","PLASTERS IN TIN SPACEBOY",0.01472,0.4711,0.03125,12.79119,269,0,0
"PLASTERS IN TIN SPACEBOY","PLASTERS IN TIN CIRCUS PARADE",0.01472,0.3997,0.03683,12.79119,269,0,0
"HAND WARMER UNION JACK","HAND WARMER BIRD DESIGN",0.01012,0.38703,0.02616,12.78876,185,0,0
"HAND WARMER BIRD DESIGN","HAND WARMER UNION JACK",0.01012,0.33454,0.03026,12.78876,185,0,0
"ALARM CLOCK BAKELIKE GREEN + ALARM CLOCK BAKELIKE IVORY","ALARM CLOCK BAKELIKE PINK",0.01001,0.5479,0.01828,12.78653,183,0,0
"LUNCH BAG  BLACK SKULL. + LUNCH BAG APPLE DESIGN","LUNCH BAG VINTAGE LEAF DESIGN",0.01056,0.46506,0.02271,12.75983,193,0,0
"JUMBO BAG VINTAGE DOILY + JUMBO STORAGE BAG SUKI","JUMBO BAG VINTAGE LEAF",0.01045,0.61022,0.01713,12.68557,191,0,0
"JUMBO BAG PINK POLKADOT + JUMBO BAG RED RETROSPOT + JUMBO SHOPPER VINTAGE RED PAISLEY","JUMBO BAG SCANDINAVIAN BLUE PAISLEY",0.01149,0.55556,0.02069,12.61077,210,0,0
"JUMBO BAG RED RETROSPOT + WOODLAND CHARLOTTE BAG","RED RETROSPOT CHARLOTTE BAG",0.0116,0.71141,0.01631,12.5965,212,0,0
"PINK REGENCY TEACUP AND SAUCER + ROSES REGENCY TEACUP AND SAUCER","REGENCY TEA PLATE ROSES",0.01001,0.30602,0.03273,12.59438,183,0,0
"LUNCH BAG WOODLAND + WOODLAND CHARLOTTE BAG","RED RETROSPOT CHARLOTTE BAG",0.01089,0.71071,0.01532,12.58419,199,0,0
"JUMBO BAG PINK VINTAGE PAISLEY + JUMBO BAG RED RETROSPOT","JUMBO BAG SCANDINAVIAN BLUE PAISLEY",0.01571,0.55405,0.02835,12.57668,287,0,0
"PACK OF 60 DINOSAUR CAKE CASES","PACK OF 60 SPACEBOY CAKE CASES",0.01171,0.35667,0.03284,12.5334,214,0,0
"PACK OF 60 SPACEBOY CAKE CASES","PACK OF 60 DINOSAUR CAKE CASES",0.01171,0.41154,0.02846,12.5334,214,0,0
"REGENCY TEA PLATE GREEN","PINK REGENCY TEACUP AND SAUCER",0.01084,0.52105,0.0208,12.52789,198,0,0
"JUMBO BAG RED RETROSPOT + RED RETROSPOT CHARLOTTE BAG","CHARLOTTE BAG PINK POLKADOT",0.01182,0.50824,0.02326,12.51615,216,0,0
"ALARM CLOCK BAKELIKE PINK + ALARM CLOCK BAKELIKE RED","ALARM CLOCK BAKELIKE GREEN",0.01713,0.66596,0.02572,12.48107,313,0,0
"LUNCH BAG APPLE DESIGN + LUNCH BAG SUKI DESIGN","LUNCH BAG VINTAGE LEAF DESIGN",0.01116,0.45434,0.02457,12.46578,204,0,0
"CHARLOTTE BAG PINK POLKADOT","RED RETROSPOT CHARLOTTE BAG",0.02857,0.7035,0.04061,12.45652,522,0,0
"RED RETROSPOT CHARLOTTE BAG","CHARLOTTE BAG PINK POLKADOT",0.02857,0.50581,0.05648,12.45652,522,0,0
"ALARM CLOCK BAKELIKE IVORY + ALARM CLOCK BAKELIKE PINK","ALARM CLOCK BAKELIKE GREEN",0.01001,0.66304,0.0151,12.42645,183,0,0
"JUMBO BAG RED RETROSPOT + LUNCH BAG APPLE DESIGN","JUMBO BAG APPLES",0.01073,0.66216,0.0162,12.39722,196,0,0
"JUMBO BAG APPLES + JUMBO BAG PEARS","JUMBO BAG VINTAGE LEAF",0.01324,0.59606,0.02222,12.39111,242,0,0
"JUMBO BAG VINTAGE LEAF + LUNCH BAG VINTAGE DOILY","JUMBO BAG VINTAGE DOILY",0.01346,0.8339,0.01614,12.38847,246,0,0
"JUMBO BAG APPLES + JUMBO BAG VINTAGE DOILY","JUMBO BAG VINTAGE LEAF",0.0139,0.59485,0.02337,12.36593,254,0,0
"JUMBO BAG TOYS + JUMBO SHOPPER VINTAGE RED PAISLEY","JUMBO STORAGE BAG SUKI",0.01166,0.80075,0.01456,12.35823,213,0,0
"STRAWBERRY CHARLOTTE BAG","WOODLAND CHARLOTTE BAG",0.02222,0.56233,0.03951,12.35024,406,0,0
"WOODLAND CHARLOTTE BAG","STRAWBERRY CHARLOTTE BAG",0.02222,0.48798,0.04553,12.35024,406,0,0
"JUMBO BAG APPLES + LUNCH BAG VINTAGE DOILY","LUNCH BAG APPLE DESIGN",0.01012,0.69811,0.0145,12.32524,185,0,0
"LUNCH BAG APPLE DESIGN + LUNCH BAG VINTAGE DOILY","LUNCH BAG VINTAGE LEAF DESIGN",0.01084,0.44898,0.02413,12.31862,198,0,0
"JUMBO BAG PINK POLKADOT + JUMBO BAG RED RETROSPOT + JUMBO BAG SCANDINAVIAN BLUE PAISLEY","JUMBO BAG PINK VINTAGE PAISLEY",0.01018,0.58307,0.01746,12.31731,186,0,0
"JUMBO BAG PINK VINTAGE PAISLEY + JUMBO SHOPPER VINTAGE RED PAISLEY","JUMBO BAG SCANDINAVIAN BLUE PAISLEY",0.01237,0.54197,0.02282,12.3023,226,0,0
"JUMBO BAG RED RETROSPOT + JUMBO SHOPPER VINTAGE RED PAISLEY + JUMBO STORAGE BAG SUKI","JUMBO BAG SCANDINAVIAN BLUE PAISLEY",0.01155,0.54103,0.02134,12.28095,211,0,0
"JUMBO BAG PINK VINTAGE PAISLEY + JUMBO STORAGE BAG SUKI","JUMBO BAG SCANDINAVIAN BLUE PAISLEY",0.01084,0.54098,0.02003,12.27999,198,0,0
"COOK WITH WINE METAL SIGN + GIN + TONIC DIET METAL SIGN","PLEASE ONE PERSON METAL SIGN",0.01001,0.55793,0.01795,12.20958,183,0,0
"JUMBO BAG PINK POLKADOT + JUMBO BAG RED RETROSPOT + JUMBO SHOPPER VINTAGE RED PAISLEY","JUMBO BAG WOODLAND ANIMALS",0.01188,0.57407,0.02069,12.16944,217,0,0
"LUNCH BAG SUKI DESIGN + LUNCH BAG VINTAGE LEAF DESIGN","LUNCH BAG APPLE DESIGN",0.01116,0.68919,0.0162,12.16769,204,0,0
"ALARM CLOCK BAKELIKE CHOCOLATE","ALARM CLOCK BAKELIKE GREEN",0.01516,0.6472,0.02342,12.12945,277,0,0
"PLASTERS IN TIN STRONGMAN","PLASTERS IN TIN VINTAGE PAISLEY",0.01056,0.37476,0.02818,12.09883,193,0,0
"PLASTERS IN TIN VINTAGE PAISLEY","PLASTERS IN TIN STRONGMAN",0.01056,0.34099,0.03097,12.09883,193,0,0
"JUMBO BAG RED RETROSPOT + RED RETROSPOT CHARLOTTE BAG","STRAWBERRY CHARLOTTE BAG",0.01111,0.47765,0.02326,12.0887,203,0,0
"JUMBO BAG ALPHABET + JUMBO BAG VINTAGE DOILY","JUMBO BAG VINTAGE LEAF",0.01177,0.58108,0.02025,12.07974,215,0,0
"SET OF 3 HEART COOKIE CUTTERS","SET OF 3 BUTTERFLY COOKIE CUTTERS",0.01702,0.45468,0.03743,12.07607,311,0,0
"SET OF 3 BUTTERFLY COOKIE CUTTERS","SET OF 3 HEART COOKIE CUTTERS",0.01702,0.45203,0.03765,12.07607,311,0,0
"JUMBO BAG PINK POLKADOT + JUMBO BAG SPACEBOY DESIGN","JUMBO BAG WOODLAND ANIMALS",0.01056,0.56932,0.01855,12.06869,193,0,0
"JUMBO BAG RED RETROSPOT + JUMBO SHOPPER VINTAGE RED PAISLEY + JUMBO STORAGE BAG SUKI","JUMBO BAG WOODLAND ANIMALS",0.01215,0.56923,0.02134,12.06677,222,0,0
"JUMBO BAG PINK POLKADOT + JUMBO BAG SCANDINAVIAN BLUE PAISLEY","JUMBO BAG PINK VINTAGE PAISLEY",0.01193,0.57068,0.02091,12.05555,218,0,0
"JUMBO BAG SPACEBOY DESIGN + JUMBO STORAGE BAG SUKI","JUMBO BAG WOODLAND ANIMALS",0.01073,0.56812,0.01888,12.04314,196,0,0
"LUNCH BAG APPLE DESIGN + LUNCH BAG SPACEBOY DESIGN","LUNCH BAG ALPHABET DESIGN",0.01045,0.48601,0.02151,12.01728,191,0,0
"JUMBO BAG PINK POLKADOT + JUMBO BAG RED RETROSPOT + JUMBO STORAGE BAG SUKI","JUMBO BAG WOODLAND ANIMALS",0.01281,0.56659,0.0226,12.0107,234,0,0
"JUMBO BAG PINK POLKADOT + JUMBO BAG WOODLAND ANIMALS","JUMBO BAG SPACEBOY DESIGN",0.01056,0.44988,0.02348,12.00105,193,0,0
"ALARM CLOCK BAKELIKE CHOCOLATE","ALARM CLOCK BAKELIKE PINK",0.01204,0.51402,0.02342,11.99574,220,0,0
"PLASTERS IN TIN STRONGMAN","PLASTERS IN TIN WOODLAND ANIMALS",0.01302,0.46214,0.02818,11.99518,238,0,0
"PLASTERS IN TIN WOODLAND ANIMALS","PLASTERS IN TIN STRONGMAN",0.01302,0.33807,0.03853,11.99518,238,0,0
"JUMBO BAG VINTAGE DOILY + LUNCH BAG APPLE DESIGN","JUMBO BAG APPLES",0.01067,0.63934,0.01669,11.97002,195,0,0
"CHARLOTTE BAG SUKI DESIGN","STRAWBERRY CHARLOTTE BAG",0.02271,0.47213,0.0481,11.94901,415,0,0
"STRAWBERRY CHARLOTTE BAG","CHARLOTTE BAG SUKI DESIGN",0.02271,0.57479,0.03951,11.94901,415,0,0
"CHARLOTTE BAG SUKI DESIGN + LUNCH BAG SUKI DESIGN","RED RETROSPOT CHARLOTTE BAG",0.01231,0.67365,0.01828,11.92796,225,0,0
"STRAWBERRY CHARLOTTE BAG","RED RETROSPOT CHARLOTTE BAG",0.0266,0.67313,0.03951,11.91871,486,0,0
"RED RETROSPOT CHARLOTTE BAG","STRAWBERRY CHARLOTTE BAG",0.0266,0.47093,0.05648,11.91871,486,0,0
"JUMBO BAG PINK POLKADOT + JUMBO BAG WOODLAND ANIMALS + JUMBO SHOPPER VINTAGE RED PAISLEY","JUMBO STORAGE BAG SUKI",0.01073,0.77165,0.0139,11.90914,196,0,0
"JUMBO BAG SCANDINAVIAN BLUE PAISLEY + JUMBO SHOPPER VINTAGE RED PAISLEY","JUMBO BAG PINK VINTAGE PAISLEY",0.01237,0.56219,0.022,11.87616,226,0,0
"ALARM CLOCK BAKELIKE CHOCOLATE","ALARM CLOCK BAKELIKE RED",0.01598,0.68224,0.02342,11.87298,292,0,0
"LUNCH BAG RED RETROSPOT + LUNCH BAG VINTAGE LEAF DESIGN","LUNCH BAG APPLE DESIGN",0.01122,0.67213,0.01669,11.86652,205,0,0
"JUMBO BAG ALPHABET + JUMBO STORAGE BAG SUKI","JUMBO BAG APPLES",0.01012,0.63356,0.01598,11.86175,185,0,0
"LUNCH BAG ALPHABET DESIGN + LUNCH BAG VINTAGE LEAF DESIGN","LUNCH BAG APPLE DESIGN",0.01023,0.67025,0.01527,11.83333,187,0,0
"JUMBO BAG RED RETROSPOT + LUNCH BAG VINTAGE DOILY","JUMBO BAG VINTAGE DOILY",0.01363,0.79553,0.01713,11.81843,249,0,0
"ALARM CLOCK BAKELIKE ORANGE","ALARM CLOCK BAKELIKE RED",0.01653,0.67865,0.02435,11.81048,302,0,0
"JUMBO BAG VINTAGE DOILY + LUNCH BAG RED RETROSPOT","LUNCH BAG VINTAGE DOILY",0.01248,0.70588,0.01768,11.76878,228,0,0
"LUNCH BAG PINK POLKADOT + LUNCH BAG RED RETROSPOT + LUNCH BAG SPACEBOY DESIGN","LUNCH BAG WOODLAND",0.0104,0.65292,0.01593,11.7661,190,0,0
"PLASTERS IN TIN STRONGMAN","PLASTERS IN TIN SPACEBOY",0.0122,0.43301,0.02818,11.75689,223,0,0
"PLASTERS IN TIN SPACEBOY","PLASTERS IN TIN STRONGMAN",0.0122,0.33135,0.03683,11.75689,223,0,0
"JUMBO BAG SCANDINAVIAN BLUE PAISLEY + JUMBO STORAGE BAG SUKI","JUMBO BAG PINK VINTAGE PAISLEY",0.01084,0.55618,0.01948,11.74922,198,0,0
"JUMBO BAG TOYS","JUMBO BAG WOODLAND ANIMALS",0.01582,0.55364,0.02857,11.73627,289,0,0
"JUMBO BAG WOODLAND ANIMALS","JUMBO BAG TOYS",0.01582,0.33527,0.04717,11.73627,289,0,0
"CHARLOTTE BAG PINK POLKADOT","WOODLAND CHARLOTTE BAG",0.02162,0.53235,0.04061,11.69176,395,0,0
"WOODLAND CHARLOTTE BAG","CHARLOTTE BAG PINK POLKADOT",0.02162,0.47476,0.04553,11.69176,395,0,0
"LUNCH BAG  BLACK SKULL. + LUNCH BAG CARS BLUE + LUNCH BAG RED RETROSPOT","LUNCH BAG PINK POLKADOT",0.01231,0.69659,0.01768,11.68859,225,0,0
"LOVE HOT WATER BOTTLE","HOT WATER BOTTLE KEEP CALM",0.01292,0.49684,0.02599,11.6694,236,0,0
"HOT WATER BOTTLE KEEP CALM","LOVE HOT WATER BOTTLE",0.01292,0.30334,0.04258,11.6694,236,0,0
"JUMBO BAG WOODLAND ANIMALS + JUMBO STORAGE BAG SUKI","JUMBO BAG SPACEBOY DESIGN",0.01073,0.43653,0.02457,11.64472,196,0,0
"LUNCH BAG  BLACK SKULL. + LUNCH BAG VINTAGE LEAF DESIGN","LUNCH BAG APPLE DESIGN",0.01056,0.6587,0.01603,11.62945,193,0,0
"CHARLOTTE BAG DOLLY GIRL DESIGN","CHARLOTTE BAG SUKI DESIGN",0.0127,0.55904,0.02271,11.62146,232,0,0
"JUMBO BAG RED RETROSPOT + JUMBO BAG SCANDINAVIAN BLUE PAISLEY + JUMBO STORAGE BAG SUKI","JUMBO SHOPPER VINTAGE RED PAISLEY",0.01155,0.74558,0.01549,11.6048,211,0,0
"60 CAKE CASES VINTAGE CHRISTMAS + PAPER CHAIN KIT VINTAGE CHRISTMAS","PAPER CHAIN KIT 50'S CHRISTMAS",0.01001,0.732,0.01368,11.6009,183,0,0
"JUMBO BAG DOLLY GIRL DESIGN","JUMBO BAG SPACEBOY DESIGN",0.01067,0.43333,0.02463,11.55956,195,0,0
"LUNCH BAG  BLACK SKULL. + LUNCH BAG APPLE DESIGN","LUNCH BAG ALPHABET DESIGN",0.01062,0.46747,0.02271,11.55897,194,0,0
"LUNCH BAG APPLE DESIGN + LUNCH BAG RED RETROSPOT","LUNCH BAG VINTAGE LEAF DESIGN",0.01122,0.42094,0.02665,11.54943,205,0,0
"JUMBO BAG RED RETROSPOT + JUMBO BAG WOODLAND ANIMALS + JUMBO SHOPPER VINTAGE RED PAISLEY","JUMBO STORAGE BAG SUKI",0.01215,0.74747,0.01625,11.53598,222,0,0
"REGENCY TEA PLATE GREEN","GREEN REGENCY TEACUP AND SAUCER",0.0133,0.63947,0.0208,11.53515,243,0,0
"JUMBO BAG TOYS + JUMBO BAG WOODLAND ANIMALS","JUMBO STORAGE BAG SUKI",0.01182,0.7474,0.01582,11.53491,216,0,0
"CHARLOTTE BAG SUKI DESIGN + JUMBO BAG RED RETROSPOT","RED RETROSPOT CHARLOTTE BAG",0.01155,0.65123,0.01773,11.53102,211,0,0
"CHARLOTTE BAG DOLLY GIRL DESIGN","STRAWBERRY CHARLOTTE BAG",0.01034,0.45542,0.02271,11.52621,189,0,0
"LUNCH BAG CARS BLUE + LUNCH BAG RED RETROSPOT + LUNCH BAG SPACEBOY DESIGN","LUNCH BAG WOODLAND",0.01029,0.63946,0.01609,11.52345,188,0,0
"CHARLOTTE BAG DOLLY GIRL DESIGN","CHARLOTTE BAG PINK POLKADOT",0.01062,0.46747,0.02271,11.51223,194,0,0
"JUMBO BAG VINTAGE DOILY + LUNCH BAG  BLACK SKULL.","LUNCH BAG VINTAGE DOILY",0.01012,0.6903,0.01467,11.50896,185,0,0
"JUMBO BAG PINK POLKADOT + JUMBO SHOPPER VINTAGE RED PAISLEY","JUMBO BAG WOODLAND ANIMALS",0.0139,0.54274,0.02561,11.5051,254,0,0
"ALARM CLOCK BAKELIKE ORANGE","ALARM CLOCK BAKELIKE GREEN",0.01494,0.61348,0.02435,11.49762,273,0,0
"PACK OF 60 PINK PAISLEY CAKE CASES + PACK OF 72 RETROSPOT CAKE CASES","60 TEATIME FAIRY CAKE CASES",0.01226,0.52093,0.02353,11.49633,224,0,0
"JUMBO BAG PINK POLKADOT + JUMBO SHOPPER VINTAGE RED PAISLEY","JUMBO BAG SCANDINAVIAN BLUE PAISLEY",0.01297,0.50641,0.02561,11.4952,237,0,0
"CHARLOTTE BAG PINK POLKADOT","CHARLOTTE BAG SUKI DESIGN",0.02244,0.55256,0.04061,11.48685,410,0,0
"CHARLOTTE BAG SUKI DESIGN","CHARLOTTE BAG PINK POLKADOT",0.02244,0.46644,0.0481,11.48685,410,0,0
"HOT WATER BOTTLE TEA AND SYMPATHY","HOT WATER BOTTLE I AM SO POORLY",0.01445,0.41186,0.03508,11.45488,264,0,0
"HOT WATER BOTTLE I AM SO POORLY","HOT WATER BOTTLE TEA AND SYMPATHY",0.01445,0.40183,0.03595,11.45488,264,0,0
"LUNCH BAG ALPHABET DESIGN + LUNCH BAG RED RETROSPOT","LUNCH BAG APPLE DESIGN",0.011,0.64839,0.01696,11.44732,201,0,0
"JUMBO BAG PINK POLKADOT + JUMBO STORAGE BAG SUKI","JUMBO BAG WOODLAND ANIMALS",0.01521,0.53981,0.02818,11.44301,278,0,0
"ALARM CLOCK BAKELIKE IVORY","ALARM CLOCK BAKELIKE RED",0.02041,0.65669,0.03108,11.42828,373,0,0
"ALARM CLOCK BAKELIKE RED","ALARM CLOCK BAKELIKE IVORY",0.02041,0.35524,0.05746,11.42828,373,0,0
"ALARM CLOCK BAKELIKE RED","ALARM CLOCK BAKELIKE GREEN",0.03502,0.60952,0.05746,11.42341,640,0,0
"ALARM CLOCK BAKELIKE GREEN","ALARM CLOCK BAKELIKE RED",0.03502,0.65641,0.05336,11.42341,640,0,0
"ALARM CLOCK BAKELIKE GREEN + ALARM CLOCK BAKELIKE RED","ALARM CLOCK BAKELIKE PINK",0.01713,0.48906,0.03502,11.41333,313,0,0
"60 TEATIME FAIRY CAKE CASES + PACK OF 72 RETROSPOT CAKE CASES","PACK OF 72 SKULL CAKE CASES",0.01023,0.4128,0.02479,11.41174,187,0,0
"JUMBO BAG RED RETROSPOT + JUMBO STORAGE BAG SUKI","JUMBO BAG TOYS",0.01292,0.32597,0.03962,11.41071,236,0,0
"WOODLAND CHARLOTTE BAG","CHARLOTTE BAG SUKI DESIGN",0.02495,0.54808,0.04553,11.39364,456,0,0
"CHARLOTTE BAG SUKI DESIGN","WOODLAND CHARLOTTE BAG",0.02495,0.51877,0.0481,11.39364,456,0,0
"JUMBO BAG SCANDINAVIAN BLUE PAISLEY + JUMBO STORAGE BAG SUKI","JUMBO BAG WOODLAND ANIMALS",0.01045,0.53652,0.01948,11.37329,191,0,0
"PLASTERS IN TIN SKULLS","PLASTERS IN TIN VINTAGE PAISLEY",0.01078,0.35179,0.03065,11.35721,197,0,0
"PLASTERS IN TIN VINTAGE PAISLEY","PLASTERS IN TIN SKULLS",0.01078,0.34806,0.03097,11.35721,197,0,0
"ALARM CLOCK BAKELIKE IVORY","ALARM CLOCK BAKELIKE PINK",0.0151,0.48592,0.03108,11.33989,276,0,0
"ALARM CLOCK BAKELIKE PINK","ALARM CLOCK BAKELIKE IVORY",0.0151,0.35249,0.04285,11.33989,276,0,0
"ALARM CLOCK BAKELIKE ORANGE","ALARM CLOCK BAKELIKE PINK",0.01182,0.48539,0.02435,11.3277,216,0,0
"LUNCH BAG ALPHABET DESIGN + LUNCH BAG SUKI DESIGN","LUNCH BAG APPLE DESIGN",0.01122,0.64062,0.01751,11.31028,205,0,0
"LUNCH BAG  BLACK SKULL. + LUNCH BAG ALPHABET DESIGN","LUNCH BAG APPLE DESIGN",0.01062,0.64026,0.01658,11.30391,194,0,0
"JUMBO BAG APPLES + JUMBO BAG PEARS + JUMBO BAG VINTAGE LEAF","JUMBO BAG VINTAGE DOILY",0.01007,0.76033,0.01324,11.29555,184,0,0
"LUNCH BAG APPLE DESIGN + LUNCH BAG SUKI DESIGN","LUNCH BAG ALPHABET DESIGN",0.01122,0.45657,0.02457,11.28945,205,0,0
"CHARLOTTE BAG DOLLY GIRL DESIGN","WOODLAND CHARLOTTE BAG",0.01166,0.51325,0.02271,11.27244,213,0,0
"JUMBO BAG RED RETROSPOT + JUMBO BAG VINTAGE DOILY","JUMBO BAG PEARS",0.01155,0.36568,0.03158,11.24942,211,0,0
"CHARLOTTE BAG VINTAGE ALPHABET","STRAWBERRY CHARLOTTE BAG",0.01133,0.44325,0.02556,11.21828,207,0,0
"LUNCH BAG RED RETROSPOT + LUNCH BAG SPACEBOY DESIGN","LUNCH BAG DOLLY GIRL DESIGN",0.01281,0.41786,0.03065,11.21219,234,0,0
"JUMBO BAG RED RETROSPOT + JUMBO BAG SCANDINAVIAN BLUE PAISLEY","JUMBO BAG PINK VINTAGE PAISLEY",0.01571,0.5305,0.02961,11.20672,287,0,0
"JUMBO BAG VINTAGE DOILY + LUNCH BAG APPLE DESIGN","LUNCH BAG VINTAGE DOILY",0.01122,0.67213,0.01669,11.20607,205,0,0
"CHARLOTTE BAG APPLES DESIGN","STRAWBERRY CHARLOTTE BAG",0.01412,0.44254,0.0319,11.20015,258,0,0
"STRAWBERRY CHARLOTTE BAG","CHARLOTTE BAG APPLES DESIGN",0.01412,0.35734,0.03951,11.20015,258,0,0
"LUNCH BAG VINTAGE DOILY + LUNCH BAG WOODLAND","LUNCH BAG APPLE DESIGN",0.01029,0.633,0.01625,11.1756,188,0,0
"HOT WATER BOTTLE TEA AND SYMPATHY","CHOCOLATE HOT WATER BOTTLE",0.01828,0.52106,0.03508,11.17529,334,0,0
"CHOCOLATE HOT WATER BOTTLE","HOT WATER BOTTLE TEA AND SYMPATHY",0.01828,0.39202,0.04663,11.17529,334,0,0
"JUMBO BAG WOODLAND ANIMALS + JUMBO SHOPPER VINTAGE RED PAISLEY","JUMBO BAG SCANDINAVIAN BLUE PAISLEY",0.01051,0.49231,0.02134,11.17508,192,0,0
"JUMBO BAG RED RETROSPOT + JUMBO SHOPPER VINTAGE RED PAISLEY","JUMBO BAG TOYS",0.01188,0.31912,0.03721,11.17095,217,0,0
"REGENCY TEA PLATE GREEN + REGENCY TEA PLATE ROSES","ROSES REGENCY TEACUP AND SAUCER",0.01133,0.6489,0.01746,11.16516,207,0,0
"VINTAGE HEADS AND TAILS CARD GAME","VINTAGE SNAP CARDS",0.01872,0.56343,0.03322,11.14231,342,0,0
"VINTAGE SNAP CARDS","VINTAGE HEADS AND TAILS CARD GAME",0.01872,0.37013,0.05057,11.14231,342,0,0
"PACK OF 60 DINOSAUR CAKE CASES","72 SWEETHEART FAIRY CAKE CASES",0.01231,0.375,0.03284,11.14207,225,0,0
"72 SWEETHEART FAIRY CAKE CASES","PACK OF 60 DINOSAUR CAKE CASES",0.01231,0.36585,0.03366,11.14207,225,0,0
"LUNCH BAG SPACEBOY DESIGN + LUNCH BAG SUKI DESIGN","LUNCH BAG DOLLY GIRL DESIGN",0.01209,0.41463,0.02917,11.12571,221,0,0
"JUMBO BAG TOYS + JUMBO STORAGE BAG SUKI","JUMBO SHOPPER VINTAGE RED PAISLEY",0.01166,0.71477,0.01631,11.12513,213,0,0
"JUMBO SHOPPER VINTAGE RED PAISLEY + JUMBO STORAGE BAG SUKI","JUMBO BAG WOODLAND ANIMALS",0.01505,0.52481,0.02868,11.1251,275,0,0
"HAND OVER THE CHOCOLATE   SIGN","COOK WITH WINE METAL SIGN",0.01614,0.43834,0.03683,11.1246,295,0,0
"COOK WITH WINE METAL SIGN","HAND OVER THE CHOCOLATE   SIGN",0.01614,0.40972,0.0394,11.1246,295,0,0
"JUMBO BAG PINK VINTAGE PAISLEY + JUMBO STORAGE BAG SUKI","JUMBO BAG WOODLAND ANIMALS",0.01051,0.52459,0.02003,11.12046,192,0,0
"LOVE BUILDING BLOCK WORD","HOME BUILDING BLOCK WORD",0.01625,0.47218,0.03442,11.1187,297,0,0
"HOME BUILDING BLOCK WORD","LOVE BUILDING BLOCK WORD",0.01625,0.38273,0.04247,11.1187,297,0,0
"JUMBO  BAG BAROQUE BLACK WHITE + JUMBO SHOPPER VINTAGE RED PAISLEY","JUMBO BAG SCANDINAVIAN BLUE PAISLEY",0.01127,0.48931,0.02304,11.10706,206,0,0
"JUMBO BAG APPLES + LUNCH BAG VINTAGE DOILY","JUMBO BAG VINTAGE DOILY",0.01084,0.74717,0.0145,11.10003,198,0,0
"JUMBO BAG SPACEBOY DESIGN + JUMBO SHOPPER VINTAGE RED PAISLEY","JUMBO STORAGE BAG SUKI",0.01078,0.71898,0.01499,11.09619,197,0,0
"LUNCH BAG ALPHABET DESIGN + LUNCH BAG SPACEBOY DESIGN","LUNCH BAG APPLE DESIGN",0.01045,0.62829,0.01664,11.0925,191,0,0
"LUNCH BAG SPACEBOY DESIGN + LUNCH BAG WOODLAND","LUNCH BAG DOLLY GIRL DESIGN",0.01084,0.41336,0.02621,11.09155,198,0,0
"JUMBO BAG WOODLAND ANIMALS + JUMBO STORAGE BAG SUKI","JUMBO STORAGE BAG SKULLS",0.01045,0.42539,0.02457,11.07286,191,0,0
"PACK OF 72 RETROSPOT CAKE CASES + PACK OF 72 SKULL CAKE CASES","60 TEATIME FAIRY CAKE CASES",0.01023,0.50134,0.02041,11.064,187,0,0
"PACK OF 60 SPACEBOY CAKE CASES","PACK OF 72 SKULL CAKE CASES",0.01138,0.4,0.02846,11.05779,208,0,0
"PACK OF 72 SKULL CAKE CASES","PACK OF 60 SPACEBOY CAKE CASES",0.01138,0.31467,0.03617,11.05779,208,0,0
"JUMBO STORAGE BAG SKULLS + JUMBO STORAGE BAG SUKI","JUMBO BAG WOODLAND ANIMALS",0.01045,0.52044,0.02008,11.0324,191,0,0
"ALARM CLOCK BAKELIKE IVORY","ALARM CLOCK BAKELIKE GREEN",0.01828,0.58803,0.03108,11.02055,334,0,0
"ALARM CLOCK BAKELIKE GREEN","ALARM CLOCK BAKELIKE IVORY",0.01828,0.34256,0.05336,11.02055,334,0,0
"JUMBO BAG OWLS + JUMBO BAG RED RETROSPOT","JUMBO BAG WOODLAND ANIMALS",0.01111,0.51918,0.0214,11.00581,203,0,0
"LUNCH BAG  BLACK SKULL. + LUNCH BAG RED RETROSPOT + LUNCH BAG SPACEBOY DESIGN","LUNCH BAG WOODLAND",0.01062,0.61006,0.0174,10.99377,194,0,0
"REGENCY TEA PLATE ROSES","PINK REGENCY TEACUP AND SAUCER",0.01111,0.45721,0.0243,10.99283,203,0,0
"JUMBO BAG PEARS","JUMBO BAG VINTAGE LEAF",0.01718,0.52862,0.03251,10.98915,314,0,0
"JUMBO BAG VINTAGE LEAF","JUMBO BAG PEARS",0.01718,0.35722,0.0481,10.98915,314,0,0
"LUNCH BAG RED RETROSPOT + LUNCH BAG VINTAGE DOILY","LUNCH BAG VINTAGE LEAF DESIGN",0.01012,0.40043,0.02528,10.98665,185,0,0
"JUMBO BAG RED RETROSPOT + JUMBO BAG WOODLAND ANIMALS + JUMBO SHOPPER VINTAGE RED PAISLEY","JUMBO BAG PINK POLKADOT",0.01188,0.73064,0.01625,10.97942,217,0,0
"JUMBO BAG PEARS + JUMBO BAG VINTAGE LEAF","JUMBO BAG VINTAGE DOILY",0.0127,0.73885,0.01718,10.97648,232,0,0
"JUMBO BAG PINK POLKADOT + JUMBO BAG WOODLAND ANIMALS + JUMBO STORAGE BAG SUKI","JUMBO SHOPPER VINTAGE RED PAISLEY",0.01073,0.70504,0.01521,10.9737,196,0,0
"LUNCH BAG DOLLY GIRL DESIGN + LUNCH BAG WOODLAND","LUNCH BAG SPACEBOY DESIGN",0.01084,0.69474,0.0156,10.97228,198,0,0
"CHARLOTTE BAG VINTAGE ALPHABET","CHARLOTTE BAG PINK POLKADOT",0.01138,0.4454,0.02556,10.96863,208,0,0
"CHOCOLATE THIS WAY METAL SIGN","HAND OVER THE CHOCOLATE   SIGN",0.01034,0.40385,0.02561,10.96505,189,0,0
"LUNCH BAG CARS BLUE + LUNCH BAG RED RETROSPOT + LUNCH BAG SPACEBOY DESIGN","LUNCH BAG PINK POLKADOT",0.01051,0.65306,0.01609,10.95812,192,0,0
"JUMBO BAG RED RETROSPOT + RED RETROSPOT CHARLOTTE BAG","WOODLAND CHARLOTTE BAG",0.0116,0.49882,0.02326,10.95553,212,0,0
"JUMBO BAG PINK POLKADOT + JUMBO BAG RED RETROSPOT + JUMBO SHOPPER VINTAGE RED PAISLEY","JUMBO BAG PINK VINTAGE PAISLEY",0.01073,0.51852,0.02069,10.95363,196,0,0
"JUMBO BAG PINK POLKADOT + JUMBO BAG TOYS","JUMBO STORAGE BAG SUKI",0.01095,0.70922,0.01543,10.94559,200,0,0
"JUMBO BAG PINK POLKADOT + JUMBO BAG RED RETROSPOT + JUMBO SHOPPER VINTAGE RED PAISLEY","JUMBO STORAGE BAG SUKI",0.01467,0.70899,0.02069,10.94211,268,0,0
"CANDLEHOLDER PINK HANGING HEART","RED HANGING HEART T-LIGHT HOLDER",0.01144,0.44186,0.02589,10.94054,209,0,0
"JUMBO BAG PINK POLKADOT + JUMBO BAG RED RETROSPOT + JUMBO STORAGE BAG SUKI","JUMBO BAG SCANDINAVIAN BLUE PAISLEY",0.01089,0.48184,0.0226,10.93747,199,0,0
"CHARLOTTE BAG APPLES DESIGN","WOODLAND CHARLOTTE BAG",0.01587,0.49743,0.0319,10.92486,290,0,0
"WOODLAND CHARLOTTE BAG","CHARLOTTE BAG APPLES DESIGN",0.01587,0.34856,0.04553,10.92486,290,0,0
"REGENCY TEA PLATE PINK","ROSES REGENCY TEACUP AND SAUCER",0.01056,0.63279,0.01669,10.88787,193,0,0
"JUMBO BAG WOODLAND ANIMALS + JUMBO SHOPPER VINTAGE RED PAISLEY","JUMBO STORAGE BAG SUKI",0.01505,0.70513,0.02134,10.88244,275,0,0
"JUMBO BAG APPLES + JUMBO STORAGE BAG SUKI","JUMBO BAG WOODLAND ANIMALS",0.01056,0.5133,0.02058,10.88108,193,0,0
"JUMBO SHOPPER VINTAGE RED PAISLEY + JUMBO STORAGE BAG SKULLS","JUMBO STORAGE BAG SUKI",0.0116,0.70432,0.01647,10.86995,212,0,0
"JUMBO BAG RED RETROSPOT + JUMBO BAG WOODLAND ANIMALS","JUMBO BAG SPACEBOY DESIGN",0.01193,0.40748,0.02928,10.86981,218,0,0
"CHARLOTTE BAG VINTAGE ALPHABET","CHARLOTTE BAG SUKI DESIGN",0.01335,0.52248,0.02556,10.8616,244,0,0
"JUMBO BAG SCANDINAVIAN BLUE PAISLEY + JUMBO STORAGE BAG SUKI","JUMBO SHOPPER VINTAGE RED PAISLEY",0.01357,0.69663,0.01948,10.84285,248,0,0
"JUMBO BAG SCANDINAVIAN BLUE PAISLEY + JUMBO BAG WOODLAND ANIMALS","JUMBO SHOPPER VINTAGE RED PAISLEY",0.01051,0.69565,0.0151,10.82764,192,0,0
"REGENCY TEA PLATE PINK","GREEN REGENCY TEACUP AND SAUCER",0.01001,0.6,0.01669,10.8231,183,0,0
"JUMBO BAG PEARS + JUMBO BAG RED RETROSPOT","JUMBO BAG VINTAGE DOILY",0.01155,0.72759,0.01587,10.80909,211,0,0
"JUMBO BAG APPLES + JUMBO BAG PINK POLKADOT","JUMBO BAG WOODLAND ANIMALS",0.01018,0.50959,0.01997,10.80246,186,0,0
"PLASTERS IN TIN WOODLAND ANIMALS","PLASTERS IN TIN SKULLS",0.01275,0.33097,0.03853,10.79954,233,0,0
"PLASTERS IN TIN SKULLS","PLASTERS IN TIN WOODLAND ANIMALS",0.01275,0.41607,0.03065,10.79954,233,0,0
"LUNCH BAG  BLACK SKULL. + LUNCH BAG RED RETROSPOT + LUNCH BAG WOODLAND","LUNCH BAG PINK POLKADOT",0.01012,0.64236,0.01576,10.77857,185,0,0
"PLASTERS IN TIN VINTAGE PAISLEY","PLASTERS IN TIN WOODLAND ANIMALS",0.01286,0.41519,0.03097,10.77677,235,0,0
"PLASTERS IN TIN WOODLAND ANIMALS","PLASTERS IN TIN VINTAGE PAISLEY",0.01286,0.33381,0.03853,10.77677,235,0,0
"JUMBO BAG RED RETROSPOT + JUMBO BAG SPACEBOY DESIGN","JUMBO BAG WOODLAND ANIMALS",0.01193,0.50816,0.02348,10.77214,218,0,0
"JUMBO BAG PINK VINTAGE PAISLEY + JUMBO BAG RED RETROSPOT + JUMBO STORAGE BAG SUKI","JUMBO SHOPPER VINTAGE RED PAISLEY",0.01018,0.69145,0.01472,10.76223,186,0,0
"JUMBO BAG RED RETROSPOT + JUMBO BAG WOODLAND ANIMALS + JUMBO STORAGE BAG SUKI","JUMBO BAG PINK POLKADOT",0.01281,0.7156,0.0179,10.75336,234,0,0
"WOODLAND CHARLOTTE BAG","RED RETROSPOT CHARLOTTE BAG",0.02764,0.60697,0.04553,10.74727,505,0,0
"RED RETROSPOT CHARLOTTE BAG","WOODLAND CHARLOTTE BAG",0.02764,0.48934,0.05648,10.74727,505,0,0
"JUMBO SHOPPER VINTAGE RED PAISLEY + JUMBO STORAGE BAG SUKI","JUMBO BAG SCANDINAVIAN BLUE PAISLEY",0.01357,0.47328,0.02868,10.74322,248,0,0
"LUNCH BAG PINK POLKADOT + LUNCH BAG RED RETROSPOT + LUNCH BAG SUKI DESIGN","LUNCH BAG WOODLAND",0.01078,0.59517,0.01811,10.72532,197,0,0
"PAPER CHAIN KIT VINTAGE CHRISTMAS","PAPER CHAIN KIT 50'S CHRISTMAS",0.03021,0.67647,0.04466,10.72086,552,0,0
"PAPER CHAIN KIT 50'S CHRISTMAS","PAPER CHAIN KIT VINTAGE CHRISTMAS",0.03021,0.47875,0.0631,10.72086,552,0,0
"JUMBO BAG WOODLAND ANIMALS + JUMBO SHOPPER VINTAGE RED PAISLEY + JUMBO STORAGE BAG SUKI","JUMBO BAG PINK POLKADOT",0.01073,0.71273,0.01505,10.71025,196,0,0
"LUNCH BAG SUKI DESIGN + LUNCH BAG VINTAGE DOILY","LUNCH BAG APPLE DESIGN",0.01215,0.60656,0.02003,10.70881,222,0,0
"LUNCH BAG RED RETROSPOT + LUNCH BAG SPACEBOY DESIGN + LUNCH BAG SUKI DESIGN","LUNCH BAG WOODLAND",0.01073,0.59394,0.01806,10.70321,196,0,0
"CHARLOTTE BAG SUKI DESIGN","CHARLOTTE BAG APPLES DESIGN",0.01642,0.3413,0.0481,10.69729,300,0,0
"CHARLOTTE BAG APPLES DESIGN","CHARLOTTE BAG SUKI DESIGN",0.01642,0.51458,0.0319,10.69729,300,0,0
"LUNCH BAG CARS BLUE + LUNCH BAG RED RETROSPOT + LUNCH BAG WOODLAND","LUNCH BAG SPACEBOY DESIGN",0.01029,0.67626,0.01521,10.68045,188,0,0
"JUMBO BAG SCANDINAVIAN BLUE PAISLEY + JUMBO BAG WOODLAND ANIMALS","JUMBO STORAGE BAG SUKI",0.01045,0.69203,0.0151,10.68028,191,0,0
"LUNCH BAG  BLACK SKULL. + LUNCH BAG PINK POLKADOT + LUNCH BAG SUKI DESIGN","LUNCH BAG CARS BLUE",0.01062,0.67128,0.01582,10.67563,194,0,0
"JUMBO BAG RED RETROSPOT + JUMBO BAG WOODLAND ANIMALS","JUMBO BAG OWLS",0.01111,0.37944,0.02928,10.66691,203,0,0
"JUMBO BAG TOYS + JUMBO BAG WOODLAND ANIMALS","JUMBO SHOPPER VINTAGE RED PAISLEY",0.01084,0.68512,0.01582,10.66373,198,0,0
"REGENCY TEA PLATE ROSES","ROSES REGENCY TEACUP AND SAUCER",0.01505,0.61937,0.0243,10.657,275,0,0
"LADIES & GENTLEMEN METAL SIGN","PLEASE ONE PERSON METAL SIGN",0.0127,0.48637,0.0261,10.64371,232,0,0
"WHITE HANGING HEART T-LIGHT HOLDER + WOODEN FRAME ANTIQUE WHITE","WOODEN PICTURE FRAME WHITE FINISH",0.01193,0.6393,0.01866,10.63922,218,0,0
"LUNCH BAG  BLACK SKULL. + LUNCH BAG RED RETROSPOT + LUNCH BAG WOODLAND","LUNCH BAG SPACEBOY DESIGN",0.01062,0.67361,0.01576,10.63863,194,0,0
"JUMBO BAG PINK POLKADOT + JUMBO BAG RED RETROSPOT + JUMBO SHOPPER VINTAGE RED PAISLEY","JUMBO  BAG BAROQUE BLACK WHITE",0.01116,0.53968,0.02069,10.63821,204,0,0
"LUNCH BAG RED RETROSPOT + LUNCH BAG SUKI DESIGN + LUNCH BAG WOODLAND","LUNCH BAG PINK POLKADOT",0.01078,0.63344,0.01702,10.62889,197,0,0
"JUMBO BAG ALPHABET + JUMBO BAG RED RETROSPOT","JUMBO BAG APPLES",0.01286,0.56763,0.02266,10.62741,235,0,0
"JUMBO BAG VINTAGE LEAF + JUMBO STORAGE BAG SUKI","JUMBO BAG VINTAGE DOILY",0.01045,0.71536,0.01461,10.6274,191,0,0
"JUMBO BAG OWLS + JUMBO BAG RED RETROSPOT","JUMBO BAG SCANDINAVIAN BLUE PAISLEY",0.01001,0.46803,0.0214,10.62401,183,0,0
"JUMBO BAG PINK VINTAGE PAISLEY + JUMBO BAG RED RETROSPOT + JUMBO STORAGE BAG SUKI","JUMBO BAG PINK POLKADOT",0.0104,0.70632,0.01472,10.61396,190,0,0
"LUNCH BAG PINK POLKADOT + LUNCH BAG RED RETROSPOT + LUNCH BAG WOODLAND","LUNCH BAG SPACEBOY DESIGN",0.0104,0.67138,0.01549,10.60336,190,0,0
"JUMBO BAG PINK POLKADOT + JUMBO BAG SCANDINAVIAN BLUE PAISLEY","JUMBO BAG WOODLAND ANIMALS",0.01045,0.5,0.02091,10.59919,191,0,0
"JUMBO BAG RED RETROSPOT + JUMBO BAG VINTAGE DOILY","JUMBO BAG VINTAGE LEAF",0.01609,0.50953,0.03158,10.59235,294,0,0
"JUMBO BAG PINK POLKADOT + JUMBO BAG RED RETROSPOT + JUMBO BAG WOODLAND ANIMALS","JUMBO STORAGE BAG SUKI",0.01281,0.68622,0.01866,10.59058,234,0,0
"JUMBO BAG RED RETROSPOT + JUMBO BAG TOYS","JUMBO STORAGE BAG SUKI",0.01292,0.68605,0.01883,10.58795,236,0,0
"JUMBO BAG PINK VINTAGE PAISLEY + JUMBO BAG WOODLAND ANIMALS","JUMBO STORAGE BAG SUKI",0.01051,0.68571,0.01532,10.58282,192,0,0
"JUMBO BAG RED RETROSPOT + JUMBO BAG WOODLAND ANIMALS + JUMBO STORAGE BAG SUKI","JUMBO SHOPPER VINTAGE RED PAISLEY",0.01215,0.6789,0.0179,10.56688,222,0,0
"JUMBO BAG RED RETROSPOT + JUMBO BAG SCANDINAVIAN BLUE PAISLEY + JUMBO STORAGE BAG SUKI","JUMBO BAG PINK POLKADOT",0.01089,0.70318,0.01549,10.56679,199,0,0
"JUMBO BAG WOODLAND ANIMALS + JUMBO STORAGE BAG SKULLS","JUMBO STORAGE BAG SUKI",0.01045,0.68459,0.01527,10.56543,191,0,0
"JUMBO BAG WOODLAND ANIMALS + RECYCLING BAG RETROSPOT","JUMBO STORAGE BAG SUKI",0.01023,0.68248,0.01499,10.53293,187,0,0
"JUMBO SHOPPER VINTAGE RED PAISLEY + JUMBO STORAGE BAG SUKI","JUMBO STORAGE BAG SKULLS",0.0116,0.40458,0.02868,10.53119,212,0,0
"CHARLOTTE BAG APPLES DESIGN","CHARLOTTE BAG PINK POLKADOT",0.01363,0.4271,0.0319,10.51809,249,0,0
"CHARLOTTE BAG PINK POLKADOT","CHARLOTTE BAG APPLES DESIGN",0.01363,0.33558,0.04061,10.51809,249,0,0
"JUMBO BAG PINK POLKADOT + JUMBO SHOPPER VINTAGE RED PAISLEY","JUMBO BAG PINK VINTAGE PAISLEY",0.01275,0.49786,0.02561,10.51729,233,0,0
"LUNCH BAG CARS BLUE + LUNCH BAG DOLLY GIRL DESIGN","LUNCH BAG SPACEBOY DESIGN",0.01001,0.66545,0.01505,10.50981,183,0,0
"JUMBO BAG TOYS + JUMBO SHOPPER VINTAGE RED PAISLEY","JUMBO BAG PINK POLKADOT",0.01018,0.69925,0.01456,10.5077,186,0,0
"LUNCH BAG PINK POLKADOT + LUNCH BAG RED RETROSPOT + LUNCH BAG SPACEBOY DESIGN","LUNCH BAG CARS BLUE",0.01051,0.65979,0.01593,10.49296,192,0,0
"JUMBO  BAG BAROQUE BLACK WHITE + JUMBO BAG SCANDINAVIAN BLUE PAISLEY","JUMBO SHOPPER VINTAGE RED PAISLEY",0.01127,0.6732,0.01675,10.47822,206,0,0
"JUMBO BAG SCANDINAVIAN BLUE PAISLEY","JUMBO BAG PINK VINTAGE PAISLEY",0.02184,0.49565,0.04405,10.47058,399,0,0
"JUMBO BAG PINK VINTAGE PAISLEY","JUMBO BAG SCANDINAVIAN BLUE PAISLEY",0.02184,0.46127,0.04734,10.47058,399,0,0
"JUMBO BAG SCANDINAVIAN BLUE PAISLEY + JUMBO STORAGE BAG SUKI","JUMBO  BAG BAROQUE BLACK WHITE",0.01034,0.5309,0.01948,10.46506,189,0,0
"JUMBO BAG PINK POLKADOT + JUMBO STORAGE BAG SUKI","JUMBO BAG SPACEBOY DESIGN",0.01105,0.39223,0.02818,10.46317,202,0,0
"LUNCH BAG RED RETROSPOT + LUNCH BAG SPACEBOY DESIGN + LUNCH BAG WOODLAND","LUNCH BAG PINK POLKADOT",0.0104,0.62295,0.01669,10.45287,190,0,0
"JUMBO BAG RED RETROSPOT + JUMBO SHOPPER VINTAGE RED PAISLEY","JUMBO BAG SCANDINAVIAN BLUE PAISLEY",0.01713,0.46029,0.03721,10.44839,313,0,0
"LUNCH BAG  BLACK SKULL. + LUNCH BAG RED RETROSPOT + LUNCH BAG SPACEBOY DESIGN","LUNCH BAG PINK POLKADOT",0.01084,0.62264,0.0174,10.44768,198,0,0
"ALARM CLOCK BAKELIKE PINK","ALARM CLOCK BAKELIKE RED",0.02572,0.60026,0.04285,10.44616,470,0,0
"ALARM CLOCK BAKELIKE RED","ALARM CLOCK BAKELIKE PINK",0.02572,0.44762,0.05746,10.44616,470,0,0
"LUNCH BAG CARS BLUE + LUNCH BAG RED RETROSPOT + LUNCH BAG SUKI DESIGN","LUNCH BAG PINK POLKADOT",0.01155,0.62242,0.01855,10.44395,211,0,0
"JUMBO BAG PINK POLKADOT + JUMBO SHOPPER VINTAGE RED PAISLEY","JUMBO BAG SPACEBOY DESIGN",0.01001,0.39103,0.02561,10.43097,183,0,0
"LUNCH BAG CARS BLUE + LUNCH BAG PINK POLKADOT + LUNCH BAG SUKI DESIGN","LUNCH BAG  BLACK SKULL.",0.01062,0.72388,0.01467,10.40714,194,0,0
"JUMBO BAG RED RETROSPOT + JUMBO BAG SCANDINAVIAN BLUE PAISLEY + JUMBO SHOPPER VINTAGE RED PAISLEY","JUMBO STORAGE BAG SUKI",0.01155,0.67412,0.01713,10.4039,211,0,0
"JUMBO BAG TOYS + JUMBO BAG WOODLAND ANIMALS","JUMBO BAG PINK POLKADOT",0.01095,0.69204,0.01582,10.3994,200,0,0
"JUMBO BAG SCANDINAVIAN BLUE PAISLEY + JUMBO BAG WOODLAND ANIMALS","JUMBO BAG PINK POLKADOT",0.01045,0.69203,0.0151,10.39922,191,0,0
"60 TEATIME FAIRY CAKE CASES + PACK OF 72 RETROSPOT CAKE CASES","PACK OF 60 PINK PAISLEY CAKE CASES",0.01226,0.49448,0.02479,10.39776,224,0,0
"60 TEATIME FAIRY CAKE CASES + PACK OF 72 SKULL CAKE CASES","PACK OF 72 RETROSPOT CAKE CASES",0.01023,0.751,0.01363,10.39629,187,0,0
"JUMBO BAG APPLES + JUMBO BAG VINTAGE LEAF","JUMBO BAG VINTAGE DOILY",0.0139,0.6978,0.01992,10.36662,254,0,0
"LUNCH BAG CARS BLUE + LUNCH BAG RED RETROSPOT + LUNCH BAG SUKI DESIGN","LUNCH BAG WOODLAND",0.01067,0.57522,0.01855,10.3659,195,0,0
"JUMBO BAG SPACEBOY DESIGN + JUMBO BAG WOODLAND ANIMALS","JUMBO STORAGE BAG SUKI",0.01073,0.67123,0.01598,10.35932,196,0,0
"LUNCH BAG ALPHABET DESIGN","LUNCH BAG VINTAGE LEAF DESIGN",0.01527,0.37754,0.04044,10.35846,279,0,0
"LUNCH BAG VINTAGE LEAF DESIGN","LUNCH BAG ALPHABET DESIGN",0.01527,0.41892,0.03645,10.35846,279,0,0
"LUNCH BAG  BLACK SKULL. + LUNCH BAG RED RETROSPOT + LUNCH BAG SUKI DESIGN","LUNCH BAG PINK POLKADOT",0.01209,0.61732,0.01959,10.35837,221,0,0
"JUMBO BAG PINK POLKADOT + JUMBO BAG PINK VINTAGE PAISLEY + JUMBO BAG RED RETROSPOT","JUMBO SHOPPER VINTAGE RED PAISLEY",0.01073,0.66441,0.01614,10.34132,196,0,0
"JUMBO BAG PINK VINTAGE PAISLEY + JUMBO BAG WOODLAND ANIMALS","JUMBO SHOPPER VINTAGE RED PAISLEY",0.01018,0.66429,0.01532,10.33943,186,0,0
"LUNCH BAG  BLACK SKULL. + LUNCH BAG CARS BLUE + LUNCH BAG SUKI DESIGN","LUNCH BAG PINK POLKADOT",0.01062,0.61587,0.01724,10.33411,194,0,0
"LUNCH BAG DOLLY GIRL DESIGN + LUNCH BAG SUKI DESIGN","LUNCH BAG SPACEBOY DESIGN",0.01209,0.65385,0.0185,10.32647,221,0,0
"JUMBO BAG RED RETROSPOT + JUMBO SHOPPER VINTAGE RED PAISLEY + JUMBO STORAGE BAG SUKI","JUMBO BAG PINK POLKADOT",0.01467,0.68718,0.02134,10.32634,268,0,0
"LUNCH BAG  BLACK SKULL. + LUNCH BAG SPACEBOY DESIGN","LUNCH BAG DOLLY GIRL DESIGN",0.01078,0.38477,0.02802,10.32426,197,0,0
"REGENCY TEA PLATE GREEN","ROSES REGENCY TEACUP AND SAUCER",0.01248,0.6,0.0208,10.32373,228,0,0
"LUNCH BAG DOLLY GIRL DESIGN + LUNCH BAG RED RETROSPOT","LUNCH BAG SPACEBOY DESIGN",0.01281,0.65363,0.01959,10.32308,234,0,0
"JUMBO BAG RED RETROSPOT + RED RETROSPOT CHARLOTTE BAG","CHARLOTTE BAG SUKI DESIGN",0.01155,0.49647,0.02326,10.32083,211,0,0
"JUMBO BAG RED RETROSPOT + RECYCLING BAG RETROSPOT","JUMBO BAG WOODLAND ANIMALS",0.01105,0.48675,0.02271,10.31825,202,0,0
"PLASTERS IN TIN VINTAGE PAISLEY","PLASTERS IN TIN SPACEBOY",0.01177,0.37986,0.03097,10.31376,215,0,0
"PLASTERS IN TIN SPACEBOY","PLASTERS IN TIN VINTAGE PAISLEY",0.01177,0.31947,0.03683,10.31376,215,0,0
"JUMBO  BAG BAROQUE BLACK WHITE + JUMBO BAG PINK POLKADOT","JUMBO BAG SCANDINAVIAN BLUE PAISLEY",0.01029,0.45411,0.02266,10.30793,188,0,0
"COOK WITH WINE METAL SIGN","GIN + TONIC DIET METAL SIGN",0.01795,0.45556,0.0394,10.30243,328,0,0
"GIN + TONIC DIET METAL SIGN","COOK WITH WINE METAL SIGN",0.01795,0.40594,0.04422,10.30243,328,0,0
"LUNCH BAG  BLACK SKULL. + LUNCH BAG DOLLY GIRL DESIGN","LUNCH BAG SPACEBOY DESIGN",0.01078,0.65232,0.01653,10.30234,197,0,0
"HEART OF WICKER SMALL + WHITE HANGING HEART T-LIGHT HOLDER","HEART OF WICKER LARGE",0.01122,0.5203,0.02156,10.30068,205,0,0
"JUMBO BAG RED RETROSPOT + JUMBO STORAGE BAG SKULLS","JUMBO BAG WOODLAND ANIMALS",0.011,0.48551,0.02266,10.29197,201,0,0
"LUNCH BAG SPACEBOY DESIGN + LUNCH BAG VINTAGE LEAF DESIGN","LUNCH BAG SUKI DESIGN",0.0104,0.72243,0.01439,10.28919,190,0,0
"SKULL SHOULDER BAG","WOODLAND CHARLOTTE BAG",0.01051,0.46829,0.02244,10.28499,192,0,0
"JUMBO BAG RED RETROSPOT + JUMBO BAG VINTAGE LEAF","JUMBO BAG VINTAGE DOILY",0.01609,0.69176,0.02326,10.27692,294,0,0
"JUMBO BAG PINK POLKADOT + JUMBO BAG TOYS","JUMBO SHOPPER VINTAGE RED PAISLEY",0.01018,0.65957,0.01543,10.2661,186,0,0
"JUMBO BAG PINK POLKADOT + JUMBO STORAGE BAG SUKI","JUMBO STORAGE BAG SKULLS",0.01111,0.39417,0.02818,10.26034,203,0,0
"REGENCY SUGAR BOWL GREEN","ROSES REGENCY TEACUP AND SAUCER",0.01051,0.59627,0.01762,10.25961,192,0,0
"JUMBO BAG PINK POLKADOT + JUMBO BAG RED RETROSPOT + JUMBO BAG SCANDINAVIAN BLUE PAISLEY","JUMBO SHOPPER VINTAGE RED PAISLEY",0.01149,0.65831,0.01746,10.24638,210,0,0
"CHARLOTTE BAG DOLLY GIRL DESIGN","RED RETROSPOT CHARLOTTE BAG",0.01313,0.57831,0.02271,10.23984,240,0,0
"PLASTERS IN TIN SPACEBOY","PLASTERS IN TIN SKULLS",0.01155,0.31352,0.03683,10.23032,211,0,0
"PLASTERS IN TIN SKULLS","PLASTERS IN TIN SPACEBOY",0.01155,0.37679,0.03065,10.23032,211,0,0
"LUNCH BAG CARS BLUE + LUNCH BAG RED RETROSPOT + LUNCH BAG SPACEBOY DESIGN","LUNCH BAG SUKI DESIGN",0.01155,0.71769,0.01609,10.22159,211,0,0
"LUNCH BAG VINTAGE DOILY + LUNCH BAG VINTAGE LEAF DESIGN","LUNCH BAG APPLE DESIGN",0.01084,0.57895,0.01872,10.22136,198,0,0
"LUNCH BAG  BLACK SKULL. + LUNCH BAG RED RETROSPOT + LUNCH BAG SUKI DESIGN","LUNCH BAG CARS BLUE",0.01259,0.64246,0.01959,10.21726,230,0,0
"CHARLOTTE BAG SUKI DESIGN","RED RETROSPOT CHARLOTTE BAG",0.02775,0.57679,0.0481,10.2129,507,0,0
"RED RETROSPOT CHARLOTTE BAG","CHARLOTTE BAG SUKI DESIGN",0.02775,0.49128,0.05648,10.2129,507,0,0
"JUMBO BAG RED RETROSPOT + JUMBO SHOPPER VINTAGE RED PAISLEY + JUMBO STORAGE BAG SUKI","JUMBO  BAG BAROQUE BLACK WHITE",0.01105,0.51795,0.02134,10.20979,202,0,0
"LUNCH BAG APPLE DESIGN + LUNCH BAG RED RETROSPOT","LUNCH BAG ALPHABET DESIGN",0.011,0.41273,0.02665,10.20546,201,0,0
"LUNCH BAG SPACEBOY DESIGN + LUNCH BAG VINTAGE DOILY","LUNCH BAG APPLE DESIGN",0.01084,0.57726,0.01877,10.19156,198,0,0
"JUMBO BAG PINK POLKADOT + JUMBO SHOPPER VINTAGE RED PAISLEY","JUMBO STORAGE BAG SUKI",0.01691,0.66026,0.02561,10.18992,309,0,0
"JUMBO BAG WOODLAND ANIMALS + JUMBO STORAGE BAG SUKI","RECYCLING BAG RETROSPOT",0.01023,0.41648,0.02457,10.1879,187,0,0
"JUMBO BAG RED RETROSPOT + JUMBO BAG TOYS","JUMBO BAG PINK POLKADOT",0.01275,0.67733,0.01883,10.17827,233,0,0
"LUNCH BAG RED RETROSPOT + LUNCH BAG SPACEBOY DESIGN + LUNCH BAG SUKI DESIGN","LUNCH BAG CARS BLUE",0.01155,0.63939,0.01806,10.16853,211,0,0
"LUNCH BAG  BLACK SKULL. + LUNCH BAG RED RETROSPOT + LUNCH BAG SUKI DESIGN","LUNCH BAG WOODLAND",0.01105,0.56425,0.01959,10.16811,202,0,0
"LUNCH BAG CARS BLUE + LUNCH BAG SPACEBOY DESIGN","LUNCH BAG DOLLY GIRL DESIGN",0.01001,0.37888,0.02643,10.16639,183,0,0
"JUMBO  BAG BAROQUE BLACK WHITE + JUMBO STORAGE BAG SUKI","JUMBO BAG SCANDINAVIAN BLUE PAISLEY",0.01034,0.44787,0.02309,10.16631,189,0,0
"JUMBO BAG PINK POLKADOT + JUMBO SHOPPER VINTAGE RED PAISLEY","JUMBO  BAG BAROQUE BLACK WHITE",0.01319,0.51496,0.02561,10.15082,241,0,0
"JUMBO BAG VINTAGE DOILY + LUNCH BAG VINTAGE DOILY","JUMBO BAG VINTAGE LEAF",0.01346,0.4881,0.02758,10.14672,246,0,0
"LUNCH BAG  BLACK SKULL. + LUNCH BAG CARS BLUE + LUNCH BAG RED RETROSPOT","LUNCH BAG SUKI DESIGN",0.01259,0.71207,0.01768,10.14165,230,0,0
"JUMBO  BAG BAROQUE BLACK WHITE + JUMBO BAG PINK POLKADOT","JUMBO BAG WOODLAND ANIMALS",0.01084,0.47826,0.02266,10.13835,198,0,0
"LUNCH BAG PINK POLKADOT + LUNCH BAG RED RETROSPOT + LUNCH BAG SUKI DESIGN","LUNCH BAG CARS BLUE",0.01155,0.63746,0.01811,10.13781,211,0,0
"LUNCH BAG SUKI DESIGN + LUNCH BAG VINTAGE LEAF DESIGN","LUNCH BAG SPACEBOY DESIGN",0.0104,0.64189,0.0162,10.13768,190,0,0
"SCOTTIE DOG HOT WATER BOTTLE","RETROSPOT HEART HOT WATER BOTTLE",0.01456,0.34545,0.04214,10.13241,266,0,0
"RETROSPOT HEART HOT WATER BOTTLE","SCOTTIE DOG HOT WATER BOTTLE",0.01456,0.42697,0.03409,10.13241,266,0,0
"JUMBO BAG SCANDINAVIAN BLUE PAISLEY + JUMBO SHOPPER VINTAGE RED PAISLEY","JUMBO BAG WOODLAND ANIMALS",0.01051,0.47761,0.022,10.1246,192,0,0
"JUMBO BAG PINK VINTAGE PAISLEY + JUMBO BAG RED RETROSPOT + JUMBO SHOPPER VINTAGE RED PAISLEY","JUMBO BAG PINK POLKADOT",0.01073,0.67354,0.01593,10.12137,196,0,0
"JUMBO BAG PINK VINTAGE PAISLEY + JUMBO STORAGE BAG SUKI","JUMBO SHOPPER VINTAGE RED PAISLEY",0.01302,0.65027,0.02003,10.12133,238,0,0
"LUNCH BAG RED RETROSPOT + LUNCH BAG VINTAGE LEAF DESIGN","LUNCH BAG VINTAGE DOILY",0.01012,0.60656,0.01669,10.11279,185,0,0
"CHARLOTTE BAG VINTAGE ALPHABET","WOODLAND CHARLOTTE BAG",0.01177,0.46039,0.02556,10.11133,215,0,0
"LUNCH BAG  BLACK SKULL. + LUNCH BAG SPACEBOY DESIGN + LUNCH BAG SUKI DESIGN","LUNCH BAG CARS BLUE",0.01089,0.63578,0.01713,10.1111,199,0,0
"JUMBO BAG PINK POLKADOT + JUMBO BAG WOODLAND ANIMALS","JUMBO BAG SCANDINAVIAN BLUE PAISLEY",0.01045,0.44522,0.02348,10.10625,191,0,0
"JUMBO BAG SCANDINAVIAN BLUE PAISLEY + JUMBO SHOPPER VINTAGE RED PAISLEY","JUMBO  BAG BAROQUE BLACK WHITE",0.01127,0.51244,0.022,10.10116,206,0,0
"JUMBO BAG PINK POLKADOT + JUMBO BAG RED RETROSPOT + JUMBO STORAGE BAG SUKI","JUMBO SHOPPER VINTAGE RED PAISLEY",0.01467,0.64891,0.0226,10.10012,268,0,0
"LUNCH BAG PINK POLKADOT + LUNCH BAG VINTAGE DOILY","LUNCH BAG APPLE DESIGN",0.01073,0.57143,0.01877,10.08861,196,0,0
"JUMBO BAG TOYS + JUMBO STORAGE BAG SUKI","JUMBO BAG PINK POLKADOT",0.01095,0.67114,0.01631,10.08533,200,0,0
"JUMBO BAG RED RETROSPOT + JUMBO BAG SCANDINAVIAN BLUE PAISLEY + JUMBO SHOPPER VINTAGE RED PAISLEY","JUMBO BAG PINK POLKADOT",0.01149,0.67093,0.01713,10.08211,210,0,0
"JUMBO BAG ALPHABET + JUMBO BAG VINTAGE LEAF","JUMBO BAG VINTAGE DOILY",0.01177,0.67823,0.01735,10.0759,215,0,0
"WHITE HANGING HEART T-LIGHT HOLDER + WOODEN PICTURE FRAME WHITE FINISH","WOODEN FRAME ANTIQUE WHITE",0.01193,0.53431,0.02233,10.07587,218,0,0
"JUMBO BAG WOODLAND ANIMALS + JUMBO SHOPPER VINTAGE RED PAISLEY","JUMBO BAG PINK VINTAGE PAISLEY",0.01018,0.47692,0.02134,10.07493,186,0,0
"JUMBO BAG RED RETROSPOT + JUMBO SHOPPER VINTAGE RED PAISLEY + JUMBO STORAGE BAG SUKI","JUMBO BAG PINK VINTAGE PAISLEY",0.01018,0.47692,0.02134,10.07493,186,0,0
"60 CAKE CASES DOLLY GIRL DESIGN","60 TEATIME FAIRY CAKE CASES",0.01089,0.45642,0.02386,10.0727,199,0,0
"LUNCH BAG PINK POLKADOT + LUNCH BAG SPACEBOY DESIGN","LUNCH BAG WOODLAND",0.01308,0.55841,0.02342,10.06297,239,0,0
"JUMBO  BAG BAROQUE BLACK WHITE + JUMBO BAG WOODLAND ANIMALS","JUMBO STORAGE BAG SUKI",0.01084,0.65132,0.01664,10.05194,198,0,0
"LUNCH BAG RED RETROSPOT + LUNCH BAG WOODLAND","LUNCH BAG DOLLY GIRL DESIGN",0.01078,0.37452,0.02879,10.04947,197,0,0
"LUNCH BAG CARS BLUE + LUNCH BAG PINK POLKADOT + LUNCH BAG RED RETROSPOT","LUNCH BAG  BLACK SKULL.",0.01231,0.69876,0.01762,10.04595,225,0,0
"JUMBO BAG SPACEBOY DESIGN + JUMBO SHOPPER VINTAGE RED PAISLEY","JUMBO BAG PINK POLKADOT",0.01001,0.66788,0.01499,10.03637,183,0,0
"60 CAKE CASES DOLLY GIRL DESIGN","PACK OF 60 PINK PAISLEY CAKE CASES",0.01138,0.47706,0.02386,10.03152,208,0,0
"JUMBO SHOPPER VINTAGE RED PAISLEY + JUMBO STORAGE BAG SUKI","JUMBO BAG SPACEBOY DESIGN",0.01078,0.37595,0.02868,10.02892,197,0,0
"LUNCH BAG  BLACK SKULL. + LUNCH BAG VINTAGE DOILY","LUNCH BAG APPLE DESIGN",0.01166,0.568,0.02052,10.02808,213,0,0
"JUMBO  BAG BAROQUE BLACK WHITE + JUMBO BAG RED RETROSPOT + JUMBO SHOPPER VINTAGE RED PAISLEY","JUMBO STORAGE BAG SUKI",0.01105,0.64952,0.01702,10.02419,202,0,0
"ALARM CLOCK BAKELIKE PINK","ALARM CLOCK BAKELIKE GREEN",0.02288,0.53384,0.04285,10.00506,418,0,0
"ALARM CLOCK BAKELIKE GREEN","ALARM CLOCK BAKELIKE PINK",0.02288,0.42872,0.05336,10.00506,418,0,0
"JUMBO BAG PINK POLKADOT + JUMBO BAG WOODLAND ANIMALS","JUMBO STORAGE BAG SUKI",0.01521,0.64802,0.02348,10.00105,278,0,0
"PACK OF 60 DINOSAUR CAKE CASES","PACK OF 72 SKULL CAKE CASES",0.01188,0.36167,0.03284,9.99809,217,0,0
"PACK OF 72 SKULL CAKE CASES","PACK OF 60 DINOSAUR CAKE CASES",0.01188,0.32829,0.03617,9.99809,217,0,0
"CHARLOTTE BAG APPLES DESIGN","RED RETROSPOT CHARLOTTE BAG",0.018,0.56432,0.0319,9.99212,329,0,0
"RED RETROSPOT CHARLOTTE BAG","CHARLOTTE BAG APPLES DESIGN",0.018,0.3188,0.05648,9.99212,329,0,0
"LUNCH BAG CARS BLUE + LUNCH BAG RED RETROSPOT + LUNCH BAG WOODLAND","LUNCH BAG SUKI DESIGN",0.01067,0.70144,0.01521,9.99017,195,0,0
"LUNCH BAG  BLACK SKULL. + LUNCH BAG RED RETROSPOT + LUNCH BAG WOODLAND","LUNCH BAG SUKI DESIGN",0.01105,0.70139,0.01576,9.98946,202,0,0
"LUNCH BAG  BLACK SKULL. + LUNCH BAG CARS BLUE + LUNCH BAG SUKI DESIGN","LUNCH BAG SPACEBOY DESIGN",0.01089,0.63175,0.01724,9.97744,199,0,0
"LUNCH BAG RED RETROSPOT + LUNCH BAG SUKI DESIGN + LUNCH BAG WOODLAND","LUNCH BAG CARS BLUE",0.01067,0.62701,0.01702,9.97158,195,0,0
"LUNCH BAG  BLACK SKULL. + LUNCH BAG CARS BLUE","LUNCH BAG PINK POLKADOT",0.01696,0.59387,0.02857,9.96491,310,0,0
"JUMBO BAG PINK POLKADOT + JUMBO STORAGE BAG SUKI","JUMBO BAG SCANDINAVIAN BLUE PAISLEY",0.01237,0.43883,0.02818,9.96128,226,0,0
"LUNCH BAG RED RETROSPOT + LUNCH BAG SUKI DESIGN + LUNCH BAG WOODLAND","LUNCH BAG SPACEBOY DESIGN",0.01073,0.63023,0.01702,9.95342,196,0,0
"JUMBO  BAG BAROQUE BLACK WHITE + JUMBO STORAGE BAG SUKI","JUMBO BAG WOODLAND ANIMALS",0.01084,0.46919,0.02309,9.94616,198,0,0
"JUMBO BAG APPLES + JUMBO STORAGE BAG SUKI","JUMBO BAG ALPHABET",0.01012,0.49202,0.02058,9.94547,185,0,0
"LUNCH BAG  BLACK SKULL. + LUNCH BAG CARS BLUE + LUNCH BAG SPACEBOY DESIGN","LUNCH BAG SUKI DESIGN",0.01089,0.69825,0.0156,9.94469,199,0,0
"JUMBO BAG PINK POLKADOT + JUMBO BAG PINK VINTAGE PAISLEY + JUMBO BAG RED RETROSPOT","JUMBO STORAGE BAG SUKI",0.0104,0.64407,0.01614,9.94008,190,0,0
"60 TEATIME FAIRY CAKE CASES","72 SWEETHEART FAIRY CAKE CASES",0.01516,0.33454,0.04531,9.93995,277,0,0
"72 SWEETHEART FAIRY CAKE CASES","60 TEATIME FAIRY CAKE CASES",0.01516,0.45041,0.03366,9.93995,277,0,0
"JUMBO  BAG BAROQUE BLACK WHITE + JUMBO BAG WOODLAND ANIMALS","JUMBO SHOPPER VINTAGE RED PAISLEY",0.01062,0.63816,0.01664,9.93276,194,0,0
"JUMBO BAG SPACEBOY DESIGN + JUMBO BAG WOODLAND ANIMALS","JUMBO BAG PINK POLKADOT",0.01056,0.66096,0.01598,9.93232,193,0,0
"LUNCH BAG DOLLY GIRL DESIGN + LUNCH BAG RED RETROSPOT","LUNCH BAG WOODLAND",0.01078,0.55028,0.01959,9.91642,197,0,0
"LUNCH BAG PINK POLKADOT + LUNCH BAG RED RETROSPOT + LUNCH BAG WOODLAND","LUNCH BAG SUKI DESIGN",0.01078,0.69611,0.01549,9.91432,197,0,0
"LUNCH BAG  BLACK SKULL. + LUNCH BAG PINK POLKADOT + LUNCH BAG RED RETROSPOT","LUNCH BAG CARS BLUE",0.01231,0.62327,0.01976,9.91209,225,0,0
"JUMBO BAG PINK POLKADOT + JUMBO BAG RED RETROSPOT + JUMBO BAG WOODLAND ANIMALS","JUMBO SHOPPER VINTAGE RED PAISLEY",0.01188,0.63636,0.01866,9.90483,217,0,0
"LUNCH BAG APPLE DESIGN + LUNCH BAG SPACEBOY DESIGN","LUNCH BAG WOODLAND",0.01182,0.54962,0.02151,9.90451,216,0,0
"LUNCH BAG  BLACK SKULL. + LUNCH BAG APPLE DESIGN + LUNCH BAG RED RETROSPOT","LUNCH BAG SUKI DESIGN",0.01034,0.69485,0.01489,9.89637,189,0,0
"SKULL SHOULDER BAG","CHARLOTTE BAG SUKI DESIGN",0.01067,0.47561,0.02244,9.88716,195,0,0
"JUMBO  BAG BAROQUE BLACK WHITE + JUMBO BAG RED RETROSPOT + JUMBO STORAGE BAG SUKI","JUMBO SHOPPER VINTAGE RED PAISLEY",0.01105,0.63522,0.0174,9.88703,202,0,0
"JUMBO BAG RED RETROSPOT + JUMBO BAG VINTAGE LEAF","JUMBO BAG APPLES",0.01226,0.52706,0.02326,9.86777,224,0,0
"JUMBO BAG PINK VINTAGE PAISLEY + JUMBO BAG RED RETROSPOT + JUMBO SHOPPER VINTAGE RED PAISLEY","JUMBO STORAGE BAG SUKI",0.01018,0.63918,0.01593,9.86457,186,0,0
"JUMBO BAG TOYS","JUMBO BAG SPACEBOY DESIGN",0.01056,0.36973,0.02857,9.86293,193,0,0
"JUMBO  BAG BAROQUE BLACK WHITE + JUMBO BAG RED RETROSPOT + JUMBO SHOPPER VINTAGE RED PAISLEY","JUMBO BAG PINK POLKADOT",0.01116,0.65595,0.01702,9.85703,204,0,0
"HAND OVER THE CHOCOLATE   SIGN","GIN + TONIC DIET METAL SIGN",0.01603,0.43536,0.03683,9.8458,293,0,0
"GIN + TONIC DIET METAL SIGN","HAND OVER THE CHOCOLATE   SIGN",0.01603,0.36262,0.04422,9.8458,293,0,0
"JUMBO BAG APPLES + JUMBO BAG PEARS","JUMBO BAG VINTAGE DOILY",0.01472,0.66256,0.02222,9.84308,269,0,0
"JUMBO BAG PINK POLKADOT + JUMBO BAG RED RETROSPOT + JUMBO STORAGE BAG SUKI","JUMBO  BAG BAROQUE BLACK WHITE",0.01127,0.49879,0.0226,9.83212,206,0,0
"JUMBO BAG APPLES + JUMBO BAG WOODLAND ANIMALS","JUMBO STORAGE BAG SUKI",0.01056,0.63696,0.01658,9.83044,193,0,0
"LUNCH BAG CARS BLUE + LUNCH BAG RED RETROSPOT + LUNCH BAG SUKI DESIGN","LUNCH BAG SPACEBOY DESIGN",0.01155,0.62242,0.01855,9.83013,211,0,0
"REGENCY TEAPOT ROSES","ROSES REGENCY TEACUP AND SAUCER",0.01297,0.57108,0.02271,9.8262,237,0,0
"JUMBO BAG RED RETROSPOT + JUMBO BAG TOYS","JUMBO SHOPPER VINTAGE RED PAISLEY",0.01188,0.63081,0.01883,9.81845,217,0,0
"LUNCH BAG RED RETROSPOT + LUNCH BAG SPACEBOY DESIGN","LUNCH BAG WOODLAND",0.01669,0.54464,0.03065,9.81485,305,0,0
"JUMBO BAG WOODLAND ANIMALS + JUMBO SHOPPER VINTAGE RED PAISLEY","JUMBO  BAG BAROQUE BLACK WHITE",0.01062,0.49744,0.02134,9.80544,194,0,0
"SET 2 TEA TOWELS I LOVE LONDON","LUNCH BOX I LOVE LONDON",0.01095,0.37665,0.02906,9.80411,200,0,0
"LUNCH BAG RED RETROSPOT + LUNCH BAG SPACEBOY DESIGN + LUNCH BAG WOODLAND","LUNCH BAG CARS BLUE",0.01029,0.61639,0.01669,9.80275,188,0,0
"LUNCH BAG  BLACK SKULL. + LUNCH BAG RED RETROSPOT + LUNCH BAG SPACEBOY DESIGN","LUNCH BAG CARS BLUE",0.01073,0.61635,0.0174,9.80209,196,0,0
"JAM MAKING SET PRINTED + RECIPE BOX PANTRY YELLOW DESIGN","JAM MAKING SET WITH JARS",0.01095,0.60606,0.01806,9.80048,200,0,0
"JUMBO  BAG BAROQUE BLACK WHITE + JUMBO BAG WOODLAND ANIMALS","JUMBO BAG PINK POLKADOT",0.01084,0.65132,0.01664,9.78741,198,0,0
"JUMBO BAG WOODLAND ANIMALS + JUMBO SHOPPER VINTAGE RED PAISLEY","JUMBO BAG PINK POLKADOT",0.0139,0.65128,0.02134,9.78691,254,0,0
"PAPER CHAIN KIT 50'S CHRISTMAS + PAPER CHAIN KIT VINTAGE CHRISTMAS","60 CAKE CASES VINTAGE CHRISTMAS",0.01001,0.33152,0.03021,9.78659,183,0,0
"JUMBO BAG APPLES + JUMBO BAG RED RETROSPOT + JUMBO STORAGE BAG SUKI","JUMBO BAG PINK POLKADOT",0.01001,0.65125,0.01538,9.78636,183,0,0
"JUMBO  BAG BAROQUE BLACK WHITE + JUMBO BAG PINK POLKADOT + JUMBO BAG RED RETROSPOT","JUMBO STORAGE BAG SUKI",0.01127,0.63385,0.01779,9.78232,206,0,0
"LUNCH BAG PINK POLKADOT + LUNCH BAG RED RETROSPOT + LUNCH BAG SPACEBOY DESIGN","LUNCH BAG  BLACK SKULL.",0.01084,0.68041,0.01593,9.7822,198,0,0
"LUNCH BAG SPACEBOY DESIGN + LUNCH BAG SUKI DESIGN","LUNCH BAG VINTAGE LEAF DESIGN",0.0104,0.35647,0.02917,9.78052,190,0,0
"JUMBO BAG RED RETROSPOT + JUMBO BAG WOODLAND ANIMALS","JUMBO STORAGE BAG SKULLS",0.011,0.3757,0.02928,9.77946,201,0,0
"JUMBO  BAG BAROQUE BLACK WHITE + JUMBO BAG RED RETROSPOT","JUMBO BAG SCANDINAVIAN BLUE PAISLEY",0.01379,0.43077,0.03201,9.77819,252,0,0
"JUMBO BAG APPLES + JUMBO BAG PINK POLKADOT + JUMBO BAG RED RETROSPOT","JUMBO STORAGE BAG SUKI",0.01001,0.63322,0.01582,9.77263,183,0,0
"LUNCH BAG PINK POLKADOT + LUNCH BAG SPACEBOY DESIGN","LUNCH BAG CARS BLUE",0.01439,0.61449,0.02342,9.77241,263,0,0
"JUMBO  BAG BAROQUE BLACK WHITE + JUMBO BAG PINK POLKADOT + JUMBO BAG RED RETROSPOT","JUMBO SHOPPER VINTAGE RED PAISLEY",0.01116,0.62769,0.01779,9.76987,204,0,0
"JUMBO  BAG BAROQUE BLACK WHITE + JUMBO SHOPPER VINTAGE RED PAISLEY","JUMBO BAG WOODLAND ANIMALS",0.01062,0.46081,0.02304,9.76837,194,0,0
"LUNCH BAG CARS BLUE + LUNCH BAG RED RETROSPOT + LUNCH BAG SUKI DESIGN","LUNCH BAG  BLACK SKULL.",0.01259,0.67847,0.01855,9.75422,230,0,0
"LUNCH BAG RED RETROSPOT + LUNCH BAG VINTAGE DOILY","LUNCH BAG APPLE DESIGN",0.01396,0.55195,0.02528,9.74468,255,0,0
"JUMBO BAG PINK VINTAGE PAISLEY + JUMBO BAG RED RETROSPOT + JUMBO BAG SCANDINAVIAN BLUE PAISLEY","JUMBO BAG PINK POLKADOT",0.01018,0.64808,0.01571,9.73884,186,0,0
"LUNCH BAG CARS BLUE + LUNCH BAG SPACEBOY DESIGN","LUNCH BAG WOODLAND",0.01428,0.54037,0.02643,9.7379,261,0,0
"LUNCH BAG CARS BLUE + LUNCH BAG RED RETROSPOT","LUNCH BAG PINK POLKADOT",0.01762,0.58018,0.03037,9.7352,322,0,0
"JUMBO  BAG BAROQUE BLACK WHITE + JUMBO BAG RED RETROSPOT + JUMBO STORAGE BAG SUKI","JUMBO BAG PINK POLKADOT",0.01127,0.6478,0.0174,9.73456,206,0,0
"JUMBO BAG OWLS + JUMBO BAG RED RETROSPOT","JUMBO  BAG BAROQUE BLACK WHITE",0.01056,0.49361,0.0214,9.72995,193,0,0
"JUMBO BAG PINK POLKADOT + JUMBO BAG RED RETROSPOT + JUMBO STORAGE BAG SUKI","JUMBO BAG PINK VINTAGE PAISLEY",0.0104,0.46005,0.0226,9.71846,190,0,0
"LUNCH BAG PINK POLKADOT + LUNCH BAG SUKI DESIGN + LUNCH BAG WOODLAND","LUNCH BAG RED RETROSPOT",0.01078,0.83122,0.01297,9.7116,197,0,0
"JUMBO BAG PINK POLKADOT + JUMBO BAG SCANDINAVIAN BLUE PAISLEY","JUMBO  BAG BAROQUE BLACK WHITE",0.01029,0.49215,0.02091,9.70118,188,0,0
"LUNCH BAG  BLACK SKULL. + LUNCH BAG RED RETROSPOT + LUNCH BAG SPACEBOY DESIGN","LUNCH BAG SUKI DESIGN",0.01182,0.67925,0.0174,9.67408,216,0,0
"JUMBO BAG PINK POLKADOT + LUNCH BAG RED RETROSPOT","LUNCH BAG PINK POLKADOT",0.01018,0.57585,0.01768,9.66256,186,0,0
"JUMBO BAG PINK POLKADOT + JUMBO BAG SCANDINAVIAN BLUE PAISLEY","JUMBO SHOPPER VINTAGE RED PAISLEY",0.01297,0.62042,0.02091,9.65666,237,0,0
"JUMBO BAG WOODLAND ANIMALS + JUMBO STORAGE BAG SUKI","JUMBO BAG SCANDINAVIAN BLUE PAISLEY",0.01045,0.42539,0.02457,9.65608,191,0,0
"JUMBO BAG RED RETROSPOT + JUMBO STORAGE BAG SKULLS","JUMBO STORAGE BAG SUKI",0.01417,0.6256,0.02266,9.65512,259,0,0
"HOT WATER BOTTLE KEEP CALM","HOT WATER BOTTLE TEA AND SYMPATHY",0.01439,0.33805,0.04258,9.63669,263,0,0
"HOT WATER BOTTLE TEA AND SYMPATHY","HOT WATER BOTTLE KEEP CALM",0.01439,0.4103,0.03508,9.63669,263,0,0
"LUNCH BAG APPLE DESIGN + LUNCH BAG RED RETROSPOT + LUNCH BAG SUKI DESIGN","LUNCH BAG  BLACK SKULL.",0.01034,0.67021,0.01543,9.63556,189,0,0
"PACK OF 60 SPACEBOY CAKE CASES","60 TEATIME FAIRY CAKE CASES",0.01242,0.43654,0.02846,9.6339,227,0,0
"JUMBO BAG PINK POLKADOT + JUMBO BAG RED RETROSPOT + JUMBO BAG SCANDINAVIAN BLUE PAISLEY","JUMBO STORAGE BAG SUKI",0.01089,0.62382,0.01746,9.62766,199,0,0
"LUNCH BAG ALPHABET DESIGN + LUNCH BAG SUKI DESIGN","LUNCH BAG SPACEBOY DESIGN",0.01067,0.60938,0.01751,9.62412,195,0,0
"REGENCY MILK JUG PINK","ROSES REGENCY TEACUP AND SAUCER",0.01007,0.55927,0.018,9.62293,184,0,0
"JAM MAKING SET PRINTED + SET OF 3 CAKE TINS PANTRY DESIGN","JAM MAKING SET WITH JARS",0.01127,0.59366,0.01899,9.59995,206,0,0
"LUNCH BAG PINK POLKADOT + LUNCH BAG RED RETROSPOT + LUNCH BAG SUKI DESIGN","LUNCH BAG  BLACK SKULL.",0.01209,0.66767,0.01811,9.59906,221,0,0
"JUMBO SHOPPER VINTAGE RED PAISLEY + JUMBO STORAGE BAG SUKI","JUMBO BAG PINK VINTAGE PAISLEY",0.01302,0.4542,0.02868,9.59488,238,0,0
"LUNCH BAG CARS BLUE + LUNCH BAG RED RETROSPOT + LUNCH BAG SPACEBOY DESIGN","LUNCH BAG  BLACK SKULL.",0.01073,0.66667,0.01609,9.58458,196,0,0
"LUNCH BAG  BLACK SKULL. + LUNCH BAG CARS BLUE + LUNCH BAG RED RETROSPOT","LUNCH BAG SPACEBOY DESIGN",0.01073,0.60681,0.01768,9.58363,196,0,0
"JUMBO BAG RED RETROSPOT + JUMBO BAG WOODLAND ANIMALS","JUMBO BAG PINK POLKADOT",0.01866,0.63738,0.02928,9.57805,341,0,0
"JUMBO BAG RED RETROSPOT + JUMBO STORAGE BAG SUKI","JUMBO BAG WOODLAND ANIMALS",0.0179,0.45166,0.03962,9.5744,327,0,0
"LUNCH BAG VINTAGE LEAF DESIGN","LUNCH BAG APPLE DESIGN",0.01976,0.54204,0.03645,9.56979,361,0,0
"LUNCH BAG APPLE DESIGN","LUNCH BAG VINTAGE LEAF DESIGN",0.01976,0.34879,0.05664,9.56979,361,0,0
"JUMBO BAG PINK POLKADOT + JUMBO BAG PINK VINTAGE PAISLEY","JUMBO SHOPPER VINTAGE RED PAISLEY",0.01275,0.61478,0.02074,9.56882,233,0,0
"60 TEATIME FAIRY CAKE CASES","PACK OF 60 DINOSAUR CAKE CASES",0.01423,0.31401,0.04531,9.56316,260,0,0
"PACK OF 60 DINOSAUR CAKE CASES","60 TEATIME FAIRY CAKE CASES",0.01423,0.43333,0.03284,9.56316,260,0,0
"LUNCH BAG PINK POLKADOT + LUNCH BAG WOODLAND","LUNCH BAG CARS BLUE",0.01302,0.60101,0.02167,9.5581,238,0,0
"CHARLOTTE BAG VINTAGE ALPHABET","RED RETROSPOT CHARLOTTE BAG",0.01379,0.53961,0.02556,9.55463,252,0,0
"SUKI  SHOULDER BAG","RECYCLING BAG RETROSPOT",0.01133,0.39057,0.029,9.55397,207,0,0
"LUNCH BAG ALPHABET DESIGN + LUNCH BAG CARS BLUE","LUNCH BAG SUKI DESIGN",0.01034,0.67021,0.01543,9.54544,189,0,0
"JUMBO BAG SCANDINAVIAN BLUE PAISLEY + JUMBO STORAGE BAG SUKI","JUMBO BAG PINK POLKADOT",0.01237,0.63483,0.01948,9.5397,226,0,0
"LUNCH BAG  BLACK SKULL. + LUNCH BAG ALPHABET DESIGN","LUNCH BAG SPACEBOY DESIGN",0.01001,0.60396,0.01658,9.53861,183,0,0
"LUNCH BAG CARS BLUE + LUNCH BAG SPACEBOY DESIGN + LUNCH BAG SUKI DESIGN","LUNCH BAG  BLACK SKULL.",0.01089,0.66333,0.01642,9.53666,199,0,0
"JUMBO BAG WOODLAND ANIMALS + JUMBO STORAGE BAG SUKI","JUMBO SHOPPER VINTAGE RED PAISLEY",0.01505,0.61247,0.02457,9.53297,275,0,0
"JUMBO  BAG BAROQUE BLACK WHITE + JUMBO BAG SCANDINAVIAN BLUE PAISLEY","JUMBO STORAGE BAG SUKI",0.01034,0.61765,0.01675,9.53232,189,0,0
"LUNCH BAG PINK POLKADOT + LUNCH BAG WOODLAND","LUNCH BAG SPACEBOY DESIGN",0.01308,0.60354,0.02167,9.53189,239,0,0
"LUNCH BAG  BLACK SKULL. + LUNCH BAG RED RETROSPOT + LUNCH BAG SUKI DESIGN","LUNCH BAG SPACEBOY DESIGN",0.01182,0.60335,0.01959,9.529,216,0,0
"JUMBO BAG SCANDINAVIAN BLUE PAISLEY + JUMBO SHOPPER VINTAGE RED PAISLEY","JUMBO STORAGE BAG SUKI",0.01357,0.61692,0.022,9.52103,248,0,0
"BEWARE OF THE CAT METAL SIGN","GIN + TONIC DIET METAL SIGN",0.01034,0.42094,0.02457,9.5195,189,0,0
"JUMBO BAG ALPHABET + JUMBO BAG VINTAGE DOILY","JUMBO BAG APPLES",0.01029,0.50811,0.02025,9.51297,188,0,0
"JUMBO BAG RED RETROSPOT + JUMBO BAG SCANDINAVIAN BLUE PAISLEY","JUMBO BAG OWLS",0.01001,0.33826,0.02961,9.50934,183,0,0
"JUMBO BAG APPLES + JUMBO SHOPPER VINTAGE RED PAISLEY","JUMBO STORAGE BAG SUKI",0.01122,0.61562,0.01822,9.50097,205,0,0
"LUNCH BAG APPLE DESIGN + LUNCH BAG CARS BLUE","LUNCH BAG WOODLAND",0.01056,0.52589,0.02008,9.47683,193,0,0
"JAM MAKING SET WITH JARS + RECIPE BOX PANTRY YELLOW DESIGN","JAM MAKING SET PRINTED",0.01095,0.59701,0.01833,9.46984,200,0,0
"LUNCH BAG SPACEBOY DESIGN + RED RETROSPOT CHARLOTTE BAG","LUNCH BAG  BLACK SKULL.",0.01045,0.65862,0.01587,9.4689,191,0,0
"JUMBO BAG PINK POLKADOT + JUMBO STORAGE BAG SKULLS","JUMBO STORAGE BAG SUKI",0.01111,0.61329,0.01811,9.46512,203,0,0
"JUMBO BAG PINK VINTAGE PAISLEY + JUMBO SHOPPER VINTAGE RED PAISLEY","JUMBO BAG WOODLAND ANIMALS",0.01018,0.44604,0.02282,9.45539,186,0,0
"LUNCH BAG  BLACK SKULL. + LUNCH BAG RED RETROSPOT","LUNCH BAG PINK POLKADOT",0.01976,0.56318,0.03508,9.44999,361,0,0
"JUMBO BAG RED RETROSPOT + JUMBO BAG WOODLAND ANIMALS","JUMBO STORAGE BAG SUKI",0.0179,0.61121,0.02928,9.43305,327,0,0
"JUMBO BAG RED RETROSPOT + JUMBO STORAGE BAG SUKI","JUMBO BAG SPACEBOY DESIGN",0.01401,0.35359,0.03962,9.43237,256,0,0
"LUNCH BAG CARS BLUE + LUNCH BAG PINK POLKADOT + LUNCH BAG RED RETROSPOT","LUNCH BAG SPACEBOY DESIGN",0.01051,0.59627,0.01762,9.4172,192,0,0
"LUNCH BAG RED RETROSPOT + LUNCH BAG SPACEBOY DESIGN + LUNCH BAG SUKI DESIGN","LUNCH BAG  BLACK SKULL.",0.01182,0.65455,0.01806,9.41031,216,0,0
"LUNCH BAG PINK POLKADOT + LUNCH BAG RED RETROSPOT + LUNCH BAG WOODLAND","LUNCH BAG  BLACK SKULL.",0.01012,0.65371,0.01549,9.39831,185,0,0
"LUNCH BAG ALPHABET DESIGN + LUNCH BAG SUKI DESIGN","LUNCH BAG CARS BLUE",0.01034,0.59062,0.01751,9.39294,189,0,0
"LUNCH BAG APPLE DESIGN + LUNCH BAG CARS BLUE","LUNCH BAG SUKI DESIGN",0.01324,0.6594,0.02008,9.39145,242,0,0
"LUNCH BAG RED RETROSPOT + LUNCH BAG SUKI DESIGN","LUNCH BAG DOLLY GIRL DESIGN",0.01253,0.34962,0.03585,9.38117,229,0,0
"LUNCH BAG DOLLY GIRL DESIGN + LUNCH BAG RED RETROSPOT","LUNCH BAG PINK POLKADOT",0.01095,0.55866,0.01959,9.37409,200,0,0
"LUNCH BAG APPLE DESIGN + LUNCH BAG PINK POLKADOT","LUNCH BAG VINTAGE DOILY",0.01073,0.5616,0.0191,9.36332,196,0,0
"LUNCH BAG  BLACK SKULL. + LUNCH BAG ALPHABET DESIGN","LUNCH BAG SUKI DESIGN",0.01089,0.65677,0.01658,9.35392,199,0,0
"JUMBO BAG PINK POLKADOT + JUMBO STORAGE BAG SUKI","JUMBO SHOPPER VINTAGE RED PAISLEY",0.01691,0.6,0.02818,9.33884,309,0,0
"LUNCH BAG RED RETROSPOT + LUNCH BAG SUKI DESIGN + LUNCH BAG WOODLAND","LUNCH BAG  BLACK SKULL.",0.01105,0.64952,0.01702,9.33803,202,0,0
"YOU'RE CONFUSING ME METAL SIGN","PLEASE ONE PERSON METAL SIGN",0.01051,0.42667,0.02463,9.3371,192,0,0
"LUNCH BAG  BLACK SKULL. + LUNCH BAG APPLE DESIGN","LUNCH BAG WOODLAND",0.01177,0.51807,0.02271,9.33603,215,0,0
"LUNCH BAG CARS BLUE + LUNCH BAG PINK POLKADOT + LUNCH BAG RED RETROSPOT","LUNCH BAG SUKI DESIGN",0.01155,0.65528,0.01762,9.33275,211,0,0
"LUNCH BAG  BLACK SKULL. + LUNCH BAG RED RETROSPOT + LUNCH BAG SUKI DESIGN","LUNCH BAG APPLE DESIGN",0.01034,0.52793,0.01959,9.32069,189,0,0
"LUNCH BAG  BLACK SKULL. + LUNCH BAG WOODLAND","LUNCH BAG SPACEBOY DESIGN",0.01434,0.59009,0.0243,9.31955,262,0,0
"JUMBO BAG RED RETROSPOT + JUMBO STORAGE BAG SUKI","JUMBO STORAGE BAG SKULLS",0.01417,0.35773,0.03962,9.31181,259,0,0
"JUMBO BAG WOODLAND ANIMALS + JUMBO STORAGE BAG SUKI","JUMBO BAG PINK POLKADOT",0.01521,0.61915,0.02457,9.30411,278,0,0
"LUNCH BAG  BLACK SKULL. + LUNCH BAG WOODLAND","LUNCH BAG PINK POLKADOT",0.01346,0.55405,0.0243,9.29681,246,0,0
"LUNCH BAG PINK POLKADOT + LUNCH BAG SPACEBOY DESIGN + LUNCH BAG WOODLAND","LUNCH BAG RED RETROSPOT",0.0104,0.79498,0.01308,9.28814,190,0,0
"LUNCH BAG  BLACK SKULL. + LUNCH BAG VINTAGE LEAF DESIGN","LUNCH BAG SUKI DESIGN",0.01045,0.65188,0.01603,9.2843,191,0,0
"CHOCOLATE THIS WAY METAL SIGN","GIN + TONIC DIET METAL SIGN",0.01051,0.41026,0.02561,9.27799,192,0,0
"LUNCH BAG SUKI DESIGN + LUNCH BAG VINTAGE LEAF DESIGN","LUNCH BAG  BLACK SKULL.",0.01045,0.64527,0.0162,9.27697,191,0,0
"JUMBO  BAG BAROQUE BLACK WHITE + JUMBO BAG RED RETROSPOT","JUMBO BAG OWLS",0.01056,0.32991,0.03201,9.27466,193,0,0
"JUMBO BAG RED RETROSPOT + JUMBO SHOPPER VINTAGE RED PAISLEY","JUMBO BAG WOODLAND ANIMALS",0.01625,0.43676,0.03721,9.2587,297,0,0
"WOODEN PICTURE FRAME WHITE FINISH","WOODEN FRAME ANTIQUE WHITE",0.0295,0.49089,0.06009,9.25705,539,0,0
"WOODEN FRAME ANTIQUE WHITE","WOODEN PICTURE FRAME WHITE FINISH",0.0295,0.55624,0.05303,9.25705,539,0,0
"JUMBO BAG RED RETROSPOT + JUMBO STORAGE BAG SKULLS","JUMBO BAG PINK POLKADOT",0.01396,0.61594,0.02266,9.25585,255,0,0
"JUMBO BAG PEARS","JUMBO BAG VINTAGE DOILY",0.02025,0.6229,0.03251,9.2538,370,0,0
"JUMBO BAG VINTAGE DOILY","JUMBO BAG PEARS",0.02025,0.30081,0.06731,9.2538,370,0,0
"JUMBO BAG RED RETROSPOT + JUMBO BAG WOODLAND ANIMALS","JUMBO BAG SCANDINAVIAN BLUE PAISLEY",0.01193,0.40748,0.02928,9.24947,218,0,0
"JUMBO BAG RED RETROSPOT + JUMBO BAG SPACEBOY DESIGN","JUMBO BAG PINK POLKADOT",0.01445,0.61538,0.02348,9.24747,264,0,0
"LUNCH BAG APPLE DESIGN + LUNCH BAG WOODLAND","LUNCH BAG SPACEBOY DESIGN",0.01182,0.58537,0.02019,9.24494,216,0,0
"JUMBO BAG RED RETROSPOT + JUMBO BAG WOODLAND ANIMALS","RECYCLING BAG RETROSPOT",0.01105,0.37757,0.02928,9.23606,202,0,0
"LUNCH BAG  BLACK SKULL. + LUNCH BAG PINK POLKADOT + LUNCH BAG RED RETROSPOT","LUNCH BAG WOODLAND",0.01012,0.51247,0.01976,9.23499,185,0,0
"JUMBO  BAG BAROQUE BLACK WHITE + JUMBO BAG SCANDINAVIAN BLUE PAISLEY","JUMBO BAG PINK POLKADOT",0.01029,0.61438,0.01675,9.23236,188,0,0
"JUMBO BAG APPLES + JUMBO BAG WOODLAND ANIMALS","JUMBO BAG PINK POLKADOT",0.01018,0.61386,0.01658,9.22458,186,0,0
"LUNCH BAG  BLACK SKULL. + LUNCH BAG SPACEBOY DESIGN","LUNCH BAG WOODLAND",0.01434,0.51172,0.02802,9.22154,262,0,0
"JUMBO SHOPPER VINTAGE RED PAISLEY + JUMBO STORAGE BAG SUKI","JUMBO  BAG BAROQUE BLACK WHITE",0.01341,0.46756,0.02868,9.21648,245,0,0
"JUMBO BAG VINTAGE DOILY + JUMBO BAG VINTAGE LEAF","JUMBO BAG APPLES",0.0139,0.49225,0.02824,9.21603,254,0,0
"JUMBO BAG PINK POLKADOT + JUMBO BAG WOODLAND ANIMALS","JUMBO SHOPPER VINTAGE RED PAISLEY",0.0139,0.59207,0.02348,9.21548,254,0,0
"JUMBO BAG RED RETROSPOT + JUMBO BAG SPACEBOY DESIGN","JUMBO STORAGE BAG SUKI",0.01401,0.59674,0.02348,9.2096,256,0,0
"SCANDINAVIAN REDS RIBBONS","6 RIBBONS RUSTIC CHARM",0.01188,0.48115,0.02468,9.2064,217,0,0
"LUNCH BAG CARS BLUE + LUNCH BAG WOODLAND","LUNCH BAG SPACEBOY DESIGN",0.01428,0.58259,0.02452,9.20108,261,0,0
"LUNCH BAG CARS BLUE + LUNCH BAG PINK POLKADOT + LUNCH BAG SUKI DESIGN","LUNCH BAG RED RETROSPOT",0.01155,0.78731,0.01467,9.19858,211,0,0
"LUNCH BAG  BLACK SKULL. + LUNCH BAG APPLE DESIGN","LUNCH BAG SUKI DESIGN",0.01467,0.64578,0.02271,9.1975,268,0,0
"JUMBO BAG OWLS","JUMBO BAG WOODLAND ANIMALS",0.01543,0.43385,0.03557,9.19683,282,0,0
"JUMBO BAG WOODLAND ANIMALS","JUMBO BAG OWLS",0.01543,0.32715,0.04717,9.19683,282,0,0
"LUNCH BAG  BLACK SKULL. + LUNCH BAG DOLLY GIRL DESIGN","LUNCH BAG SUKI DESIGN",0.01067,0.6457,0.01653,9.19625,195,0,0
"JUMBO BAG PINK POLKADOT + JUMBO BAG SPACEBOY DESIGN","JUMBO STORAGE BAG SUKI",0.01105,0.59587,0.01855,9.19623,202,0,0
"LUNCH BAG DOLLY GIRL DESIGN + LUNCH BAG SPACEBOY DESIGN","LUNCH BAG WOODLAND",0.01084,0.51031,0.02123,9.19614,198,0,0
"JUMBO BAG ALPHABET + JUMBO BAG RED RETROSPOT","JUMBO BAG VINTAGE LEAF",0.01001,0.44203,0.02266,9.18907,183,0,0
"JUMBO BAG RED RETROSPOT + JUMBO BAG SCANDINAVIAN BLUE PAISLEY","JUMBO  BAG BAROQUE BLACK WHITE",0.01379,0.4658,0.02961,9.18192,252,0,0
"LUNCH BAG  BLACK SKULL. + LUNCH BAG WOODLAND","LUNCH BAG CARS BLUE",0.01401,0.57658,0.0243,9.16952,256,0,0
"LUNCH BAG RED RETROSPOT + LUNCH BAG WOODLAND","LUNCH BAG SPACEBOY DESIGN",0.01669,0.57985,0.02879,9.15779,305,0,0
"JUMBO BAG PINK VINTAGE PAISLEY + JUMBO STORAGE BAG SUKI","JUMBO BAG PINK POLKADOT",0.0122,0.60929,0.02003,9.15588,223,0,0
"LUNCH BAG RED RETROSPOT + LUNCH BAG SPACEBOY DESIGN + LUNCH BAG WOODLAND","LUNCH BAG SUKI DESIGN",0.01073,0.64262,0.01669,9.15249,196,0,0
"COOK WITH WINE METAL SIGN","PLEASE ONE PERSON METAL SIGN",0.01647,0.41806,0.0394,9.14866,301,0,0
"PLEASE ONE PERSON METAL SIGN","COOK WITH WINE METAL SIGN",0.01647,0.36048,0.0457,9.14866,301,0,0
"JUMBO BAG PINK POLKADOT + JUMBO STORAGE BAG SUKI","JUMBO BAG PINK VINTAGE PAISLEY",0.0122,0.43301,0.02818,9.14727,223,0,0
"LUNCH BAG SUKI DESIGN + LUNCH BAG WOODLAND","LUNCH BAG SPACEBOY DESIGN",0.01423,0.57906,0.02457,9.14542,260,0,0
"LUNCH BAG RED RETROSPOT + LUNCH BAG SPACEBOY DESIGN + LUNCH BAG WOODLAND","LUNCH BAG  BLACK SKULL.",0.01062,0.63607,0.01669,9.14463,194,0,0
"LUNCH BAG APPLE DESIGN + LUNCH BAG VINTAGE LEAF DESIGN","LUNCH BAG VINTAGE DOILY",0.01084,0.54848,0.01976,9.14444,198,0,0
"JUMBO BAG RED RETROSPOT + JUMBO STORAGE BAG SKULLS","JUMBO  BAG BAROQUE BLACK WHITE",0.01051,0.46377,0.02266,9.14179,192,0,0
"LUNCH BAG CARS BLUE + LUNCH BAG SPACEBOY DESIGN","LUNCH BAG PINK POLKADOT",0.01439,0.54451,0.02643,9.13673,263,0,0
"LUNCH BAG ALPHABET DESIGN + LUNCH BAG SPACEBOY DESIGN","LUNCH BAG SUKI DESIGN",0.01067,0.64145,0.01664,9.13575,195,0,0
"JUMBO BAG PINK POLKADOT + JUMBO BAG SCANDINAVIAN BLUE PAISLEY","JUMBO STORAGE BAG SUKI",0.01237,0.59162,0.02091,9.13068,226,0,0
"LUNCH BAG PINK POLKADOT + LUNCH BAG SUKI DESIGN","LUNCH BAG WOODLAND",0.01297,0.50641,0.02561,9.12587,237,0,0
"JUMBO BAG OWLS + JUMBO BAG RED RETROSPOT","JUMBO STORAGE BAG SUKI",0.01264,0.59079,0.0214,9.11787,231,0,0
"LUNCH BAG DOLLY GIRL DESIGN + LUNCH BAG RED RETROSPOT","LUNCH BAG SUKI DESIGN",0.01253,0.63966,0.01959,9.11036,229,0,0
"LUNCH BAG PINK POLKADOT + LUNCH BAG SUKI DESIGN","LUNCH BAG CARS BLUE",0.01467,0.57265,0.02561,9.10707,268,0,0
"LUNCH BAG SUKI DESIGN + LUNCH BAG WOODLAND","LUNCH BAG CARS BLUE",0.01406,0.57238,0.02457,9.10283,257,0,0
"REGENCY TEA PLATE ROSES","GREEN REGENCY TEACUP AND SAUCER",0.01226,0.5045,0.0243,9.1005,224,0,0
"JUMBO BAG PINK VINTAGE PAISLEY + JUMBO BAG RED RETROSPOT","JUMBO BAG STRAWBERRY",0.0116,0.40927,0.02835,9.09796,212,0,0
"JUMBO BAG PINK POLKADOT + JUMBO BAG WOODLAND ANIMALS","JUMBO  BAG BAROQUE BLACK WHITE",0.01084,0.46154,0.02348,9.09783,198,0,0
"LUNCH BAG RED RETROSPOT + LUNCH BAG VINTAGE LEAF DESIGN","LUNCH BAG  BLACK SKULL.",0.01056,0.63279,0.01669,9.09749,193,0,0
"LUNCH BAG CARS BLUE + RED RETROSPOT CHARLOTTE BAG","LUNCH BAG  BLACK SKULL.",0.01056,0.63279,0.01669,9.09749,193,0,0
"JUMBO BAG PINK POLKADOT + JUMBO BAG PINK VINTAGE PAISLEY","JUMBO STORAGE BAG SUKI",0.0122,0.58839,0.02074,9.08079,223,0,0
"LUNCH BAG  BLACK SKULL. + LUNCH BAG PINK POLKADOT","LUNCH BAG CARS BLUE",0.01696,0.56985,0.02977,9.0626,310,0,0
"JUMBO  BAG BAROQUE BLACK WHITE + JUMBO BAG PINK POLKADOT","JUMBO SHOPPER VINTAGE RED PAISLEY",0.01319,0.58213,0.02266,9.06063,241,0,0
"LUNCH BAG ALPHABET DESIGN + LUNCH BAG RED RETROSPOT","LUNCH BAG SUKI DESIGN",0.01078,0.63548,0.01696,9.05082,197,0,0
"LUNCH BAG SPACEBOY DESIGN + LUNCH BAG SUKI DESIGN","LUNCH BAG ALPHABET DESIGN",0.01067,0.36585,0.02917,9.04634,195,0,0
"PAPER CHAIN KIT VINTAGE CHRISTMAS","60 CAKE CASES VINTAGE CHRISTMAS",0.01368,0.30637,0.04466,9.04418,250,0,0
"60 CAKE CASES VINTAGE CHRISTMAS","PAPER CHAIN KIT VINTAGE CHRISTMAS",0.01368,0.40388,0.03388,9.04418,250,0,0
"JUMBO BAG RED RETROSPOT + JUMBO SHOPPER VINTAGE RED PAISLEY","JUMBO BAG PINK VINTAGE PAISLEY",0.01593,0.42794,0.03721,9.0402,291,0,0
"JUMBO  BAG BAROQUE BLACK WHITE + JUMBO STORAGE BAG SUKI","JUMBO SHOPPER VINTAGE RED PAISLEY",0.01341,0.58057,0.02309,9.0364,245,0,0
"JUMBO BAG SPACEBOY DESIGN","JUMBO BAG WOODLAND ANIMALS",0.01598,0.42628,0.03749,9.03639,292,0,0
"JUMBO BAG WOODLAND ANIMALS","JUMBO BAG SPACEBOY DESIGN",0.01598,0.33875,0.04717,9.03639,292,0,0
"JUMBO BAG WOODLAND ANIMALS + JUMBO STORAGE BAG SUKI","JUMBO BAG PINK VINTAGE PAISLEY",0.01051,0.42762,0.02457,9.03335,192,0,0
"JUMBO BAG PINK POLKADOT + JUMBO STORAGE BAG SUKI","JUMBO  BAG BAROQUE BLACK WHITE",0.01292,0.45825,0.02818,9.03306,236,0,0
"LUNCH BAG RED RETROSPOT + LUNCH BAG WOODLAND","LUNCH BAG PINK POLKADOT",0.01549,0.53802,0.02879,9.02782,283,0,0
"LUNCH BAG CARS BLUE + LUNCH BAG RED RETROSPOT","LUNCH BAG WOODLAND",0.01521,0.5009,0.03037,9.02659,278,0,0
"JUMBO BAG RED RETROSPOT + JUMBO SHOPPER VINTAGE RED PAISLEY","JUMBO  BAG BAROQUE BLACK WHITE",0.01702,0.45735,0.03721,9.01533,311,0,0
"CHARLOTTE BAG SUKI DESIGN + LUNCH BAG  BLACK SKULL.","LUNCH BAG SUKI DESIGN",0.01056,0.63279,0.01669,9.0124,193,0,0
"JUMBO BAG RED RETROSPOT + JUMBO BAG SCANDINAVIAN BLUE PAISLEY","JUMBO SHOPPER VINTAGE RED PAISLEY",0.01713,0.57856,0.02961,9.00511,313,0,0
"LUNCH BAG DOLLY GIRL DESIGN","LUNCH BAG SPACEBOY DESIGN",0.02123,0.56975,0.03727,8.99831,388,0,0
"LUNCH BAG SPACEBOY DESIGN","LUNCH BAG DOLLY GIRL DESIGN",0.02123,0.33535,0.06332,8.99831,388,0,0
"JUMBO STORAGE BAG SKULLS + JUMBO STORAGE BAG SUKI","JUMBO SHOPPER VINTAGE RED PAISLEY",0.0116,0.57766,0.02008,8.99107,212,0,0
"60 TEATIME FAIRY CAKE CASES","PACK OF 60 PINK PAISLEY CAKE CASES",0.01937,0.42754,0.04531,8.99007,354,0,0
"PACK OF 60 PINK PAISLEY CAKE CASES","60 TEATIME FAIRY CAKE CASES",0.01937,0.40736,0.04756,8.99007,354,0,0
"JUMBO  BAG BAROQUE BLACK WHITE + JUMBO SHOPPER VINTAGE RED PAISLEY","JUMBO STORAGE BAG SUKI",0.01341,0.58195,0.02304,8.98136,245,0,0
"LUNCH BAG  BLACK SKULL. + LUNCH BAG SUKI DESIGN","LUNCH BAG VINTAGE LEAF DESIGN",0.01045,0.32705,0.03196,8.97338,191,0,0
"JUMBO BAG RED RETROSPOT + JUMBO STORAGE BAG SUKI","JUMBO BAG OWLS",0.01264,0.31906,0.03962,8.96953,231,0,0
"JUMBO BAG APPLES + JUMBO BAG PINK POLKADOT","JUMBO STORAGE BAG SUKI",0.0116,0.58082,0.01997,8.96399,212,0,0
"LUNCH BAG  BLACK SKULL. + LUNCH BAG SUKI DESIGN","LUNCH BAG DOLLY GIRL DESIGN",0.01067,0.3339,0.03196,8.95952,195,0,0
"LUNCH BAG SPACEBOY DESIGN + LUNCH BAG SUKI DESIGN","LUNCH BAG CARS BLUE",0.01642,0.56285,0.02917,8.95125,300,0,0
"LUNCH BAG  BLACK SKULL. + LUNCH BAG VINTAGE DOILY","LUNCH BAG PINK POLKADOT",0.01095,0.53333,0.02052,8.94913,200,0,0
"LUNCH BAG ALPHABET DESIGN + LUNCH BAG SUKI DESIGN","LUNCH BAG  BLACK SKULL.",0.01089,0.62187,0.01751,8.94062,199,0,0
"LUNCH BAG  BLACK SKULL. + LUNCH BAG PINK POLKADOT + LUNCH BAG SUKI DESIGN","LUNCH BAG RED RETROSPOT",0.01209,0.76471,0.01582,8.93444,221,0,0
"LUNCH BAG PINK POLKADOT + LUNCH BAG WOODLAND","LUNCH BAG  BLACK SKULL.",0.01346,0.62121,0.02167,8.93109,246,0,0
"JUMBO BAG APPLES + JUMBO BAG RED RETROSPOT","JUMBO BAG WOODLAND ANIMALS",0.01259,0.42125,0.02988,8.92972,230,0,0
"LUNCH BAG CARS BLUE + LUNCH BAG WOODLAND","LUNCH BAG PINK POLKADOT",0.01302,0.53125,0.02452,8.91417,238,0,0
"LUNCH BAG  BLACK SKULL. + LUNCH BAG CARS BLUE + LUNCH BAG PINK POLKADOT","LUNCH BAG SUKI DESIGN",0.01062,0.62581,0.01696,8.91299,194,0,0
"LUNCH BAG ALPHABET DESIGN","LUNCH BAG APPLE DESIGN",0.02041,0.50474,0.04044,8.91115,373,0,0
"LUNCH BAG APPLE DESIGN","LUNCH BAG ALPHABET DESIGN",0.02041,0.36039,0.05664,8.91115,373,0,0
"LUNCH BAG APPLE DESIGN + LUNCH BAG CARS BLUE","LUNCH BAG SPACEBOY DESIGN",0.01133,0.56403,0.02008,8.90801,207,0,0
"LUNCH BAG PINK POLKADOT + LUNCH BAG SPACEBOY DESIGN","LUNCH BAG  BLACK SKULL.",0.0145,0.61916,0.02342,8.90157,265,0,0
"JUMBO BAG APPLES + JUMBO BAG VINTAGE DOILY","JUMBO BAG ALPHABET",0.01029,0.44028,0.02337,8.89962,188,0,0
"JUMBO BAG SPACEBOY DESIGN + JUMBO STORAGE BAG SUKI","JUMBO SHOPPER VINTAGE RED PAISLEY",0.01078,0.57101,0.01888,8.88769,197,0,0
"LUNCH BAG CARS BLUE + LUNCH BAG PINK POLKADOT","LUNCH BAG  BLACK SKULL.",0.01696,0.61753,0.02747,8.87815,310,0,0
"LUNCH BAG PINK POLKADOT + LUNCH BAG SUKI DESIGN","LUNCH BAG  BLACK SKULL.",0.01582,0.61752,0.02561,8.87802,289,0,0
"CHARLOTTE BAG SUKI DESIGN + LUNCH BAG RED RETROSPOT","LUNCH BAG SUKI DESIGN",0.01177,0.62319,0.01888,8.8757,215,0,0
"JUMBO BAG RED RETROSPOT + JUMBO STORAGE BAG SUKI","JUMBO BAG SCANDINAVIAN BLUE PAISLEY",0.01549,0.39088,0.03962,8.87282,283,0,0
"LUNCH BAG RED RETROSPOT + LUNCH BAG VINTAGE LEAF DESIGN","LUNCH BAG SUKI DESIGN",0.0104,0.62295,0.01669,8.87232,190,0,0
"LUNCH BAG  BLACK SKULL. + LUNCH BAG APPLE DESIGN","LUNCH BAG SPACEBOY DESIGN",0.01275,0.56145,0.02271,8.86716,233,0,0
"LUNCH BAG CARS BLUE + LUNCH BAG SUKI DESIGN + LUNCH BAG WOODLAND","LUNCH BAG RED RETROSPOT",0.01067,0.75875,0.01406,8.86492,195,0,0
"JUMBO SHOPPER VINTAGE RED PAISLEY + JUMBO STORAGE BAG SUKI","JUMBO BAG PINK POLKADOT",0.01691,0.58969,0.02868,8.86142,309,0,0
"JUMBO BAG RED RETROSPOT + JUMBO BAG SCANDINAVIAN BLUE PAISLEY","JUMBO BAG PINK POLKADOT",0.01746,0.58965,0.02961,8.86073,319,0,0
"JUMBO BAG SCANDINAVIAN BLUE PAISLEY + JUMBO SHOPPER VINTAGE RED PAISLEY","JUMBO BAG PINK POLKADOT",0.01297,0.58955,0.022,8.85928,237,0,0
"JUMBO BAG RED RETROSPOT + LUNCH BAG PINK POLKADOT","JUMBO BAG PINK POLKADOT",0.01171,0.58953,0.01987,8.85897,214,0,0
"LUNCH BAG SUKI DESIGN + LUNCH BAG WOODLAND","LUNCH BAG PINK POLKADOT",0.01297,0.52784,0.02457,8.85695,237,0,0
"LUNCH BAG PINK POLKADOT + LUNCH BAG RED RETROSPOT","LUNCH BAG DOLLY GIRL DESIGN",0.01095,0.33003,0.03316,8.85564,200,0,0
"LUNCH BAG  BLACK SKULL. + LUNCH BAG SPACEBOY DESIGN","LUNCH BAG CARS BLUE",0.0156,0.55664,0.02802,8.85248,285,0,0
"JUMBO BAG RED RETROSPOT + JUMBO SHOPPER VINTAGE RED PAISLEY","JUMBO STORAGE BAG SUKI",0.02134,0.57353,0.03721,8.85144,390,0,0
"LUNCH BAG CARS BLUE + LUNCH BAG SPACEBOY DESIGN","LUNCH BAG SUKI DESIGN",0.01642,0.62112,0.02643,8.84621,300,0,0
"LUNCH BAG  BLACK SKULL. + LUNCH BAG SPACEBOY DESIGN","LUNCH BAG ALPHABET DESIGN",0.01001,0.35742,0.02802,8.83785,183,0,0
"LUNCH BAG  BLACK SKULL. + LUNCH BAG CARS BLUE","LUNCH BAG WOODLAND",0.01401,0.49042,0.02857,8.83774,256,0,0
"JUMBO BAG APPLES + JUMBO BAG RED RETROSPOT","JUMBO STORAGE BAG SKULLS",0.01012,0.33883,0.02988,8.81966,185,0,0
"LUNCH BAG DOLLY GIRL DESIGN + LUNCH BAG PINK POLKADOT","LUNCH BAG RED RETROSPOT",0.01095,0.75472,0.0145,8.81774,200,0,0
"JUMBO BAG PINK VINTAGE PAISLEY + JUMBO BAG SCANDINAVIAN BLUE PAISLEY","JUMBO SHOPPER VINTAGE RED PAISLEY",0.01237,0.56642,0.02184,8.81612,226,0,0
"JUMBO BAG TOYS","JUMBO STORAGE BAG SUKI",0.01631,0.57088,0.02857,8.81057,298,0,0
"JUMBO BAG PINK VINTAGE PAISLEY + JUMBO SHOPPER VINTAGE RED PAISLEY","JUMBO STORAGE BAG SUKI",0.01302,0.57074,0.02282,8.80844,238,0,0
"LUNCH BAG SPACEBOY DESIGN + LUNCH BAG SUKI DESIGN + LUNCH BAG WOODLAND","LUNCH BAG RED RETROSPOT",0.01073,0.75385,0.01423,8.80756,196,0,0
"PAINTED METAL PEARS ASSORTED","ASSORTED COLOUR BIRD ORNAMENT",0.01417,0.7,0.02025,8.80323,259,0,0
"JUMBO BAG RED RETROSPOT + RECYCLING BAG RETROSPOT","JUMBO BAG PINK POLKADOT",0.0133,0.58554,0.02271,8.79902,243,0,0
"JUMBO BAG SPACEBOY DESIGN + JUMBO STORAGE BAG SUKI","JUMBO BAG PINK POLKADOT",0.01105,0.58551,0.01888,8.7985,202,0,0
"JUMBO  BAG BAROQUE BLACK WHITE + JUMBO BAG PINK POLKADOT","JUMBO STORAGE BAG SUKI",0.01292,0.57005,0.02266,8.79771,236,0,0
"LUNCH BAG SPACEBOY DESIGN + LUNCH BAG SUKI DESIGN","LUNCH BAG WOODLAND",0.01423,0.4878,0.02917,8.79059,260,0,0
"LUNCH BAG CARS BLUE + LUNCH BAG SUKI DESIGN","LUNCH BAG SPACEBOY DESIGN",0.01642,0.55659,0.0295,8.79041,300,0,0
"LUNCH BAG  BLACK SKULL. + LUNCH BAG PINK POLKADOT + LUNCH BAG WOODLAND","LUNCH BAG RED RETROSPOT",0.01012,0.75203,0.01346,8.78637,185,0,0
"LUNCH BAG APPLE DESIGN + LUNCH BAG CARS BLUE","LUNCH BAG PINK POLKADOT",0.01051,0.52316,0.02008,8.77844,192,0,0
"JUMBO BAG PINK POLKADOT + JUMBO BAG RED RETROSPOT","JUMBO BAG SCANDINAVIAN BLUE PAISLEY",0.01746,0.38667,0.04515,8.77709,319,0,0
"JUMBO BAG PINK POLKADOT + JUMBO BAG RED RETROSPOT","JUMBO BAG WOODLAND ANIMALS",0.01866,0.41333,0.04515,8.762,341,0,0
"LUNCH BAG SUKI DESIGN + RED RETROSPOT CHARLOTTE BAG","LUNCH BAG  BLACK SKULL.",0.01067,0.60938,0.01751,8.7609,195,0,0
"60 TEATIME FAIRY CAKE CASES + PACK OF 60 PINK PAISLEY CAKE CASES","PACK OF 72 RETROSPOT CAKE CASES",0.01226,0.63277,0.01937,8.75953,224,0,0
"LUNCH BAG APPLE DESIGN + LUNCH BAG PINK POLKADOT","LUNCH BAG CARS BLUE",0.01051,0.55014,0.0191,8.74915,192,0,0
"JUMBO BAG PINK VINTAGE PAISLEY + JUMBO BAG RED RETROSPOT","JUMBO SHOPPER VINTAGE RED PAISLEY",0.01593,0.56178,0.02835,8.7439,291,0,0
"LUNCH BAG  BLACK SKULL. + LUNCH BAG SUKI DESIGN + LUNCH BAG WOODLAND","LUNCH BAG RED RETROSPOT",0.01105,0.74815,0.01478,8.74099,202,0,0
"LUNCH BAG APPLE DESIGN + LUNCH BAG CARS BLUE","LUNCH BAG  BLACK SKULL.",0.0122,0.60763,0.02008,8.73581,223,0,0
"LUNCH BAG APPLE DESIGN + LUNCH BAG RED RETROSPOT","LUNCH BAG WOODLAND",0.01292,0.4846,0.02665,8.73283,236,0,0
"LUNCH BAG APPLE DESIGN + LUNCH BAG RED RETROSPOT","LUNCH BAG VINTAGE DOILY",0.01396,0.52361,0.02665,8.72993,255,0,0
"LUNCH BAG  BLACK SKULL. + LUNCH BAG PINK POLKADOT + LUNCH BAG SPACEBOY DESIGN","LUNCH BAG RED RETROSPOT",0.01084,0.74717,0.0145,8.72956,198,0,0
"JUMBO BAG VINTAGE LEAF","JUMBO BAG VINTAGE DOILY",0.02824,0.58703,0.0481,8.72099,516,0,0
"JUMBO BAG VINTAGE DOILY","JUMBO BAG VINTAGE LEAF",0.02824,0.41951,0.06731,8.72099,516,0,0
"LUNCH BAG  BLACK SKULL. + RED RETROSPOT CHARLOTTE BAG","LUNCH BAG CARS BLUE",0.01056,0.5483,0.01926,8.71976,193,0,0
"LUNCH BAG RED RETROSPOT + LUNCH BAG SPACEBOY DESIGN","LUNCH BAG PINK POLKADOT",0.01593,0.51964,0.03065,8.71941,291,0,0
"LUNCH BAG  BLACK SKULL. + LUNCH BAG PINK POLKADOT + LUNCH BAG RED RETROSPOT","LUNCH BAG SUKI DESIGN",0.01209,0.61219,0.01976,8.71903,221,0,0
"HEART OF WICKER LARGE + WHITE HANGING HEART T-LIGHT HOLDER","HEART OF WICKER SMALL",0.01122,0.57103,0.01965,8.71716,205,0,0
"LUNCH BAG  BLACK SKULL. + LUNCH BAG SPACEBOY DESIGN","LUNCH BAG SUKI DESIGN",0.01713,0.61133,0.02802,8.70678,313,0,0
"JUMBO BAG RED RETROSPOT + JUMBO BAG VINTAGE LEAF","JUMBO BAG ALPHABET",0.01001,0.43059,0.02326,8.70369,183,0,0
"JUMBO BAG APPLES + JUMBO BAG RED RETROSPOT","JUMBO BAG ALPHABET",0.01286,0.4304,0.02988,8.69995,235,0,0
"LUNCH BAG CARS BLUE + LUNCH BAG RED RETROSPOT","LUNCH BAG SUKI DESIGN",0.01855,0.61081,0.03037,8.69941,339,0,0
"LUNCH BAG APPLE DESIGN + LUNCH BAG SPACEBOY DESIGN","LUNCH BAG SUKI DESIGN",0.01313,0.61069,0.02151,8.69765,240,0,0
"JUMBO BAG WOODLAND ANIMALS + JUMBO STORAGE BAG SUKI","JUMBO  BAG BAROQUE BLACK WHITE",0.01084,0.44098,0.02457,8.69259,198,0,0
"LUNCH BAG  BLACK SKULL. + LUNCH BAG SPACEBOY DESIGN","LUNCH BAG PINK POLKADOT",0.0145,0.51758,0.02802,8.68476,265,0,0
"LUNCH BAG CARS BLUE + LUNCH BAG SUKI DESIGN","LUNCH BAG ALPHABET DESIGN",0.01034,0.35065,0.0295,8.67039,189,0,0
"REGENCY TEA PLATE ROSES","SET OF 3 REGENCY CAKE TINS",0.01001,0.41216,0.0243,8.66679,183,0,0
"LUNCH BAG SPACEBOY DESIGN + LUNCH BAG WOODLAND","LUNCH BAG CARS BLUE",0.01428,0.54489,0.02621,8.66552,261,0,0
"SCOTTIE DOG HOT WATER BOTTLE","CHOCOLATE HOT WATER BOTTLE",0.01702,0.4039,0.04214,8.66243,311,0,0
"CHOCOLATE HOT WATER BOTTLE","SCOTTIE DOG HOT WATER BOTTLE",0.01702,0.36502,0.04663,8.66243,311,0,0
"LUNCH BAG  BLACK SKULL. + LUNCH BAG PINK POLKADOT + LUNCH BAG RED RETROSPOT","LUNCH BAG SPACEBOY DESIGN",0.01084,0.54848,0.01976,8.66233,198,0,0
"CHARLOTTE BAG APPLES DESIGN","LUNCH BAG APPLE DESIGN",0.01565,0.49057,0.0319,8.66098,286,0,0
"LUNCH BAG  BLACK SKULL. + LUNCH BAG WOODLAND","LUNCH BAG SUKI DESIGN",0.01478,0.60811,0.0243,8.66092,270,0,0
"JUMBO BAG RED RETROSPOT + JUMBO STORAGE BAG SUKI","JUMBO  BAG BAROQUE BLACK WHITE",0.0174,0.43923,0.03962,8.65802,318,0,0
"RECIPE BOX BLUE SKETCHBOOK DESIGN","RECIPE BOX PANTRY YELLOW DESIGN",0.01023,0.52528,0.01948,8.65506,187,0,0
"LUNCH BAG ALPHABET DESIGN + LUNCH BAG SPACEBOY DESIGN","LUNCH BAG  BLACK SKULL.",0.01001,0.60197,0.01664,8.6545,183,0,0
"JUMBO BAG TOYS","JUMBO BAG SCANDINAVIAN BLUE PAISLEY",0.01089,0.38123,0.02857,8.65359,199,0,0
"LUNCH BAG  BLACK SKULL. + LUNCH BAG SPACEBOY DESIGN + LUNCH BAG WOODLAND","LUNCH BAG RED RETROSPOT",0.01062,0.74046,0.01434,8.65114,194,0,0
"JUMBO BAG RED RETROSPOT + JUMBO SHOPPER VINTAGE RED PAISLEY","JUMBO STORAGE BAG SKULLS",0.01237,0.33235,0.03721,8.65112,226,0,0
"LUNCH BAG SUKI DESIGN + LUNCH BAG WOODLAND","LUNCH BAG  BLACK SKULL.",0.01478,0.60134,0.02457,8.64533,270,0,0
"JUMBO BAG RED RETROSPOT + JUMBO BAG WOODLAND ANIMALS","JUMBO SHOPPER VINTAGE RED PAISLEY",0.01625,0.55514,0.02928,8.64061,297,0,0
"LUNCH BAG APPLE DESIGN + LUNCH BAG SUKI DESIGN","LUNCH BAG WOODLAND",0.01177,0.47884,0.02457,8.62907,215,0,0
"LUNCH BAG  BLACK SKULL. + LUNCH BAG CARS BLUE","LUNCH BAG SPACEBOY DESIGN",0.0156,0.54598,0.02857,8.62285,285,0,0
"JUMBO BAG APPLES + JUMBO SHOPPER VINTAGE RED PAISLEY","JUMBO BAG PINK POLKADOT",0.01045,0.57357,0.01822,8.61917,191,0,0
"LUNCH BAG RED RETROSPOT + LUNCH BAG VINTAGE DOILY","LUNCH BAG PINK POLKADOT",0.01297,0.51299,0.02528,8.60772,237,0,0
"JUMBO  BAG BAROQUE BLACK WHITE + JUMBO SHOPPER VINTAGE RED PAISLEY","JUMBO BAG PINK POLKADOT",0.01319,0.57245,0.02304,8.60223,241,0,0
"JAM MAKING SET WITH JARS + SET OF 3 CAKE TINS PANTRY DESIGN","JAM MAKING SET PRINTED",0.01127,0.54211,0.0208,8.59886,206,0,0
"LUNCH BAG  BLACK SKULL. + LUNCH BAG CARS BLUE","LUNCH BAG SUKI DESIGN",0.01724,0.60345,0.02857,8.59455,315,0,0
"LUNCH BAG CARS BLUE + LUNCH BAG SUKI DESIGN","LUNCH BAG WOODLAND",0.01406,0.47681,0.0295,8.59244,257,0,0
"SET OF 20 VINTAGE CHRISTMAS NAPKINS","PAPER CHAIN KIT VINTAGE CHRISTMAS",0.01281,0.38361,0.03338,8.59025,234,0,0
"JUMBO BAG RED RETROSPOT + JUMBO BAG WOODLAND ANIMALS","JUMBO  BAG BAROQUE BLACK WHITE",0.01275,0.43551,0.02928,8.58484,233,0,0
"LUNCH BAG APPLE DESIGN + LUNCH BAG SUKI DESIGN","LUNCH BAG  BLACK SKULL.",0.01467,0.59688,0.02457,8.58129,268,0,0
"LUNCH BAG ALPHABET DESIGN + LUNCH BAG RED RETROSPOT","LUNCH BAG  BLACK SKULL.",0.01012,0.59677,0.01696,8.57974,185,0,0
"JUMBO STORAGE BAG SUKI + LUNCH BAG RED RETROSPOT","LUNCH BAG SUKI DESIGN",0.01127,0.60234,0.01872,8.57876,206,0,0
"LUNCH BAG  BLACK SKULL. + LUNCH BAG SUKI DESIGN","LUNCH BAG CARS BLUE",0.01724,0.53938,0.03196,8.57803,315,0,0
"JUMBO BAG RED RETROSPOT + JUMBO STORAGE BAG SUKI","JUMBO BAG PINK POLKADOT",0.0226,0.57044,0.03962,8.57211,413,0,0
"LUNCH BAG APPLE DESIGN + LUNCH BAG SUKI DESIGN","LUNCH BAG CARS BLUE",0.01324,0.53898,0.02457,8.57154,242,0,0
"LUNCH BAG  BLACK SKULL. + RED RETROSPOT CHARLOTTE BAG","LUNCH BAG SPACEBOY DESIGN",0.01045,0.54261,0.01926,8.56973,191,0,0
"JUMBO BAG RED RETROSPOT + JUMBO BAG VINTAGE DOILY","JUMBO BAG APPLES",0.01445,0.45754,0.03158,8.5662,264,0,0
"LUNCH BAG PINK POLKADOT + LUNCH BAG RED RETROSPOT","LUNCH BAG  BLACK SKULL.",0.01976,0.59571,0.03316,8.56444,361,0,0
"LUNCH BAG VINTAGE LEAF DESIGN","LUNCH BAG VINTAGE DOILY",0.01872,0.51351,0.03645,8.56153,342,0,0
"LUNCH BAG VINTAGE DOILY","LUNCH BAG VINTAGE LEAF DESIGN",0.01872,0.31204,0.05998,8.56153,342,0,0
"JUMBO BAG PINK VINTAGE PAISLEY + JUMBO BAG RED RETROSPOT","JUMBO BAG PINK POLKADOT",0.01614,0.5695,0.02835,8.55793,295,0,0
"LUNCH BAG  BLACK SKULL. + LUNCH BAG APPLE DESIGN","LUNCH BAG VINTAGE DOILY",0.01166,0.51325,0.02271,8.55718,213,0,0
"LUNCH BAG RED RETROSPOT + LUNCH BAG SUKI DESIGN","LUNCH BAG WOODLAND",0.01702,0.47481,0.03585,8.5564,311,0,0
"LUNCH BAG  BLACK SKULL. + LUNCH BAG WOODLAND","LUNCH BAG APPLE DESIGN",0.01177,0.48423,0.0243,8.54919,215,0,0
"LUNCH BAG  BLACK SKULL. + LUNCH BAG APPLE DESIGN","LUNCH BAG CARS BLUE",0.0122,0.53735,0.02271,8.54568,223,0,0
"LUNCH BAG CARS BLUE + LUNCH BAG PINK POLKADOT","LUNCH BAG WOODLAND",0.01302,0.4741,0.02747,8.54368,238,0,0
"JUMBO  BAG BAROQUE BLACK WHITE + JUMBO BAG RED RETROSPOT","JUMBO STORAGE BAG SKULLS",0.01051,0.32821,0.03201,8.54315,192,0,0
"JUMBO BAG RED RETROSPOT + JUMBO BAG SCANDINAVIAN BLUE PAISLEY","JUMBO BAG WOODLAND ANIMALS",0.01193,0.40296,0.02961,8.54204,218,0,0
"JUMBO BAG PINK POLKADOT + JUMBO BAG RED RETROSPOT","JUMBO BAG SPACEBOY DESIGN",0.01445,0.32,0.04515,8.53629,264,0,0
"LUNCH BAG  BLACK SKULL. + LUNCH BAG CARS BLUE + LUNCH BAG SUKI DESIGN","LUNCH BAG RED RETROSPOT",0.01259,0.73016,0.01724,8.53081,230,0,0
"LUNCH BAG CARS BLUE + LUNCH BAG PINK POLKADOT + LUNCH BAG SPACEBOY DESIGN","LUNCH BAG RED RETROSPOT",0.01051,0.73004,0.01439,8.5294,192,0,0
"JUMBO BAG APPLES + JUMBO BAG RED RETROSPOT","JUMBO BAG VINTAGE LEAF",0.01226,0.41026,0.02988,8.52857,224,0,0
"LUNCH BAG PINK POLKADOT + LUNCH BAG WOODLAND","LUNCH BAG SUKI DESIGN",0.01297,0.59848,0.02167,8.52386,237,0,0
"LUNCH BAG APPLE DESIGN + LUNCH BAG SPACEBOY DESIGN","LUNCH BAG  BLACK SKULL.",0.01275,0.59288,0.02151,8.52369,233,0,0
"JUMBO BAG PINK VINTAGE PAISLEY + JUMBO BAG RED RETROSPOT","JUMBO BAG WOODLAND ANIMALS",0.01138,0.40154,0.02835,8.51209,208,0,0
"JUMBO BAG SPACEBOY DESIGN","JUMBO STORAGE BAG SKULLS",0.01226,0.32701,0.03749,8.51197,224,0,0
"JUMBO STORAGE BAG SKULLS","JUMBO BAG SPACEBOY DESIGN",0.01226,0.31909,0.03842,8.51197,224,0,0
"JUMBO BAG RED RETROSPOT + JUMBO STORAGE BAG SKULLS","JUMBO SHOPPER VINTAGE RED PAISLEY",0.01237,0.54589,0.02266,8.49669,226,0,0
"LUNCH BAG APPLE DESIGN + LUNCH BAG WOODLAND","LUNCH BAG VINTAGE DOILY",0.01029,0.50949,0.02019,8.49436,188,0,0
"JUMBO BAG APPLES + JUMBO STORAGE BAG SUKI","JUMBO SHOPPER VINTAGE RED PAISLEY",0.01122,0.54521,0.02058,8.48609,205,0,0
"LUNCH BAG CARS BLUE + LUNCH BAG SPACEBOY DESIGN","LUNCH BAG  BLACK SKULL.",0.0156,0.59006,0.02643,8.48325,285,0,0
"LUNCH BAG  BLACK SKULL. + LUNCH BAG CARS BLUE + LUNCH BAG PINK POLKADOT","LUNCH BAG RED RETROSPOT",0.01231,0.72581,0.01696,8.47996,225,0,0
"LUNCH BAG RED RETROSPOT + LUNCH BAG SUKI DESIGN","LUNCH BAG PINK POLKADOT",0.01811,0.50534,0.03585,8.47947,331,0,0
"JUMBO BAG APPLES + JUMBO STORAGE BAG SUKI","JUMBO BAG PINK POLKADOT",0.0116,0.56383,0.02058,8.47275,212,0,0
"LUNCH BAG  BLACK SKULL. + LUNCH BAG SUKI DESIGN","LUNCH BAG SPACEBOY DESIGN",0.01713,0.53596,0.03196,8.46463,313,0,0
"LUNCH BAG SUKI DESIGN + LUNCH BAG WOODLAND","LUNCH BAG APPLE DESIGN",0.01177,0.47884,0.02457,8.45399,215,0,0
"JUMBO BAG APPLES + LUNCH BAG APPLE DESIGN","LUNCH BAG VINTAGE DOILY",0.01012,0.50685,0.01997,8.45042,185,0,0
"LUNCH BAG PINK POLKADOT + LUNCH BAG RED RETROSPOT","LUNCH BAG CARS BLUE",0.01762,0.53135,0.03316,8.45032,322,0,0
"LUNCH BAG APPLE DESIGN + LUNCH BAG PINK POLKADOT","LUNCH BAG SUKI DESIGN",0.01133,0.59312,0.0191,8.4475,207,0,0
"LUNCH BAG APPLE DESIGN + LUNCH BAG PINK POLKADOT","LUNCH BAG  BLACK SKULL.",0.01122,0.58739,0.0191,8.44487,205,0,0
"JUMBO  BAG BAROQUE BLACK WHITE + JUMBO BAG RED RETROSPOT","JUMBO BAG WOODLAND ANIMALS",0.01275,0.39829,0.03201,8.44311,233,0,0
"LUNCH BAG SPACEBOY DESIGN + LUNCH BAG SUKI DESIGN","LUNCH BAG  BLACK SKULL.",0.01713,0.58724,0.02917,8.4427,313,0,0
"LUNCH BAG APPLE DESIGN + LUNCH BAG SUKI DESIGN","LUNCH BAG SPACEBOY DESIGN",0.01313,0.53452,0.02457,8.44192,240,0,0
"LUNCH BAG SUKI DESIGN + LUNCH BAG VINTAGE DOILY","LUNCH BAG PINK POLKADOT",0.01007,0.50273,0.02003,8.43565,184,0,0
"REGENCY TEAPOT ROSES","GREEN REGENCY TEACUP AND SAUCER",0.01062,0.46747,0.02271,8.43246,194,0,0
"LUNCH BAG  BLACK SKULL. + LUNCH BAG SUKI DESIGN","LUNCH BAG ALPHABET DESIGN",0.01089,0.34075,0.03196,8.42569,199,0,0
"JUMBO BAG WOODLAND ANIMALS","JUMBO STORAGE BAG SKULLS",0.01527,0.32367,0.04717,8.425,279,0,0
"JUMBO STORAGE BAG SKULLS","JUMBO BAG WOODLAND ANIMALS",0.01527,0.39744,0.03842,8.425,279,0,0
"JUMBO BAG VINTAGE DOILY + JUMBO BAG VINTAGE LEAF","JUMBO BAG ALPHABET",0.01177,0.41667,0.02824,8.42229,215,0,0
"SKULL SHOULDER BAG","RED RETROSPOT CHARLOTTE BAG",0.01067,0.47561,0.02244,8.42133,195,0,0
"LUNCH BAG RED RETROSPOT + LUNCH BAG WOODLAND","LUNCH BAG SUKI DESIGN",0.01702,0.59125,0.02879,8.42089,311,0,0
"LUNCH BAG CARS BLUE + LUNCH BAG SPACEBOY DESIGN + LUNCH BAG WOODLAND","LUNCH BAG RED RETROSPOT",0.01029,0.72031,0.01428,8.4157,188,0,0
"LUNCH BAG PINK POLKADOT + LUNCH BAG RED RETROSPOT","LUNCH BAG WOODLAND",0.01549,0.467,0.03316,8.41561,283,0,0
"72 SWEETHEART FAIRY CAKE CASES","PACK OF 60 PINK PAISLEY CAKE CASES",0.01346,0.4,0.03366,8.41105,246,0,0
"LUNCH BAG RED RETROSPOT + LUNCH BAG WOODLAND","LUNCH BAG CARS BLUE",0.01521,0.52852,0.02879,8.40522,278,0,0
"JUMBO  BAG BAROQUE BLACK WHITE + JUMBO STORAGE BAG SUKI","JUMBO BAG PINK POLKADOT",0.01292,0.55924,0.02309,8.4038,236,0,0
"JUMBO BAG PINK POLKADOT + JUMBO BAG SPACEBOY DESIGN","JUMBO SHOPPER VINTAGE RED PAISLEY",0.01001,0.53982,0.01855,8.4022,183,0,0
"LUNCH BAG CARS BLUE + LUNCH BAG SUKI DESIGN","LUNCH BAG  BLACK SKULL.",0.01724,0.58442,0.0295,8.40207,315,0,0
"RETROSPOT HEART HOT WATER BOTTLE","CHOCOLATE HOT WATER BOTTLE",0.01335,0.39165,0.03409,8.39986,244,0,0
"LUNCH BAG APPLE DESIGN + LUNCH BAG SPACEBOY DESIGN","LUNCH BAG VINTAGE DOILY",0.01084,0.50382,0.02151,8.39986,198,0,0
"JUMBO BAG PINK VINTAGE PAISLEY + JUMBO SHOPPER VINTAGE RED PAISLEY","JUMBO BAG PINK POLKADOT",0.01275,0.55875,0.02282,8.39646,233,0,0
"LUNCH BAG RED RETROSPOT + LUNCH BAG SPACEBOY DESIGN","LUNCH BAG SUKI DESIGN",0.01806,0.58929,0.03065,8.39284,330,0,0
"JUMBO  BAG BAROQUE BLACK WHITE + JUMBO BAG RED RETROSPOT","JUMBO STORAGE BAG SUKI",0.0174,0.54359,0.03201,8.38937,318,0,0
"JUMBO BAG RED RETROSPOT + JUMBO STORAGE BAG SUKI","JUMBO SHOPPER VINTAGE RED PAISLEY",0.02134,0.53867,0.03962,8.38432,390,0,0
"LUNCH BAG PINK POLKADOT + LUNCH BAG VINTAGE DOILY","LUNCH BAG  BLACK SKULL.",0.01095,0.58309,0.01877,8.38301,200,0,0
"LUNCH BAG APPLE DESIGN + LUNCH BAG WOODLAND","LUNCH BAG  BLACK SKULL.",0.01177,0.58266,0.02019,8.37677,215,0,0
"LUNCH BAG APPLE DESIGN + LUNCH BAG SPACEBOY DESIGN","LUNCH BAG CARS BLUE",0.01133,0.52672,0.02151,8.3766,207,0,0
"LUNCH BAG SPACEBOY DESIGN + LUNCH BAG WOODLAND","LUNCH BAG PINK POLKADOT",0.01308,0.49896,0.02621,8.37229,239,0,0
"LUNCH BAG CARS BLUE + LUNCH BAG RED RETROSPOT","LUNCH BAG  BLACK SKULL.",0.01768,0.58198,0.03037,8.36708,323,0,0
"JUMBO BAG RED RETROSPOT + JUMBO STORAGE BAG SKULLS","JUMBO BAG APPLES",0.01012,0.44686,0.02266,8.36626,185,0,0
"LUNCH BAG CARS BLUE + LUNCH BAG RED RETROSPOT","LUNCH BAG SPACEBOY DESIGN",0.01609,0.52973,0.03037,8.36625,294,0,0
"JUMBO BAG APPLES + JUMBO BAG RED RETROSPOT","JUMBO BAG SCANDINAVIAN BLUE PAISLEY",0.011,0.36813,0.02988,8.35636,201,0,0
"JUMBO BAG RED RETROSPOT + JUMBO BAG STRAWBERRY","JUMBO BAG PINK VINTAGE PAISLEY",0.0116,0.39552,0.02933,8.35535,212,0,0
"JUMBO BAG RED RETROSPOT + JUMBO SHOPPER VINTAGE RED PAISLEY","JUMBO BAG PINK POLKADOT",0.02069,0.55588,0.03721,8.35332,378,0,0
"LUNCH BAG PINK POLKADOT + LUNCH BAG WOODLAND","LUNCH BAG RED RETROSPOT",0.01549,0.71465,0.02167,8.34957,283,0,0
"LUNCH BAG RED RETROSPOT + LUNCH BAG SPACEBOY DESIGN","LUNCH BAG CARS BLUE",0.01609,0.525,0.03065,8.34928,294,0,0
"JUMBO  BAG BAROQUE BLACK WHITE + JUMBO BAG RED RETROSPOT","JUMBO BAG PINK POLKADOT",0.01779,0.55556,0.03201,8.34841,325,0,0
"LUNCH BAG CARS BLUE + LUNCH BAG SUKI DESIGN","LUNCH BAG PINK POLKADOT",0.01467,0.49722,0.0295,8.34311,268,0,0
"PACK OF 60 DINOSAUR CAKE CASES","PACK OF 60 PINK PAISLEY CAKE CASES",0.01302,0.39667,0.03284,8.34096,238,0,0
"LUNCH BAG  BLACK SKULL. + LUNCH BAG SUKI DESIGN","LUNCH BAG WOODLAND",0.01478,0.46233,0.03196,8.33149,270,0,0
"SET OF TEA COFFEE SUGAR TINS PANTRY","SET OF 3 REGENCY CAKE TINS",0.01018,0.39574,0.02572,8.32157,186,0,0
"LUNCH BAG APPLE DESIGN + LUNCH BAG WOODLAND","LUNCH BAG CARS BLUE",0.01056,0.52304,0.02019,8.31804,193,0,0
"PACK OF 72 SKULL CAKE CASES","60 TEATIME FAIRY CAKE CASES",0.01363,0.3767,0.03617,8.31338,249,0,0
"60 TEATIME FAIRY CAKE CASES","PACK OF 72 SKULL CAKE CASES",0.01363,0.30072,0.04531,8.31338,249,0,0
"JUMBO STORAGE BAG SKULLS + JUMBO STORAGE BAG SUKI","JUMBO BAG PINK POLKADOT",0.01111,0.55313,0.02008,8.31201,203,0,0
"CHARLOTTE BAG SUKI DESIGN + LUNCH BAG SUKI DESIGN","LUNCH BAG  BLACK SKULL.",0.01056,0.57784,0.01828,8.30759,193,0,0
"JUMBO BAG RED RETROSPOT + LUNCH BAG SUKI DESIGN","JUMBO STORAGE BAG SUKI",0.01193,0.53827,0.02216,8.30729,218,0,0
"LUNCH BAG  BLACK SKULL. + LUNCH BAG SUKI DESIGN","LUNCH BAG PINK POLKADOT",0.01582,0.49486,0.03196,8.30361,289,0,0
"LUNCH BAG APPLE DESIGN + LUNCH BAG WOODLAND","LUNCH BAG SUKI DESIGN",0.01177,0.58266,0.02019,8.29842,215,0,0
"JUMBO BAG PINK POLKADOT + JUMBO BAG RED RETROSPOT + JUMBO STORAGE BAG SUKI","JUMBO BAG APPLES",0.01001,0.4431,0.0226,8.29585,183,0,0
"LUNCH BAG DOLLY GIRL DESIGN + LUNCH BAG SUKI DESIGN","LUNCH BAG  BLACK SKULL.",0.01067,0.57692,0.0185,8.29435,195,0,0
"LUNCH BAG  BLACK SKULL. + LUNCH BAG APPLE DESIGN","LUNCH BAG PINK POLKADOT",0.01122,0.49398,0.02271,8.28873,205,0,0
"JUMBO BAG RED RETROSPOT + JUMBO SHOPPER VINTAGE RED PAISLEY","JUMBO BAG SPACEBOY DESIGN",0.01155,0.31029,0.03721,8.27738,211,0,0
"JUMBO  BAG BAROQUE BLACK WHITE + JUMBO BAG RED RETROSPOT","JUMBO SHOPPER VINTAGE RED PAISLEY",0.01702,0.53162,0.03201,8.27459,311,0,0
"LUNCH BAG CARS BLUE + LUNCH BAG PINK POLKADOT","LUNCH BAG SPACEBOY DESIGN",0.01439,0.5239,0.02747,8.27425,263,0,0
"LUNCH BAG PINK POLKADOT + LUNCH BAG SUKI DESIGN","LUNCH BAG RED RETROSPOT",0.01811,0.70726,0.02561,8.26333,331,0,0
"LUNCH BAG  BLACK SKULL. + LUNCH BAG RED RETROSPOT","LUNCH BAG VINTAGE LEAF DESIGN",0.01056,0.30109,0.03508,8.26104,193,0,0
"HAND OVER THE CHOCOLATE   SIGN","PLEASE ONE PERSON METAL SIGN",0.0139,0.37741,0.03683,8.25928,254,0,0
"PLEASE ONE PERSON METAL SIGN","HAND OVER THE CHOCOLATE   SIGN",0.0139,0.30419,0.0457,8.25928,254,0,0
"LUNCH BAG APPLE DESIGN + LUNCH BAG RED RETROSPOT","LUNCH BAG SUKI DESIGN",0.01543,0.57906,0.02665,8.24714,282,0,0
"LUNCH BAG APPLE DESIGN + LUNCH BAG SUKI DESIGN","LUNCH BAG VINTAGE DOILY",0.01215,0.49443,0.02457,8.24339,222,0,0
"LUNCH BAG  BLACK SKULL. + LUNCH BAG APPLE DESIGN + LUNCH BAG SUKI DESIGN","LUNCH BAG RED RETROSPOT",0.01034,0.70522,0.01467,8.23949,189,0,0
"LUNCH BAG RED RETROSPOT + LUNCH BAG SUKI DESIGN","LUNCH BAG CARS BLUE",0.01855,0.51756,0.03585,8.23092,339,0,0
"SET/6 RED SPOTTY PAPER PLATES","PAPER BUNTING RETROSPOT",0.01034,0.35863,0.02884,8.22248,189,0,0
"LUNCH BAG CARS BLUE + LUNCH BAG SPACEBOY DESIGN + LUNCH BAG SUKI DESIGN","LUNCH BAG RED RETROSPOT",0.01155,0.70333,0.01642,8.2174,211,0,0
"LUNCH BAG CARS BLUE + LUNCH BAG WOODLAND","LUNCH BAG  BLACK SKULL.",0.01401,0.57143,0.02452,8.21535,256,0,0
"JUMBO BAG RED RETROSPOT + JUMBO BAG WOODLAND ANIMALS","JUMBO BAG PINK VINTAGE PAISLEY",0.01138,0.38879,0.02928,8.21303,208,0,0
"LUNCH BAG  BLACK SKULL. + LUNCH BAG VINTAGE DOILY","LUNCH BAG SPACEBOY DESIGN",0.01067,0.52,0.02052,8.21258,195,0,0
"JUMBO BAG RED RETROSPOT + LUNCH BAG  BLACK SKULL.","LUNCH BAG PINK POLKADOT",0.01007,0.48936,0.02058,8.2113,184,0,0
"JUMBO BAG PINK VINTAGE PAISLEY + JUMBO BAG SCANDINAVIAN BLUE PAISLEY","JUMBO BAG PINK POLKADOT",0.01193,0.54637,0.02184,8.21032,218,0,0
"PACK OF 60 MUSHROOM CAKE CASES","PACK OF 72 RETROSPOT CAKE CASES",0.01275,0.59288,0.02151,8.20728,233,0,0
"LUNCH BAG APPLE DESIGN + LUNCH BAG RED RETROSPOT","LUNCH BAG PINK POLKADOT",0.01302,0.48871,0.02665,8.2003,238,0,0
"HOT WATER BOTTLE I AM SO POORLY","SCOTTIE DOG HOT WATER BOTTLE",0.01242,0.34551,0.03595,8.19935,227,0,0
"NO SINGING METAL SIGN","GIN + TONIC DIET METAL SIGN",0.01078,0.36213,0.02977,8.18966,197,0,0
"JUMBO BAG RED RETROSPOT + RECYCLING BAG RETROSPOT","JUMBO STORAGE BAG SUKI",0.01204,0.53012,0.02271,8.1815,220,0,0
"LUNCH BAG SPACEBOY DESIGN + LUNCH BAG VINTAGE DOILY","LUNCH BAG  BLACK SKULL.",0.01067,0.56851,0.01877,8.17344,195,0,0
"LUNCH BAG CARS BLUE + LUNCH BAG WOODLAND","LUNCH BAG SUKI DESIGN",0.01406,0.57366,0.02452,8.17031,257,0,0
"LUNCH BAG RED RETROSPOT + LUNCH BAG SPACEBOY DESIGN","LUNCH BAG  BLACK SKULL.",0.0174,0.56786,0.03065,8.16401,318,0,0
"LUNCH BAG  BLACK SKULL. + LUNCH BAG RED RETROSPOT","LUNCH BAG DOLLY GIRL DESIGN",0.01067,0.30421,0.03508,8.1628,195,0,0
"HEART OF WICKER LARGE","HEART OF WICKER SMALL",0.02698,0.53413,0.05051,8.15382,493,0,0
"HEART OF WICKER SMALL","HEART OF WICKER LARGE",0.02698,0.41186,0.06551,8.15382,493,0,0
"LUNCH BAG  BLACK SKULL. + LUNCH BAG PINK POLKADOT","LUNCH BAG WOODLAND",0.01346,0.45221,0.02977,8.14907,246,0,0
"JUMBO BAG APPLES + JUMBO BAG PINK POLKADOT","JUMBO SHOPPER VINTAGE RED PAISLEY",0.01045,0.52329,0.01997,8.14483,191,0,0
"CHARLOTTE BAG SUKI DESIGN + LUNCH BAG RED RETROSPOT","LUNCH BAG  BLACK SKULL.",0.01067,0.56522,0.01888,8.12606,195,0,0
"GINGERBREAD MAN COOKIE CUTTER","SET OF 3 HEART COOKIE CUTTERS",0.01111,0.30389,0.03656,8.11845,203,0,0
"JUMBO BAG TOYS","JUMBO BAG PINK POLKADOT",0.01543,0.54023,0.02857,8.11811,282,0,0
"JUMBO BAG PINK POLKADOT + JUMBO BAG WOODLAND ANIMALS","JUMBO BAG APPLES",0.01018,0.43357,0.02348,8.11738,186,0,0
"LUNCH BAG DOLLY GIRL DESIGN + LUNCH BAG SPACEBOY DESIGN","LUNCH BAG SUKI DESIGN",0.01209,0.56959,0.02123,8.1123,221,0,0
"LUNCH BAG  BLACK SKULL. + LUNCH BAG SUKI DESIGN","LUNCH BAG APPLE DESIGN",0.01467,0.4589,0.03196,8.10199,268,0,0
"JUMBO BAG APPLES","JUMBO BAG ALPHABET",0.0214,0.40061,0.05341,8.09782,391,0,0
"JUMBO BAG ALPHABET","JUMBO BAG APPLES",0.0214,0.43252,0.04947,8.09782,391,0,0
"LUNCH BAG  BLACK SKULL. + LUNCH BAG RED RETROSPOT","LUNCH BAG WOODLAND",0.01576,0.4493,0.03508,8.09667,288,0,0
"LUNCH BAG SUKI DESIGN + LUNCH BAG WOODLAND","LUNCH BAG RED RETROSPOT",0.01702,0.69265,0.02457,8.09258,311,0,0
"LUNCH BAG SUKI DESIGN + LUNCH BAG VINTAGE DOILY","LUNCH BAG  BLACK SKULL.",0.01127,0.56284,0.02003,8.0919,206,0,0
"LUNCH BAG ALPHABET DESIGN + LUNCH BAG APPLE DESIGN","LUNCH BAG SPACEBOY DESIGN",0.01045,0.51206,0.02041,8.08725,191,0,0
"JUMBO BAG OWLS","JUMBO BAG SPACEBOY DESIGN",0.01078,0.30308,0.03557,8.08485,197,0,0
"LUNCH BAG DOLLY GIRL DESIGN + LUNCH BAG WOODLAND","LUNCH BAG RED RETROSPOT",0.01078,0.69123,0.0156,8.07597,197,0,0
"LUNCH BAG APPLE DESIGN + LUNCH BAG RED RETROSPOT","LUNCH BAG SPACEBOY DESIGN",0.01363,0.51129,0.02665,8.07508,249,0,0
"JUMBO BAG RED RETROSPOT + JUMBO BAG SCANDINAVIAN BLUE PAISLEY","JUMBO STORAGE BAG SUKI",0.01549,0.52311,0.02961,8.07323,283,0,0
"LUNCH BAG PINK POLKADOT + LUNCH BAG VINTAGE DOILY","LUNCH BAG RED RETROSPOT",0.01297,0.69096,0.01877,8.07286,237,0,0
"JUMBO BAG OWLS + JUMBO BAG RED RETROSPOT","JUMBO BAG PINK POLKADOT",0.01149,0.53708,0.0214,8.07084,210,0,0
"JUMBO STORAGE BAG SUKI","JUMBO STORAGE BAG SKULLS",0.02008,0.30997,0.0648,8.06839,367,0,0
"JUMBO STORAGE BAG SKULLS","JUMBO STORAGE BAG SUKI",0.02008,0.52279,0.03842,8.06839,367,0,0
"LUNCH BAG  BLACK SKULL. + LUNCH BAG SPACEBOY DESIGN + LUNCH BAG SUKI DESIGN","LUNCH BAG RED RETROSPOT",0.01182,0.6901,0.01713,8.06274,216,0,0
"JUMBO BAG APPLES + JUMBO BAG VINTAGE DOILY","LUNCH BAG APPLE DESIGN",0.01067,0.45667,0.02337,8.06262,195,0,0
"JUMBO BAG RED RETROSPOT + JUMBO BAG WOODLAND ANIMALS","JUMBO BAG APPLES",0.01259,0.42991,0.02928,8.04885,230,0,0
"LUNCH BAG APPLE DESIGN + LUNCH BAG VINTAGE LEAF DESIGN","LUNCH BAG SUKI DESIGN",0.01116,0.5651,0.01976,8.04834,204,0,0
"JUMBO BAG WOODLAND ANIMALS + JUMBO STORAGE BAG SUKI","JUMBO BAG APPLES",0.01056,0.42984,0.02457,8.04769,193,0,0
"JUMBO BAG PINK POLKADOT + JUMBO BAG RED RETROSPOT","JUMBO STORAGE BAG SKULLS",0.01396,0.30909,0.04515,8.04561,255,0,0
"PLEASE ONE PERSON METAL SIGN","GIN + TONIC DIET METAL SIGN",0.01625,0.35569,0.0457,8.04393,297,0,0
"GIN + TONIC DIET METAL SIGN","PLEASE ONE PERSON METAL SIGN",0.01625,0.36757,0.04422,8.04393,297,0,0
"JUMBO BAG TOYS","JUMBO  BAG BAROQUE BLACK WHITE",0.01166,0.40805,0.02857,8.04339,213,0,0
"SUKI  SHOULDER BAG","CHARLOTTE BAG SUKI DESIGN",0.01122,0.38679,0.029,8.04079,205,0,0
"JUMBO STORAGE BAG SUKI","JUMBO BAG WOODLAND ANIMALS",0.02457,0.37922,0.0648,8.03891,449,0,0
"JUMBO BAG WOODLAND ANIMALS","JUMBO STORAGE BAG SUKI",0.02457,0.52088,0.04717,8.03891,449,0,0
"LUNCH BAG  BLACK SKULL. + LUNCH BAG CARS BLUE + LUNCH BAG SPACEBOY DESIGN","LUNCH BAG RED RETROSPOT",0.01073,0.68772,0.0156,8.03497,196,0,0
"LUNCH BAG  BLACK SKULL. + LUNCH BAG SPACEBOY DESIGN","LUNCH BAG APPLE DESIGN",0.01275,0.45508,0.02802,8.03444,233,0,0
"LUNCH BAG APPLE DESIGN + LUNCH BAG RED RETROSPOT","LUNCH BAG  BLACK SKULL.",0.01489,0.55852,0.02665,8.02979,272,0,0
"LUNCH BAG SUKI DESIGN + LUNCH BAG VINTAGE DOILY","LUNCH BAG SPACEBOY DESIGN",0.01018,0.5082,0.02003,8.02617,186,0,0
"JUMBO BAG PINK VINTAGE PAISLEY + JUMBO BAG RED RETROSPOT","JUMBO STORAGE BAG SUKI",0.01472,0.51931,0.02835,8.01458,269,0,0
"LUNCH BAG  BLACK SKULL. + LUNCH BAG RED RETROSPOT","LUNCH BAG CARS BLUE",0.01768,0.5039,0.03508,8.01372,323,0,0
"NO SINGING METAL SIGN","PLEASE ONE PERSON METAL SIGN",0.01089,0.36581,0.02977,8.0053,199,0,0
"LUNCH BAG APPLE DESIGN + LUNCH BAG PINK POLKADOT","LUNCH BAG RED RETROSPOT",0.01302,0.68195,0.0191,7.96755,238,0,0
"JUMBO BAG OWLS","JUMBO BAG SCANDINAVIAN BLUE PAISLEY",0.01248,0.35077,0.03557,7.96224,228,0,0
"LUNCH BAG SPACEBOY DESIGN + LUNCH BAG WOODLAND","LUNCH BAG APPLE DESIGN",0.01182,0.45094,0.02621,7.96137,216,0,0
"PACK OF 60 SPACEBOY CAKE CASES","PACK OF 72 RETROSPOT CAKE CASES",0.01636,0.575,0.02846,7.95983,299,0,0
"LUNCH BAG RED RETROSPOT + LUNCH BAG SUKI DESIGN","LUNCH BAG SPACEBOY DESIGN",0.01806,0.50382,0.03585,7.957,330,0,0
"LUNCH BAG  BLACK SKULL. + LUNCH BAG RED RETROSPOT","LUNCH BAG SUKI DESIGN",0.01959,0.5585,0.03508,7.95441,358,0,0
"JUMBO BAG APPLES + JUMBO BAG RED RETROSPOT","JUMBO BAG PINK POLKADOT",0.01582,0.5293,0.02988,7.95392,289,0,0
"WOODEN BOX OF DOMINOES","VINTAGE SNAP CARDS",0.01292,0.40204,0.03212,7.95082,236,0,0
"LUNCH BAG SPACEBOY DESIGN + LUNCH BAG SUKI DESIGN","LUNCH BAG APPLE DESIGN",0.01313,0.45028,0.02917,7.94975,240,0,0
"JUMBO BAG VINTAGE DOILY + JUMBO BAG VINTAGE LEAF","LUNCH BAG VINTAGE DOILY",0.01346,0.47674,0.02824,7.94849,246,0,0
"LUNCH BAG PINK POLKADOT + LUNCH BAG SPACEBOY DESIGN","LUNCH BAG RED RETROSPOT",0.01593,0.67991,0.02342,7.94369,291,0,0
"JUMBO BAG APPLES + JUMBO BAG RED RETROSPOT","JUMBO STORAGE BAG SUKI",0.01538,0.51465,0.02988,7.94277,281,0,0
"JUMBO BAG APPLES + LUNCH BAG APPLE DESIGN","JUMBO BAG VINTAGE DOILY",0.01067,0.53425,0.01997,7.93682,195,0,0
"JUMBO BAG TOYS","JUMBO SHOPPER VINTAGE RED PAISLEY",0.01456,0.50958,0.02857,7.93146,266,0,0
"JUMBO BAG OWLS","JUMBO STORAGE BAG SKULLS",0.01084,0.30462,0.03557,7.92911,198,0,0
"LUNCH BAG CARS BLUE + LUNCH BAG SUKI DESIGN","LUNCH BAG APPLE DESIGN",0.01324,0.44898,0.0295,7.92677,242,0,0
"LUNCH BAG RED RETROSPOT + LUNCH BAG WOODLAND","LUNCH BAG APPLE DESIGN",0.01292,0.44867,0.02879,7.92129,236,0,0
"LUNCH BAG DOLLY GIRL DESIGN + LUNCH BAG SUKI DESIGN","LUNCH BAG RED RETROSPOT",0.01253,0.67751,0.0185,7.91575,229,0,0
"HOT BATHS METAL SIGN","COOK WITH WINE METAL SIGN",0.01034,0.31137,0.03322,7.90224,189,0,0
"LUNCH BAG PINK POLKADOT + LUNCH BAG SUKI DESIGN","LUNCH BAG SPACEBOY DESIGN",0.01281,0.5,0.02561,7.89672,234,0,0
"LUNCH BAG  BLACK SKULL. + RED RETROSPOT CHARLOTTE BAG","LUNCH BAG SUKI DESIGN",0.01067,0.55398,0.01926,7.88997,195,0,0
"JUMBO BAG DOLLY GIRL DESIGN","JUMBO STORAGE BAG SUKI",0.01259,0.51111,0.02463,7.88812,230,0,0
"LUNCH BAG RED RETROSPOT + LUNCH BAG WOODLAND","LUNCH BAG  BLACK SKULL.",0.01576,0.54753,0.02879,7.87175,288,0,0
"LUNCH BAG SPACEBOY DESIGN + LUNCH BAG WOODLAND","LUNCH BAG  BLACK SKULL.",0.01434,0.54697,0.02621,7.86376,262,0,0
"LUNCH BAG RED RETROSPOT + LUNCH BAG SUKI DESIGN","LUNCH BAG  BLACK SKULL.",0.01959,0.54656,0.03585,7.85789,358,0,0
"LUNCH BAG APPLE DESIGN + LUNCH BAG VINTAGE DOILY","JUMBO BAG APPLES",0.01012,0.4195,0.02413,7.85404,185,0,0
"SUKI  SHOULDER BAG","RED TOADSTOOL LED NIGHT LIGHT",0.01051,0.36226,0.029,7.85249,192,0,0
"LUNCH BAG RED RETROSPOT + LUNCH BAG SPACEBOY DESIGN","LUNCH BAG APPLE DESIGN",0.01363,0.44464,0.03065,7.8502,249,0,0
"JUMBO BAG RED RETROSPOT + JUMBO STORAGE BAG SUKI","JUMBO BAG PINK VINTAGE PAISLEY",0.01472,0.37155,0.03962,7.84888,269,0,0
"LUNCH BOX I LOVE LONDON","DOLLY GIRL LUNCH BOX",0.01401,0.36467,0.03842,7.8396,256,0,0
"DOLLY GIRL LUNCH BOX","LUNCH BOX I LOVE LONDON",0.01401,0.30118,0.04652,7.8396,256,0,0
"JUMBO BAG PINK VINTAGE PAISLEY + JUMBO BAG RED RETROSPOT","JUMBO  BAG BAROQUE BLACK WHITE",0.01127,0.39768,0.02835,7.83912,206,0,0
"LUNCH BAG  BLACK SKULL. + LUNCH BAG RED RETROSPOT","LUNCH BAG SPACEBOY DESIGN",0.0174,0.4961,0.03508,7.83512,318,0,0
"LUNCH BAG DOLLY GIRL DESIGN + LUNCH BAG RED RETROSPOT","LUNCH BAG  BLACK SKULL.",0.01067,0.54469,0.01959,7.83098,195,0,0
"LUNCH BAG ALPHABET DESIGN + LUNCH BAG APPLE DESIGN","LUNCH BAG SUKI DESIGN",0.01122,0.5496,0.02041,7.82759,205,0,0
"LUNCH BAG  BLACK SKULL. + LUNCH BAG VINTAGE DOILY","LUNCH BAG SUKI DESIGN",0.01127,0.54933,0.02052,7.82383,206,0,0
"JUMBO BAG RED RETROSPOT + JUMBO BAG STRAWBERRY","JUMBO BAG PINK POLKADOT",0.01527,0.52052,0.02933,7.82196,279,0,0
"PACK OF 72 SKULL CAKE CASES","PACK OF 72 RETROSPOT CAKE CASES",0.02041,0.5643,0.03617,7.81166,373,0,0
"JUMBO BAG PINK POLKADOT + JUMBO BAG SCANDINAVIAN BLUE PAISLEY + JUMBO SHOPPER VINTAGE RED PAISLEY","JUMBO BAG RED RETROSPOT",0.01149,0.88608,0.01297,7.81055,210,0,0
"LUNCH BAG PINK POLKADOT + LUNCH BAG SUKI DESIGN","LUNCH BAG APPLE DESIGN",0.01133,0.44231,0.02561,7.80897,207,0,0
"LUNCH BAG RED RETROSPOT + RED RETROSPOT CHARLOTTE BAG","LUNCH BAG  BLACK SKULL.",0.01171,0.54315,0.02156,7.80876,214,0,0
"JUMBO BAG OWLS + JUMBO BAG RED RETROSPOT","JUMBO SHOPPER VINTAGE RED PAISLEY",0.01073,0.50128,0.0214,7.80227,196,0,0
"JUMBO BAG OWLS","JUMBO  BAG BAROQUE BLACK WHITE",0.01406,0.39538,0.03557,7.79381,257,0,0
"JUMBO BAG PEARS","JUMBO BAG ALPHABET",0.01253,0.38552,0.03251,7.79274,229,0,0
"LUNCH BAG PINK POLKADOT + LUNCH BAG SPACEBOY DESIGN","LUNCH BAG SUKI DESIGN",0.01281,0.54673,0.02342,7.78673,234,0,0
"LUNCH BAG PINK POLKADOT + LUNCH BAG RED RETROSPOT","LUNCH BAG SUKI DESIGN",0.01811,0.5462,0.03316,7.77927,331,0,0
"JUMBO BAG APPLES + JUMBO BAG RED RETROSPOT","JUMBO BAG PINK VINTAGE PAISLEY",0.011,0.36813,0.02988,7.77673,201,0,0
"JUMBO BAG WOODLAND ANIMALS","RECYCLING BAG RETROSPOT",0.01499,0.31787,0.04717,7.77558,274,0,0
"RECYCLING BAG RETROSPOT","JUMBO BAG WOODLAND ANIMALS",0.01499,0.3668,0.04088,7.77558,274,0,0
"JUMBO BAG SPACEBOY DESIGN","JUMBO STORAGE BAG SUKI",0.01888,0.50365,0.03749,7.77296,345,0,0
"JUMBO BAG SCANDINAVIAN BLUE PAISLEY","JUMBO SHOPPER VINTAGE RED PAISLEY",0.022,0.49938,0.04405,7.7727,402,0,0
"JUMBO SHOPPER VINTAGE RED PAISLEY","JUMBO BAG SCANDINAVIAN BLUE PAISLEY",0.022,0.34242,0.06425,7.7727,402,0,0
"JUMBO BAG PINK POLKADOT + JUMBO BAG RED RETROSPOT","JUMBO  BAG BAROQUE BLACK WHITE",0.01779,0.39394,0.04515,7.76532,325,0,0
"JUMBO BAG PINK POLKADOT + JUMBO BAG SCANDINAVIAN BLUE PAISLEY + JUMBO STORAGE BAG SUKI","JUMBO BAG RED RETROSPOT",0.01089,0.88053,0.01237,7.76167,199,0,0
"HOT WATER BOTTLE I AM SO POORLY","HOT WATER BOTTLE KEEP CALM",0.01188,0.33029,0.03595,7.75755,217,0,0
"LUNCH BAG  BLACK SKULL. + LUNCH BAG PINK POLKADOT","LUNCH BAG RED RETROSPOT",0.01976,0.6636,0.02977,7.75321,361,0,0
"JUMBO BAG APPLES","JUMBO BAG VINTAGE LEAF",0.01992,0.37295,0.05341,7.75305,364,0,0
"JUMBO BAG VINTAGE LEAF","JUMBO BAG APPLES",0.01992,0.41411,0.0481,7.75305,364,0,0
"LUNCH BAG APPLE DESIGN + LUNCH BAG SUKI DESIGN","LUNCH BAG PINK POLKADOT",0.01133,0.46102,0.02457,7.73581,207,0,0
"JUMBO BAG APPLES + JUMBO BAG VINTAGE DOILY","LUNCH BAG VINTAGE DOILY",0.01084,0.4637,0.02337,7.73102,198,0,0
"LUNCH BAG SPACEBOY DESIGN + LUNCH BAG WOODLAND","LUNCH BAG SUKI DESIGN",0.01423,0.5428,0.02621,7.73074,260,0,0
"JUMBO BAG PINK POLKADOT + JUMBO BAG RED RETROSPOT","JUMBO STORAGE BAG SUKI",0.0226,0.50061,0.04515,7.72599,413,0,0
"LUNCH BAG SPACEBOY DESIGN + LUNCH BAG VINTAGE DOILY","LUNCH BAG SUKI DESIGN",0.01018,0.54227,0.01877,7.72328,186,0,0
"JUMBO BAG PINK POLKADOT + JUMBO STORAGE BAG SUKI","JUMBO BAG APPLES",0.0116,0.41165,0.02818,7.70706,212,0,0
"LUNCH BAG  BLACK SKULL. + LUNCH BAG VINTAGE LEAF DESIGN","LUNCH BAG RED RETROSPOT",0.01056,0.6587,0.01603,7.69596,193,0,0
"JUMBO  BAG BAROQUE BLACK WHITE + JUMBO BAG PINK POLKADOT + JUMBO STORAGE BAG SUKI","JUMBO BAG RED RETROSPOT",0.01127,0.87288,0.01292,7.69424,206,0,0
"LUNCH BAG  BLACK SKULL. + LUNCH BAG PINK POLKADOT","LUNCH BAG SPACEBOY DESIGN",0.0145,0.48713,0.02977,7.69349,265,0,0
"LUNCH BOX I LOVE LONDON","SPACEBOY LUNCH BOX",0.01456,0.37892,0.03842,7.69329,266,0,0
"JUMBO BAG TOYS","JUMBO BAG PINK VINTAGE PAISLEY",0.0104,0.36398,0.02857,7.68912,190,0,0
"BOX OF 6 MINI 50'S CRACKERS","PAPER CHAIN KIT 50'S CHRISTMAS",0.01067,0.48507,0.022,7.68757,195,0,0
"LUNCH BAG APPLE DESIGN + LUNCH BAG VINTAGE LEAF DESIGN","LUNCH BAG  BLACK SKULL.",0.01056,0.53463,0.01976,7.68625,193,0,0
"60 CAKE CASES DOLLY GIRL DESIGN","PACK OF 72 RETROSPOT CAKE CASES",0.01324,0.55505,0.02386,7.6836,242,0,0
"LUNCH BAG APPLE DESIGN + LUNCH BAG VINTAGE DOILY","LUNCH BAG WOODLAND",0.01029,0.4263,0.02413,7.6823,188,0,0
"JUMBO BAG ALPHABET + JUMBO BAG RED RETROSPOT","JUMBO STORAGE BAG SUKI",0.01127,0.49758,0.02266,7.67936,206,0,0
"RECIPE BOX RETROSPOT","RECIPE BOX PANTRY YELLOW DESIGN",0.01177,0.46537,0.02528,7.66787,215,0,0
"JUMBO BAG PINK VINTAGE PAISLEY + JUMBO BAG SCANDINAVIAN BLUE PAISLEY","JUMBO STORAGE BAG SUKI",0.01084,0.49624,0.02184,7.65862,198,0,0
"LUNCH BAG  BLACK SKULL. + LUNCH BAG APPLE DESIGN","LUNCH BAG RED RETROSPOT",0.01489,0.65542,0.02271,7.65762,272,0,0
"SET OF TEA COFFEE SUGAR TINS PANTRY","SET OF 3 CAKE TINS PANTRY DESIGN",0.01483,0.5766,0.02572,7.65707,271,0,0
"JUMBO BAG RED RETROSPOT + JUMBO BAG SPACEBOY DESIGN","JUMBO SHOPPER VINTAGE RED PAISLEY",0.01155,0.49184,0.02348,7.65538,211,0,0
"JUMBO BAG RED RETROSPOT + RECYCLING BAG RETROSPOT","JUMBO SHOPPER VINTAGE RED PAISLEY",0.01116,0.49157,0.02271,7.6511,204,0,0
"JUMBO BAG PINK POLKADOT + JUMBO SHOPPER VINTAGE RED PAISLEY + JUMBO STORAGE BAG SUKI","JUMBO BAG RED RETROSPOT",0.01467,0.86731,0.01691,7.64517,268,0,0
"JUMBO BAG PINK POLKADOT + JUMBO SHOPPER VINTAGE RED PAISLEY","JUMBO BAG APPLES",0.01045,0.40812,0.02561,7.64095,191,0,0
"LUNCH BAG PINK POLKADOT + LUNCH BAG VINTAGE DOILY","LUNCH BAG SUKI DESIGN",0.01007,0.53644,0.01877,7.64024,184,0,0
"JUMBO  BAG BAROQUE BLACK WHITE + JUMBO BAG RED RETROSPOT","JUMBO BAG STRAWBERRY",0.011,0.34359,0.03201,7.63797,201,0,0
"CHARLOTTE BAG APPLES DESIGN","JUMBO BAG APPLES",0.01297,0.40652,0.0319,7.61097,237,0,0
"JUMBO BAG RED RETROSPOT + LUNCH BAG SPACEBOY DESIGN","LUNCH BAG RED RETROSPOT",0.01012,0.65141,0.01554,7.61073,185,0,0
"JUMBO BAG APPLES + JUMBO BAG PINK POLKADOT + JUMBO STORAGE BAG SUKI","JUMBO BAG RED RETROSPOT",0.01001,0.86321,0.0116,7.60897,183,0,0
"LUNCH BAG CARS BLUE + LUNCH BAG WOODLAND","LUNCH BAG APPLE DESIGN",0.01056,0.4308,0.02452,7.60587,193,0,0
"LUNCH BAG CARS BLUE + LUNCH BAG PINK POLKADOT","LUNCH BAG SUKI DESIGN",0.01467,0.53386,0.02747,7.60351,268,0,0
"LUNCH BAG RED RETROSPOT + LUNCH BAG SUKI DESIGN","LUNCH BAG APPLE DESIGN",0.01543,0.43053,0.03585,7.60112,282,0,0
"LUNCH BAG PINK POLKADOT + LUNCH BAG RED RETROSPOT","LUNCH BAG SPACEBOY DESIGN",0.01593,0.4802,0.03316,7.58397,291,0,0
"LUNCH BAG  BLACK SKULL. + LUNCH BAG WOODLAND","LUNCH BAG RED RETROSPOT",0.01576,0.64865,0.0243,7.57849,288,0,0
"JUMBO BAG OWLS","JUMBO STORAGE BAG SUKI",0.01746,0.49077,0.03557,7.57418,319,0,0
"60 TEATIME FAIRY CAKE CASES","PACK OF 72 RETROSPOT CAKE CASES",0.02479,0.5471,0.04531,7.57362,453,0,0
"PACK OF 72 RETROSPOT CAKE CASES","60 TEATIME FAIRY CAKE CASES",0.02479,0.34318,0.07224,7.57362,453,0,0
"LUNCH BAG CARS BLUE + LUNCH BAG SPACEBOY DESIGN","LUNCH BAG APPLE DESIGN",0.01133,0.42857,0.02643,7.56646,207,0,0
"LUNCH BAG  BLACK SKULL. + LUNCH BAG PINK POLKADOT","LUNCH BAG SUKI DESIGN",0.01582,0.53125,0.02977,7.56628,289,0,0
"PACK OF 60 SPACEBOY CAKE CASES","PACK OF 60 PINK PAISLEY CAKE CASES",0.01023,0.35962,0.02846,7.56185,187,0,0
"LUNCH BAG SUKI DESIGN + RED RETROSPOT CHARLOTTE BAG","LUNCH BAG RED RETROSPOT",0.01133,0.64688,0.01751,7.55777,207,0,0
"JUMBO BAG PINK POLKADOT + JUMBO BAG RED RETROSPOT","JUMBO BAG PINK VINTAGE PAISLEY",0.01614,0.35758,0.04515,7.55374,295,0,0
"LUNCH BAG  BLACK SKULL. + LUNCH BAG DOLLY GIRL DESIGN","LUNCH BAG RED RETROSPOT",0.01067,0.6457,0.01653,7.54398,195,0,0
"LUNCH BAG  BLACK SKULL. + LUNCH BAG CARS BLUE","LUNCH BAG APPLE DESIGN",0.0122,0.4272,0.02857,7.5423,223,0,0
"LUNCH BAG DOLLY GIRL DESIGN","LUNCH BAG WOODLAND",0.0156,0.4185,0.03727,7.54171,285,0,0
"JUMBO BAG PINK POLKADOT + JUMBO BAG WOODLAND ANIMALS + JUMBO SHOPPER VINTAGE RED PAISLEY","JUMBO BAG RED RETROSPOT",0.01188,0.85433,0.0139,7.53072,217,0,0
"JUMBO BAG PINK POLKADOT + JUMBO BAG PINK VINTAGE PAISLEY + JUMBO BAG SCANDINAVIAN BLUE PAISLEY","JUMBO BAG RED RETROSPOT",0.01018,0.85321,0.01193,7.52085,186,0,0
"CHARLOTTE BAG SUKI DESIGN + LUNCH BAG SUKI DESIGN","LUNCH BAG RED RETROSPOT",0.01177,0.64371,0.01828,7.52082,215,0,0
"JUMBO BAG PINK POLKADOT + JUMBO BAG RED RETROSPOT","JUMBO BAG STRAWBERRY",0.01527,0.33818,0.04515,7.51776,279,0,0
"JUMBO BAG PINK POLKADOT + JUMBO BAG PINK VINTAGE PAISLEY + JUMBO STORAGE BAG SUKI","JUMBO BAG RED RETROSPOT",0.0104,0.85202,0.0122,7.51033,190,0,0
"JUMBO SHOPPER VINTAGE RED PAISLEY","JUMBO BAG PINK VINTAGE PAISLEY",0.02282,0.3552,0.06425,7.50346,417,0,0
"JUMBO BAG PINK VINTAGE PAISLEY","JUMBO SHOPPER VINTAGE RED PAISLEY",0.02282,0.48208,0.04734,7.50346,417,0,0
"LUNCH BAG DOLLY GIRL DESIGN + LUNCH BAG SPACEBOY DESIGN","LUNCH BAG CARS BLUE",0.01001,0.47165,0.02123,7.50083,183,0,0
"JUMBO BAG SCANDINAVIAN BLUE PAISLEY + JUMBO SHOPPER VINTAGE RED PAISLEY + JUMBO STORAGE BAG SUKI","JUMBO BAG RED RETROSPOT",0.01155,0.85081,0.01357,7.49966,211,0,0
"LUNCH BAG SUKI DESIGN + LUNCH BAG VINTAGE LEAF DESIGN","LUNCH BAG RED RETROSPOT",0.0104,0.64189,0.0162,7.49955,190,0,0
"LUNCH BAG CARS BLUE + LUNCH BAG PINK POLKADOT","LUNCH BAG RED RETROSPOT",0.01762,0.64143,0.02747,7.4942,322,0,0
"JUMBO STORAGE BAG SKULLS","JUMBO BAG PINK VINTAGE PAISLEY",0.01363,0.3547,0.03842,7.493,249,0,0
"JUMBO BAG SCANDINAVIAN BLUE PAISLEY","JUMBO  BAG BAROQUE BLACK WHITE",0.01675,0.38012,0.04405,7.493,306,0,0
"JUMBO  BAG BAROQUE BLACK WHITE","JUMBO BAG SCANDINAVIAN BLUE PAISLEY",0.01675,0.3301,0.05073,7.493,306,0,0
"LUNCH BAG  BLACK SKULL. + LUNCH BAG RED RETROSPOT","LUNCH BAG APPLE DESIGN",0.01489,0.42434,0.03508,7.4917,272,0,0
"JUMBO BAG SPACEBOY DESIGN","JUMBO BAG SCANDINAVIAN BLUE PAISLEY",0.01237,0.32993,0.03749,7.48914,226,0,0
"JUMBO BAG OWLS","RECYCLING BAG RETROSPOT",0.01089,0.30615,0.03557,7.48909,199,0,0
"LUNCH BAG RED RETROSPOT + RED RETROSPOT CHARLOTTE BAG","LUNCH BAG SUKI DESIGN",0.01133,0.52538,0.02156,7.48268,207,0,0
"SUKI  SHOULDER BAG","JUMBO BAG WOODLAND ANIMALS",0.01023,0.35283,0.029,7.47943,187,0,0
"JUMBO BAG PINK POLKADOT","JUMBO BAG WOODLAND ANIMALS",0.02348,0.3528,0.06655,7.4787,429,0,0
"JUMBO BAG WOODLAND ANIMALS","JUMBO BAG PINK POLKADOT",0.02348,0.49768,0.04717,7.4787,429,0,0
"LUNCH BAG ALPHABET DESIGN + LUNCH BAG APPLE DESIGN","LUNCH BAG  BLACK SKULL.",0.01062,0.52011,0.02041,7.47751,194,0,0
"LUNCH BAG VINTAGE DOILY + LUNCH BAG WOODLAND","LUNCH BAG RED RETROSPOT",0.0104,0.63973,0.01625,7.4743,190,0,0
"JUMBO BAG APPLES + JUMBO BAG RED RETROSPOT","JUMBO  BAG BAROQUE BLACK WHITE",0.01133,0.37912,0.02988,7.47322,207,0,0
"LUNCH BAG APPLE DESIGN + LUNCH BAG WOODLAND","LUNCH BAG RED RETROSPOT",0.01292,0.63957,0.02019,7.47238,236,0,0
"LUNCH BAG SUKI DESIGN + LUNCH BAG VINTAGE DOILY","LUNCH BAG RED RETROSPOT",0.01281,0.63934,0.02003,7.46978,234,0,0
"CHARLOTTE BAG SUKI DESIGN + LUNCH BAG  BLACK SKULL.","LUNCH BAG RED RETROSPOT",0.01067,0.63934,0.01669,7.46978,195,0,0
"LUNCH BAG RED RETROSPOT + RED RETROSPOT CHARLOTTE BAG","LUNCH BAG CARS BLUE",0.01012,0.46954,0.02156,7.46733,185,0,0
"JUMBO BAG ALPHABET + JUMBO BAG RED RETROSPOT","JUMBO BAG VINTAGE DOILY",0.01138,0.50242,0.02266,7.46393,208,0,0
"JUMBO  BAG BAROQUE BLACK WHITE + JUMBO BAG PINK POLKADOT + JUMBO SHOPPER VINTAGE RED PAISLEY","JUMBO BAG RED RETROSPOT",0.01116,0.84647,0.01319,7.46146,204,0,0
"LUNCH BAG WOODLAND","LUNCH BAG SPACEBOY DESIGN",0.02621,0.47239,0.05549,7.46061,479,0,0
"LUNCH BAG SPACEBOY DESIGN","LUNCH BAG WOODLAND",0.02621,0.414,0.06332,7.46061,479,0,0
"LUNCH BAG APPLE DESIGN + LUNCH BAG VINTAGE DOILY","LUNCH BAG PINK POLKADOT",0.01073,0.44444,0.02413,7.45761,196,0,0
"LUNCH BAG APPLE DESIGN + LUNCH BAG RED RETROSPOT","LUNCH BAG CARS BLUE",0.01248,0.46817,0.02665,7.44553,228,0,0
"JUMBO STORAGE BAG SKULLS","JUMBO  BAG BAROQUE BLACK WHITE",0.0145,0.37749,0.03842,7.44113,265,0,0
"LUNCH BAG SPACEBOY DESIGN + LUNCH BAG WOODLAND","LUNCH BAG RED RETROSPOT",0.01669,0.63674,0.02621,7.43939,305,0,0
"JUMBO  BAG BAROQUE BLACK WHITE + JUMBO BAG RED RETROSPOT","JUMBO BAG PINK VINTAGE PAISLEY",0.01127,0.35214,0.03201,7.43884,206,0,0
"LUNCH BAG RED RETROSPOT + LUNCH BAG SUKI DESIGN","LUNCH BAG ALPHABET DESIGN",0.01078,0.30076,0.03585,7.43687,197,0,0
"JUMBO BAG SPACEBOY DESIGN","JUMBO BAG PINK POLKADOT",0.01855,0.49489,0.03749,7.43679,339,0,0
"JUMBO BAG RED RETROSPOT + JUMBO STORAGE BAG SUKI","RECYCLING BAG RETROSPOT",0.01204,0.30387,0.03962,7.43316,220,0,0
"JUMBO BAG PINK POLKADOT + JUMBO BAG WOODLAND ANIMALS + JUMBO STORAGE BAG SUKI","JUMBO BAG RED RETROSPOT",0.01281,0.84173,0.01521,7.41962,234,0,0
"HOT WATER BOTTLE KEEP CALM","CHOCOLATE HOT WATER BOTTLE",0.01472,0.34576,0.04258,7.41554,269,0,0
"CHOCOLATE HOT WATER BOTTLE","HOT WATER BOTTLE KEEP CALM",0.01472,0.31573,0.04663,7.41554,269,0,0
"JUMBO BAG PINK POLKADOT + JUMBO BAG PINK VINTAGE PAISLEY + JUMBO SHOPPER VINTAGE RED PAISLEY","JUMBO BAG RED RETROSPOT",0.01073,0.8412,0.01275,7.41499,196,0,0
"LUNCH BAG RED RETROSPOT + LUNCH BAG VINTAGE DOILY","LUNCH BAG WOODLAND",0.0104,0.41126,0.02528,7.41111,190,0,0
"JUMBO BAG ALPHABET + JUMBO BAG RED RETROSPOT","JUMBO BAG PINK POLKADOT",0.01116,0.49275,0.02266,7.40468,204,0,0
"JUMBO BAG RED RETROSPOT + LUNCH BAG PINK POLKADOT","LUNCH BAG RED RETROSPOT",0.01259,0.63361,0.01987,7.40277,230,0,0
"LUNCH BAG APPLE DESIGN + LUNCH BAG SPACEBOY DESIGN","LUNCH BAG RED RETROSPOT",0.01363,0.63359,0.02151,7.40253,249,0,0
"JUMBO BAG STRAWBERRY","JUMBO BAG PINK VINTAGE PAISLEY",0.01576,0.35036,0.04498,7.40141,288,0,0
"JUMBO BAG PINK VINTAGE PAISLEY","JUMBO BAG STRAWBERRY",0.01576,0.33295,0.04734,7.40141,288,0,0
"JUMBO BAG RED RETROSPOT + JUMBO STORAGE BAG SUKI","JUMBO BAG STRAWBERRY",0.01319,0.33287,0.03962,7.39974,241,0,0
"JUMBO BAG RED RETROSPOT + JUMBO BAG STRAWBERRY","JUMBO  BAG BAROQUE BLACK WHITE",0.011,0.375,0.02933,7.39199,201,0,0
"LUNCH BAG SPACEBOY DESIGN + LUNCH BAG SUKI DESIGN","LUNCH BAG PINK POLKADOT",0.01281,0.43902,0.02917,7.36666,234,0,0
"JUMBO BAG PINK POLKADOT + JUMBO BAG SCANDINAVIAN BLUE PAISLEY","JUMBO BAG RED RETROSPOT",0.01746,0.83508,0.02091,7.36102,319,0,0
"PACK OF 60 DINOSAUR CAKE CASES","PACK OF 72 RETROSPOT CAKE CASES",0.01746,0.53167,0.03284,7.35996,319,0,0
"JUMBO BAG VINTAGE DOILY + LUNCH BAG VINTAGE DOILY","JUMBO BAG APPLES",0.01084,0.39286,0.02758,7.3552,198,0,0
"LUNCH BAG CARS BLUE + LUNCH BAG SUKI DESIGN","LUNCH BAG RED RETROSPOT",0.01855,0.62894,0.0295,7.34825,339,0,0
"JUMBO BAG RED RETROSPOT + JUMBO SHOPPER VINTAGE RED PAISLEY","RECYCLING BAG RETROSPOT",0.01116,0.3,0.03721,7.33855,204,0,0
"LUNCH BAG APPLE DESIGN + LUNCH BAG SUKI DESIGN","LUNCH BAG RED RETROSPOT",0.01543,0.62806,0.02457,7.33797,282,0,0
"LUNCH BAG VINTAGE LEAF DESIGN","JUMBO BAG VINTAGE LEAF",0.01286,0.35285,0.03645,7.33524,235,0,0
"LUNCH BAG RED RETROSPOT + LUNCH BAG VINTAGE DOILY","JUMBO BAG VINTAGE DOILY",0.01248,0.49351,0.02528,7.33158,228,0,0
"LUNCH BAG PINK POLKADOT","LUNCH BAG CARS BLUE",0.02747,0.46097,0.0596,7.33104,502,0,0
"LUNCH BAG CARS BLUE","LUNCH BAG PINK POLKADOT",0.02747,0.4369,0.06288,7.33104,502,0,0
"LUNCH BAG  BLACK SKULL. + LUNCH BAG VINTAGE DOILY","JUMBO BAG VINTAGE DOILY",0.01012,0.49333,0.02052,7.32901,185,0,0
"JUMBO SHOPPER VINTAGE RED PAISLEY + JUMBO STORAGE BAG SUKI","JUMBO BAG APPLES",0.01122,0.39122,0.02868,7.32458,205,0,0
"JUMBO BAG RED RETROSPOT + WHITE HANGING HEART T-LIGHT HOLDER","JUMBO STORAGE BAG SUKI",0.0116,0.47321,0.02452,7.30325,212,0,0
"JUMBO BAG ALPHABET + JUMBO BAG APPLES","JUMBO STORAGE BAG SUKI",0.01012,0.47315,0.0214,7.30219,185,0,0
"JUMBO BAG RED RETROSPOT + LUNCH BAG  BLACK SKULL.","LUNCH BAG RED RETROSPOT",0.01286,0.625,0.02058,7.30219,235,0,0
"LUNCH BAG DOLLY GIRL DESIGN + LUNCH BAG SPACEBOY DESIGN","LUNCH BAG  BLACK SKULL.",0.01078,0.50773,0.02123,7.2996,197,0,0
"HOT WATER BOTTLE TEA AND SYMPATHY","SCOTTIE DOG HOT WATER BOTTLE",0.01078,0.30733,0.03508,7.29335,197,0,0
"JUMBO BAG ALPHABET","JUMBO BAG VINTAGE LEAF",0.01735,0.35066,0.04947,7.28974,317,0,0
"JUMBO BAG VINTAGE LEAF","JUMBO BAG ALPHABET",0.01735,0.36064,0.0481,7.28974,317,0,0
"JUMBO BAG RED RETROSPOT + LUNCH BAG PINK POLKADOT","LUNCH BAG  BLACK SKULL.",0.01007,0.50689,0.01987,7.28745,184,0,0
"JUMBO BAG RED RETROSPOT + JUMBO BAG VINTAGE DOILY","JUMBO BAG ALPHABET",0.01138,0.36049,0.03158,7.28667,208,0,0
"JUMBO BAG PINK POLKADOT + JUMBO BAG TOYS","JUMBO BAG RED RETROSPOT",0.01275,0.82624,0.01543,7.28312,233,0,0
"JUMBO STORAGE BAG SKULLS","JUMBO BAG SCANDINAVIAN BLUE PAISLEY",0.01231,0.32051,0.03842,7.27544,225,0,0
"CHARLOTTE BAG SUKI DESIGN + WOODLAND CHARLOTTE BAG","LUNCH BAG WOODLAND",0.01007,0.40351,0.02495,7.27151,184,0,0
"JUMBO BAG SCANDINAVIAN BLUE PAISLEY","JUMBO BAG WOODLAND ANIMALS",0.0151,0.34286,0.04405,7.26801,276,0,0
"JUMBO BAG WOODLAND ANIMALS","JUMBO BAG SCANDINAVIAN BLUE PAISLEY",0.0151,0.32019,0.04717,7.26801,276,0,0
"JUMBO  BAG BAROQUE BLACK WHITE + JUMBO SHOPPER VINTAGE RED PAISLEY + JUMBO STORAGE BAG SUKI","JUMBO BAG RED RETROSPOT",0.01105,0.82449,0.01341,7.26768,202,0,0
"JUMBO BAG RED RETROSPOT + JUMBO STORAGE BAG SUKI","JUMBO BAG APPLES",0.01538,0.38812,0.03962,7.26654,281,0,0
"JUMBO BAG PINK VINTAGE PAISLEY + JUMBO BAG RED RETROSPOT","JUMBO BAG APPLES",0.011,0.38803,0.02835,7.26484,201,0,0
"JUMBO BAG RED RETROSPOT + LUNCH BAG CARS BLUE","LUNCH BAG RED RETROSPOT",0.01105,0.62154,0.01779,7.26175,202,0,0
"JUMBO  BAG BAROQUE BLACK WHITE + JUMBO BAG SCANDINAVIAN BLUE PAISLEY","JUMBO BAG RED RETROSPOT",0.01379,0.82353,0.01675,7.25922,252,0,0
"LUNCH BAG APPLE DESIGN + LUNCH BAG CARS BLUE","LUNCH BAG RED RETROSPOT",0.01248,0.62125,0.02008,7.25842,228,0,0
"LUNCH BAG  BLACK SKULL. + LUNCH BAG SPACEBOY DESIGN","LUNCH BAG RED RETROSPOT",0.0174,0.62109,0.02802,7.25655,318,0,0
"JUMBO BAG RED RETROSPOT + LUNCH BAG RED RETROSPOT","JUMBO BAG STRAWBERRY",0.01034,0.32642,0.03169,7.2564,189,0,0
"LUNCH BAG CARS BLUE + LUNCH BAG RED RETROSPOT","LUNCH BAG APPLE DESIGN",0.01248,0.41081,0.03037,7.25289,228,0,0
"LUNCH BAG CARS BLUE + LUNCH BAG WOODLAND","LUNCH BAG RED RETROSPOT",0.01521,0.62054,0.02452,7.25003,278,0,0
"STRAWBERRY CHARLOTTE BAG + WOODLAND CHARLOTTE BAG","LUNCH BAG CARS BLUE",0.01012,0.45567,0.02222,7.24662,185,0,0
"LUNCH BAG SPACEBOY DESIGN + LUNCH BAG SUKI DESIGN","LUNCH BAG RED RETROSPOT",0.01806,0.61914,0.02917,7.23369,330,0,0
"LUNCH BAG  BLACK SKULL. + LUNCH BAG CARS BLUE","LUNCH BAG RED RETROSPOT",0.01768,0.61877,0.02857,7.22945,323,0,0
"JUMBO BAG PINK POLKADOT + LUNCH BAG PINK POLKADOT","LUNCH BAG RED RETROSPOT",0.01018,0.61794,0.01647,7.21971,186,0,0
"CHARLOTTE BAG PINK POLKADOT + CHARLOTTE BAG SUKI DESIGN","LUNCH BAG CARS BLUE",0.01018,0.45366,0.02244,7.21471,186,0,0
"LUNCH BAG RED RETROSPOT + LUNCH BAG VINTAGE DOILY","LUNCH BAG SUKI DESIGN",0.01281,0.50649,0.02528,7.21368,234,0,0
"JUMBO BAG DOLLY GIRL DESIGN","JUMBO BAG PINK POLKADOT",0.01182,0.48,0.02463,7.21303,216,0,0
"JUMBO BAG RED RETROSPOT + LUNCH BAG SUKI DESIGN","LUNCH BAG RED RETROSPOT",0.01368,0.61728,0.02216,7.21204,250,0,0
"LUNCH BAG  BLACK SKULL. + LUNCH BAG VINTAGE DOILY","LUNCH BAG RED RETROSPOT",0.01264,0.616,0.02052,7.19704,231,0,0
"JUMBO BAG RED RETROSPOT + JUMBO BAG VINTAGE DOILY","LUNCH BAG VINTAGE DOILY",0.01363,0.43154,0.03158,7.19487,249,0,0
"LUNCH BAG ALPHABET DESIGN + LUNCH BAG SUKI DESIGN","LUNCH BAG RED RETROSPOT",0.01078,0.61562,0.01751,7.19266,197,0,0
"JUMBO BAG TOYS + JUMBO SHOPPER VINTAGE RED PAISLEY","JUMBO BAG RED RETROSPOT",0.01188,0.81579,0.01456,7.19099,217,0,0
"LUNCH BAG RED RETROSPOT + LUNCH BAG VINTAGE DOILY","LUNCH BAG  BLACK SKULL.",0.01264,0.5,0.02528,7.18843,231,0,0
"JUMBO BAG APPLES + JUMBO BAG RED RETROSPOT","JUMBO BAG VINTAGE DOILY",0.01445,0.48352,0.02988,7.18317,264,0,0
"LUNCH BAG  BLACK SKULL.","LUNCH BAG PINK POLKADOT",0.02977,0.42801,0.06956,7.18183,544,0,0
"LUNCH BAG PINK POLKADOT","LUNCH BAG  BLACK SKULL.",0.02977,0.49954,0.0596,7.18183,544,0,0
"JUMBO BAG VINTAGE DOILY + LUNCH BAG VINTAGE DOILY","LUNCH BAG APPLE DESIGN",0.01122,0.40675,0.02758,7.18113,205,0,0
"LUNCH BAG APPLE DESIGN + LUNCH BAG VINTAGE DOILY","LUNCH BAG SUKI DESIGN",0.01215,0.5034,0.02413,7.16964,222,0,0
"CHARLOTTE BAG SUKI DESIGN + STRAWBERRY CHARLOTTE BAG","LUNCH BAG CARS BLUE",0.01023,0.4506,0.02271,7.16611,187,0,0
"JUMBO BAG PINK POLKADOT + RECYCLING BAG RETROSPOT","JUMBO BAG RED RETROSPOT",0.0133,0.81271,0.01636,7.16384,243,0,0
"LUNCH BAG  BLACK SKULL. + LUNCH BAG SUKI DESIGN","LUNCH BAG RED RETROSPOT",0.01959,0.61301,0.03196,7.16215,358,0,0
"JUMBO BAG ALPHABET + JUMBO BAG APPLES","JUMBO BAG VINTAGE DOILY",0.01029,0.48082,0.0214,7.14309,188,0,0
"LUNCH BAG  BLACK SKULL. + LUNCH BAG ALPHABET DESIGN","LUNCH BAG RED RETROSPOT",0.01012,0.61056,0.01658,7.13349,185,0,0
"JUMBO BAG PINK POLKADOT + JUMBO BAG RED RETROSPOT","JUMBO SHOPPER VINTAGE RED PAISLEY",0.02069,0.45818,0.04515,7.13148,378,0,0
"JUMBO BAG SCANDINAVIAN BLUE PAISLEY","JUMBO BAG PINK POLKADOT",0.02091,0.47453,0.04405,7.13089,382,0,0
"JUMBO BAG PINK POLKADOT","JUMBO BAG SCANDINAVIAN BLUE PAISLEY",0.02091,0.31414,0.06655,7.13089,382,0,0
"LARGE WHITE HEART OF WICKER","HEART OF WICKER LARGE",0.01105,0.36007,0.0307,7.12848,202,0,0
"JUMBO BAG PINK POLKADOT + JUMBO BAG VINTAGE LEAF","JUMBO BAG RED RETROSPOT",0.01062,0.80833,0.01313,7.12527,194,0,0
"JUMBO BAG PINK POLKADOT + JUMBO SHOPPER VINTAGE RED PAISLEY","JUMBO BAG RED RETROSPOT",0.02069,0.80769,0.02561,7.11961,378,0,0
"JUMBO BAG WOODLAND ANIMALS + JUMBO SHOPPER VINTAGE RED PAISLEY + JUMBO STORAGE BAG SUKI","JUMBO BAG RED RETROSPOT",0.01215,0.80727,0.01505,7.11592,222,0,0
"LUNCH BAG CARS BLUE + LUNCH BAG SPACEBOY DESIGN","LUNCH BAG RED RETROSPOT",0.01609,0.6087,0.02643,7.1117,294,0,0
"LUNCH BAG VINTAGE DOILY","LUNCH BAG APPLE DESIGN",0.02413,0.40237,0.05998,7.10391,441,0,0
"LUNCH BAG APPLE DESIGN","LUNCH BAG VINTAGE DOILY",0.02413,0.42609,0.05664,7.10391,441,0,0
"LUNCH BAG  BLACK SKULL. + RED RETROSPOT CHARLOTTE BAG","LUNCH BAG RED RETROSPOT",0.01171,0.60795,0.01926,7.10304,214,0,0
"RED RETROSPOT CHARLOTTE BAG + WOODLAND CHARLOTTE BAG","LUNCH BAG WOODLAND",0.01089,0.39406,0.02764,7.10123,199,0,0
"JUMBO BAG RED RETROSPOT + LUNCH BAG VINTAGE DOILY","LUNCH BAG RED RETROSPOT",0.0104,0.60703,0.01713,7.09222,190,0,0
"LUNCH BAG APPLE DESIGN + LUNCH BAG VINTAGE DOILY","LUNCH BAG SPACEBOY DESIGN",0.01084,0.44898,0.02413,7.09093,198,0,0
"JUMBO BAG APPLES + JUMBO BAG SCANDINAVIAN BLUE PAISLEY","JUMBO BAG RED RETROSPOT",0.011,0.804,0.01368,7.08707,201,0,0
"LUNCH BAG CARS BLUE + RED RETROSPOT CHARLOTTE BAG","LUNCH BAG RED RETROSPOT",0.01012,0.60656,0.01669,7.08672,185,0,0
"JUMBO STORAGE BAG SKULLS","JUMBO BAG PINK POLKADOT",0.01811,0.47151,0.03842,7.08545,331,0,0
"JUMBO BAG OWLS + JUMBO BAG SCANDINAVIAN BLUE PAISLEY","JUMBO BAG RED RETROSPOT",0.01001,0.80263,0.01248,7.07501,183,0,0
"CHARLOTTE BAG VINTAGE ALPHABET","LUNCH BAG APPLE DESIGN",0.01023,0.40043,0.02556,7.06959,187,0,0
"JUMBO BAG PINK POLKADOT + JUMBO STORAGE BAG SUKI","JUMBO BAG RED RETROSPOT",0.0226,0.80194,0.02818,7.06893,413,0,0
"LUNCH BAG DOLLY GIRL DESIGN","LUNCH BAG SUKI DESIGN",0.0185,0.49633,0.03727,7.06892,338,0,0
"JUMBO  BAG BAROQUE BLACK WHITE","JUMBO SHOPPER VINTAGE RED PAISLEY",0.02304,0.45415,0.05073,7.06877,421,0,0
"JUMBO SHOPPER VINTAGE RED PAISLEY","JUMBO  BAG BAROQUE BLACK WHITE",0.02304,0.3586,0.06425,7.06877,421,0,0
"JUMBO BAG PINK POLKADOT + JUMBO BAG STRAWBERRY","JUMBO BAG RED RETROSPOT",0.01527,0.80172,0.01904,7.06701,279,0,0
"JUMBO BAG APPLES + JUMBO BAG PINK VINTAGE PAISLEY","JUMBO BAG RED RETROSPOT",0.011,0.8008,0.01374,7.05883,201,0,0
"LUNCH BAG ALPHABET DESIGN","JUMBO BAG ALPHABET",0.01412,0.34912,0.04044,7.05694,258,0,0
"LUNCH BAG DOLLY GIRL DESIGN + LUNCH BAG SPACEBOY DESIGN","LUNCH BAG RED RETROSPOT",0.01281,0.60309,0.02123,7.04624,234,0,0
"JUMBO BAG WOODLAND ANIMALS","JUMBO SHOPPER VINTAGE RED PAISLEY",0.02134,0.45244,0.04717,7.04205,390,0,0
"JUMBO SHOPPER VINTAGE RED PAISLEY","JUMBO BAG WOODLAND ANIMALS",0.02134,0.3322,0.06425,7.04205,390,0,0
"LUNCH BAG WOODLAND","LUNCH BAG CARS BLUE",0.02452,0.44181,0.05549,7.02635,448,0,0
"LUNCH BAG CARS BLUE","LUNCH BAG WOODLAND",0.02452,0.3899,0.06288,7.02635,448,0,0
"JUMBO  BAG BAROQUE BLACK WHITE","JUMBO STORAGE BAG SUKI",0.02309,0.45523,0.05073,7.02572,422,0,0
"JUMBO STORAGE BAG SUKI","JUMBO  BAG BAROQUE BLACK WHITE",0.02309,0.35642,0.0648,7.02572,422,0,0
"JUMBO BAG APPLES + JUMBO BAG RED RETROSPOT","JUMBO SHOPPER VINTAGE RED PAISLEY",0.01346,0.45055,0.02988,7.01268,246,0,0
"LUNCH BAG RED RETROSPOT + LUNCH BAG VINTAGE DOILY","LUNCH BAG SPACEBOY DESIGN",0.01122,0.44372,0.02528,7.00791,205,0,0
"JUMBO BAG SCANDINAVIAN BLUE PAISLEY + JUMBO STORAGE BAG SUKI","JUMBO BAG RED RETROSPOT",0.01549,0.79494,0.01948,7.00724,283,0,0
"JUMBO BAG PINK POLKADOT + JUMBO BAG WOODLAND ANIMALS","JUMBO BAG RED RETROSPOT",0.01866,0.79487,0.02348,7.00661,341,0,0
"LUNCH BAG SPACEBOY DESIGN + LUNCH BAG VINTAGE DOILY","LUNCH BAG RED RETROSPOT",0.01122,0.59767,0.01877,6.98285,205,0,0
"JAM MAKING SET PRINTED + JAM MAKING SET WITH JARS","RECIPE BOX PANTRY YELLOW DESIGN",0.01095,0.42373,0.02583,6.98178,200,0,0
"JUMBO BAG TOYS + JUMBO STORAGE BAG SUKI","JUMBO BAG RED RETROSPOT",0.01292,0.79195,0.01631,6.98082,236,0,0
"JUMBO BAG APPLES + JUMBO BAG PINK POLKADOT","JUMBO BAG RED RETROSPOT",0.01582,0.79178,0.01997,6.97936,289,0,0
"JUMBO SHOPPER VINTAGE RED PAISLEY + RECYCLING BAG RETROSPOT","JUMBO BAG RED RETROSPOT",0.01116,0.7907,0.01412,6.96981,204,0,0
"BOX OF 24 COCKTAIL PARASOLS","WOODLAND CHARLOTTE BAG",0.01012,0.31732,0.0319,6.96931,185,0,0
"JUMBO BAG SCANDINAVIAN BLUE PAISLEY + JUMBO BAG WOODLAND ANIMALS","JUMBO BAG RED RETROSPOT",0.01193,0.78986,0.0151,6.96238,218,0,0
"SET OF 60 PANTRY DESIGN CAKE CASES","60 TEATIME FAIRY CAKE CASES",0.01084,0.31529,0.03437,6.95801,198,0,0
"JUMBO BAG RED RETROSPOT + JUMBO BAG SCANDINAVIAN BLUE PAISLEY","JUMBO BAG APPLES",0.011,0.37153,0.02961,6.95599,201,0,0
"JUMBO BAG ALPHABET + JUMBO BAG RED RETROSPOT","JUMBO SHOPPER VINTAGE RED PAISLEY",0.01012,0.44686,0.02266,6.95526,185,0,0
"TOY TIDY PINK POLKADOT","JUMBO BAG PINK POLKADOT",0.01188,0.46269,0.02567,6.95285,217,0,0
"JUMBO  BAG BAROQUE BLACK WHITE","JUMBO BAG WOODLAND ANIMALS",0.01664,0.32794,0.05073,6.95179,304,0,0
"JUMBO BAG WOODLAND ANIMALS","JUMBO  BAG BAROQUE BLACK WHITE",0.01664,0.35267,0.04717,6.95179,304,0,0
"LUNCH BAG APPLE DESIGN + LUNCH BAG VINTAGE DOILY","LUNCH BAG  BLACK SKULL.",0.01166,0.48299,0.02413,6.94393,213,0,0
"JUMBO BAG RED RETROSPOT + JUMBO BAG STRAWBERRY","JUMBO STORAGE BAG SUKI",0.01319,0.44963,0.02933,6.93922,241,0,0
"60 CAKE CASES VINTAGE CHRISTMAS","PAPER CHAIN KIT 50'S CHRISTMAS",0.01483,0.4378,0.03388,6.9384,271,0,0
"LUNCH BAG PINK POLKADOT + LUNCH BAG RED RETROSPOT","LUNCH BAG APPLE DESIGN",0.01302,0.39274,0.03316,6.93384,238,0,0
"JUMBO BAG TOYS + JUMBO BAG WOODLAND ANIMALS","JUMBO BAG RED RETROSPOT",0.01242,0.78547,0.01582,6.92371,227,0,0
"JUMBO  BAG BAROQUE BLACK WHITE + JUMBO BAG PINK POLKADOT","JUMBO BAG RED RETROSPOT",0.01779,0.78502,0.02266,6.9198,325,0,0
"WOOD 2 DRAWER CABINET WHITE FINISH","WOODEN FRAME ANTIQUE WHITE",0.01084,0.36667,0.02955,6.91445,198,0,0
"LUNCH BAG APPLE DESIGN + LUNCH BAG VINTAGE DOILY","JUMBO BAG VINTAGE DOILY",0.01122,0.46485,0.02413,6.9059,205,0,0
"JUMBO BAG PINK POLKADOT + RED RETROSPOT CHARLOTTE BAG","JUMBO BAG RED RETROSPOT",0.01029,0.78333,0.01313,6.9049,188,0,0
"JUMBO BAG RED RETROSPOT + LUNCH BAG SUKI DESIGN","JUMBO BAG PINK POLKADOT",0.01018,0.45926,0.02216,6.90135,186,0,0
"JUMBO BAG WOODLAND ANIMALS + LUNCH BAG RED RETROSPOT","JUMBO BAG RED RETROSPOT",0.01023,0.78243,0.01308,6.89691,187,0,0
"JUMBO BAG PINK VINTAGE PAISLEY + JUMBO SHOPPER VINTAGE RED PAISLEY + JUMBO STORAGE BAG SUKI","JUMBO BAG RED RETROSPOT",0.01018,0.78151,0.01302,6.88885,186,0,0
"JUMBO SHOPPER VINTAGE RED PAISLEY","JUMBO STORAGE BAG SUKI",0.02868,0.44634,0.06425,6.88845,524,0,0
"JUMBO STORAGE BAG SUKI","JUMBO SHOPPER VINTAGE RED PAISLEY",0.02868,0.44257,0.0648,6.88845,524,0,0
"LUNCH BAG  BLACK SKULL. + LUNCH BAG SUKI DESIGN","CHARLOTTE BAG SUKI DESIGN",0.01056,0.33048,0.03196,6.87014,193,0,0
"CHARLOTTE BAG PINK POLKADOT + WOODLAND CHARLOTTE BAG","PACK OF 72 RETROSPOT CAKE CASES",0.01073,0.4962,0.02162,6.86902,196,0,0
"JUMBO BAG PINK POLKADOT + JUMBO BAG SPACEBOY DESIGN","JUMBO BAG RED RETROSPOT",0.01445,0.77876,0.01855,6.86459,264,0,0
"JUMBO BAG SCANDINAVIAN BLUE PAISLEY + JUMBO SHOPPER VINTAGE RED PAISLEY","JUMBO BAG RED RETROSPOT",0.01713,0.77861,0.022,6.86323,313,0,0
"JUMBO BAG PINK VINTAGE PAISLEY","JUMBO BAG WOODLAND ANIMALS",0.01532,0.3237,0.04734,6.8619,280,0,0
"JUMBO BAG WOODLAND ANIMALS","JUMBO BAG PINK VINTAGE PAISLEY",0.01532,0.32483,0.04717,6.8619,280,0,0
"JUMBO BAG PINK POLKADOT + JUMBO BAG PINK VINTAGE PAISLEY","JUMBO BAG RED RETROSPOT",0.01614,0.77836,0.02074,6.86109,295,0,0
"JUMBO BAG RED RETROSPOT + JUMBO BAG VINTAGE LEAF","JUMBO BAG PINK POLKADOT",0.01062,0.45647,0.02326,6.85945,194,0,0
"PACK OF 60 PINK PAISLEY CAKE CASES","PACK OF 72 RETROSPOT CAKE CASES",0.02353,0.49482,0.04756,6.84991,430,0,0
"PACK OF 72 RETROSPOT CAKE CASES","PACK OF 60 PINK PAISLEY CAKE CASES",0.02353,0.32576,0.07224,6.84991,430,0,0
"JUMBO BAG RED RETROSPOT + LUNCH BAG RED RETROSPOT","JUMBO BAG WOODLAND ANIMALS",0.01023,0.32297,0.03169,6.84645,187,0,0
"SUKI  SHOULDER BAG","JUMBO STORAGE BAG SUKI",0.01286,0.4434,0.029,6.84306,235,0,0
"CHARLOTTE BAG PINK POLKADOT + WOODLAND CHARLOTTE BAG","LUNCH BAG  BLACK SKULL.",0.01029,0.47595,0.02162,6.84266,188,0,0
"LUNCH BAG VINTAGE DOILY","JUMBO BAG VINTAGE DOILY",0.02758,0.45985,0.05998,6.83164,504,0,0
"JUMBO BAG VINTAGE DOILY","LUNCH BAG VINTAGE DOILY",0.02758,0.40976,0.06731,6.83164,504,0,0
"SET OF 60 PANTRY DESIGN CAKE CASES","SET OF 3 REGENCY CAKE TINS",0.01116,0.32484,0.03437,6.83063,204,0,0
"JUMBO BAG SCANDINAVIAN BLUE PAISLEY","JUMBO STORAGE BAG SUKI",0.01948,0.44224,0.04405,6.82515,356,0,0
"JUMBO STORAGE BAG SUKI","JUMBO BAG SCANDINAVIAN BLUE PAISLEY",0.01948,0.30068,0.0648,6.82515,356,0,0
"LUNCH BAG RED RETROSPOT + LUNCH BAG SUKI DESIGN","CHARLOTTE BAG SUKI DESIGN",0.01177,0.32824,0.03585,6.82367,215,0,0
"RED RETROSPOT CHARLOTTE BAG + STRAWBERRY CHARLOTTE BAG","LUNCH BAG CARS BLUE",0.01138,0.42798,0.0266,6.80639,208,0,0
"JUMBO BAG PINK POLKADOT + LUNCH BAG RED RETROSPOT","JUMBO BAG RED RETROSPOT",0.01363,0.7709,0.01768,6.79528,249,0,0
"JUMBO BAG PINK POLKADOT + JUMBO STORAGE BAG SKULLS","JUMBO BAG RED RETROSPOT",0.01396,0.77039,0.01811,6.79083,255,0,0
"JUMBO BAG SPACEBOY DESIGN + JUMBO SHOPPER VINTAGE RED PAISLEY","JUMBO BAG RED RETROSPOT",0.01155,0.77007,0.01499,6.78801,211,0,0
"JUMBO BAG STRAWBERRY + JUMBO STORAGE BAG SUKI","JUMBO BAG RED RETROSPOT",0.01319,0.76997,0.01713,6.78708,241,0,0
"JUMBO BAG PEARS","LUNCH BAG APPLE DESIGN",0.01248,0.38384,0.03251,6.77669,228,0,0
"72 SWEETHEART FAIRY CAKE CASES","PACK OF 72 RETROSPOT CAKE CASES",0.01647,0.48943,0.03366,6.77528,301,0,0
"JUMBO BAG RED RETROSPOT + JUMBO SHOPPER VINTAGE RED PAISLEY","JUMBO BAG APPLES",0.01346,0.36176,0.03721,6.77308,246,0,0
"JUMBO BAG SCANDINAVIAN BLUE PAISLEY","JUMBO BAG STRAWBERRY",0.01341,0.30435,0.04405,6.76563,245,0,0
"STRAWBERRY CHARLOTTE BAG + WOODLAND CHARLOTTE BAG","LUNCH BAG  BLACK SKULL.",0.01045,0.47044,0.02222,6.7635,191,0,0
"JUMBO  BAG BAROQUE BLACK WHITE + JUMBO BAG WOODLAND ANIMALS","JUMBO BAG RED RETROSPOT",0.01275,0.76645,0.01664,6.75605,233,0,0
"LUNCH BAG APPLE DESIGN + LUNCH BAG VINTAGE DOILY","LUNCH BAG RED RETROSPOT",0.01396,0.57823,0.02413,6.75577,255,0,0
"CHARLOTTE BAG SUKI DESIGN + STRAWBERRY CHARLOTTE BAG","LUNCH BAG  BLACK SKULL.",0.01067,0.46988,0.02271,6.7554,195,0,0
"LUNCH BAG CARS BLUE + LUNCH BAG PINK POLKADOT","LUNCH BAG APPLE DESIGN",0.01051,0.38247,0.02747,6.75254,192,0,0
"JUMBO BAG OWLS","JUMBO BAG STRAWBERRY",0.01078,0.30308,0.03557,6.73738,197,0,0
"LUNCH BAG ALPHABET DESIGN","LUNCH BAG VINTAGE DOILY",0.01631,0.40325,0.04044,6.72312,298,0,0
"JUMBO BAG RED RETROSPOT + JUMBO BAG VINTAGE LEAF","JUMBO STORAGE BAG SUKI",0.01012,0.43529,0.02326,6.71801,185,0,0
"JUMBO BAG STRAWBERRY + LUNCH BAG RED RETROSPOT","JUMBO BAG RED RETROSPOT",0.01034,0.7621,0.01357,6.7177,189,0,0
"JUMBO BAG WOODLAND ANIMALS + JUMBO SHOPPER VINTAGE RED PAISLEY","JUMBO BAG RED RETROSPOT",0.01625,0.76154,0.02134,6.71278,297,0,0
"JUMBO  BAG BAROQUE BLACK WHITE","JUMBO BAG PINK POLKADOT",0.02266,0.4466,0.05073,6.71115,414,0,0
"JUMBO BAG PINK POLKADOT","JUMBO  BAG BAROQUE BLACK WHITE",0.02266,0.34046,0.06655,6.71115,414,0,0
"JUMBO BAG APPLES + JUMBO STORAGE BAG SKULLS","JUMBO BAG RED RETROSPOT",0.01012,0.76132,0.0133,6.71083,185,0,0
"JUMBO BAG APPLES + JUMBO BAG WOODLAND ANIMALS","JUMBO BAG RED RETROSPOT",0.01259,0.75908,0.01658,6.69107,230,0,0
"LUNCH BAG SUKI DESIGN","LUNCH BAG CARS BLUE",0.0295,0.42011,0.07021,6.68116,539,0,0
"LUNCH BAG CARS BLUE","LUNCH BAG SUKI DESIGN",0.0295,0.4691,0.06288,6.68116,539,0,0
"JUMBO STORAGE BAG SKULLS","JUMBO SHOPPER VINTAGE RED PAISLEY",0.01647,0.42877,0.03842,6.67377,301,0,0
"JUMBO BAG RED RETROSPOT + LUNCH BAG RED RETROSPOT","LUNCH BAG PINK POLKADOT",0.01259,0.39724,0.03169,6.66548,230,0,0
"RED RETROSPOT CHARLOTTE BAG + STRAWBERRY CHARLOTTE BAG","LUNCH BAG  BLACK SKULL.",0.01231,0.46296,0.0266,6.65596,225,0,0
"LUNCH BAG  BLACK SKULL. + LUNCH BAG PINK POLKADOT","LUNCH BAG APPLE DESIGN",0.01122,0.37684,0.02977,6.65311,205,0,0
"JUMBO BAG RED RETROSPOT + RED RETROSPOT CHARLOTTE BAG","JUMBO BAG PINK POLKADOT",0.01029,0.44235,0.02326,6.6473,188,0,0
"JUMBO BAG RED RETROSPOT + RED RETROSPOT CHARLOTTE BAG","JUMBO STORAGE BAG SUKI",0.01001,0.43059,0.02326,6.64539,183,0,0
"JUMBO  BAG BAROQUE BLACK WHITE + JUMBO STORAGE BAG SUKI","JUMBO BAG RED RETROSPOT",0.0174,0.75355,0.02309,6.6424,318,0,0
"LUNCH BAG CARS BLUE","LUNCH BAG SPACEBOY DESIGN",0.02643,0.42037,0.06288,6.63901,483,0,0
"LUNCH BAG SPACEBOY DESIGN","LUNCH BAG CARS BLUE",0.02643,0.41746,0.06332,6.63901,483,0,0
"LUNCH BAG APPLE DESIGN + LUNCH BAG VINTAGE LEAF DESIGN","LUNCH BAG RED RETROSPOT",0.01122,0.56787,0.01976,6.63468,205,0,0
"JAM MAKING SET WITH JARS","JAM MAKING SET PRINTED",0.02583,0.4177,0.06184,6.62553,472,0,0
"JAM MAKING SET PRINTED","JAM MAKING SET WITH JARS",0.02583,0.40972,0.06304,6.62553,472,0,0
"JUMBO  BAG BAROQUE BLACK WHITE + JUMBO BAG RED RETROSPOT","JUMBO BAG APPLES",0.01133,0.35385,0.03201,6.62483,207,0,0
"JUMBO  BAG BAROQUE BLACK WHITE + JUMBO BAG OWLS","JUMBO BAG RED RETROSPOT",0.01056,0.75097,0.01406,6.61965,193,0,0
"JUMBO BAG OWLS + JUMBO SHOPPER VINTAGE RED PAISLEY","JUMBO BAG RED RETROSPOT",0.01073,0.75096,0.01428,6.61951,196,0,0
"JUMBO BAG SPACEBOY DESIGN","JUMBO  BAG BAROQUE BLACK WHITE",0.01259,0.33577,0.03749,6.61862,230,0,0
"CHARLOTTE BAG SUKI DESIGN + RED RETROSPOT CHARLOTTE BAG","LUNCH BAG CARS BLUE",0.01155,0.41617,0.02775,6.61857,211,0,0
"JUMBO SHOPPER VINTAGE RED PAISLEY + JUMBO STORAGE BAG SKULLS","JUMBO BAG RED RETROSPOT",0.01237,0.75083,0.01647,6.61839,226,0,0
"JUMBO STORAGE BAG SUKI + LUNCH BAG SUKI DESIGN","LUNCH BAG RED RETROSPOT",0.01127,0.56593,0.01992,6.61209,206,0,0
"JUMBO BAG ALPHABET + JUMBO BAG PINK POLKADOT","JUMBO BAG RED RETROSPOT",0.01116,0.75,0.01489,6.61107,204,0,0
"JUMBO BAG OWLS + JUMBO BAG PINK POLKADOT","JUMBO BAG RED RETROSPOT",0.01149,0.75,0.01532,6.61107,210,0,0
"LUNCH BAG  BLACK SKULL. + LUNCH BAG SPACEBOY DESIGN","RED RETROSPOT CHARLOTTE BAG",0.01045,0.37305,0.02802,6.60532,191,0,0
"JUMBO  BAG BAROQUE BLACK WHITE + JUMBO BAG PINK VINTAGE PAISLEY","JUMBO BAG RED RETROSPOT",0.01127,0.74909,0.01505,6.60306,206,0,0
"LUNCH BAG APPLE DESIGN","JUMBO BAG APPLES",0.01997,0.35266,0.05664,6.60256,365,0,0
"JUMBO BAG APPLES","LUNCH BAG APPLE DESIGN",0.01997,0.37398,0.05341,6.60256,365,0,0
"SET OF 6 SPICE TINS PANTRY DESIGN","SET OF 3 CAKE TINS PANTRY DESIGN",0.02244,0.49697,0.04515,6.59966,410,0,0
"SET OF 20 VINTAGE CHRISTMAS NAPKINS","PAPER CHAIN KIT 50'S CHRISTMAS",0.0139,0.41639,0.03338,6.5991,254,0,0
"WOOD 2 DRAWER CABINET WHITE FINISH","WOODEN PICTURE FRAME WHITE FINISH",0.01171,0.3963,0.02955,6.59519,214,0,0
"JUMBO BAG APPLES + JUMBO STORAGE BAG SUKI","JUMBO BAG RED RETROSPOT",0.01538,0.74734,0.02058,6.58763,281,0,0
"JUMBO BAG PINK VINTAGE PAISLEY","JUMBO BAG PINK POLKADOT",0.02074,0.43815,0.04734,6.58414,379,0,0
"JUMBO BAG PINK POLKADOT","JUMBO BAG PINK VINTAGE PAISLEY",0.02074,0.31168,0.06655,6.58414,379,0,0
"JUMBO BAG APPLES","JUMBO BAG WOODLAND ANIMALS",0.01658,0.31045,0.05341,6.58105,303,0,0
"JUMBO BAG WOODLAND ANIMALS","JUMBO BAG APPLES",0.01658,0.35151,0.04717,6.58105,303,0,0
"JUMBO BAG SPACEBOY DESIGN + JUMBO BAG WOODLAND ANIMALS","JUMBO BAG RED RETROSPOT",0.01193,0.74658,0.01598,6.58088,218,0,0
"CHARLOTTE BAG PINK POLKADOT + CHARLOTTE BAG SUKI DESIGN","LUNCH BAG SUKI DESIGN",0.01034,0.46098,0.02244,6.5654,189,0,0
"JUMBO BAG PINK POLKADOT + JUMBO BAG VINTAGE DOILY","JUMBO BAG RED RETROSPOT",0.01308,0.74455,0.01757,6.56302,239,0,0
"SET OF 60 PANTRY DESIGN CAKE CASES","PACK OF 60 PINK PAISLEY CAKE CASES",0.01073,0.3121,0.03437,6.56276,196,0,0
"LUNCH BAG SPACEBOY DESIGN","LUNCH BAG SUKI DESIGN",0.02917,0.46067,0.06332,6.56111,533,0,0
"LUNCH BAG SUKI DESIGN","LUNCH BAG SPACEBOY DESIGN",0.02917,0.41543,0.07021,6.56111,533,0,0
"BOX OF 24 COCKTAIL PARASOLS","CHARLOTTE BAG SUKI DESIGN",0.01007,0.31561,0.0319,6.561,184,0,0
"JUMBO SHOPPER VINTAGE RED PAISLEY + JUMBO STORAGE BAG SUKI","JUMBO BAG RED RETROSPOT",0.02134,0.74427,0.02868,6.5606,390,0,0
"JUMBO BAG SPACEBOY DESIGN","JUMBO BAG APPLES",0.01313,0.35036,0.03749,6.55965,240,0,0
"JUMBO BAG PINK POLKADOT + JUMBO BAG RED RETROSPOT","JUMBO BAG APPLES",0.01582,0.3503,0.04515,6.55849,289,0,0
"LUNCH BAG PINK POLKADOT + LUNCH BAG SUKI DESIGN","LUNCH BAG VINTAGE DOILY",0.01007,0.39316,0.02561,6.55498,184,0,0
"CHARLOTTE BAG SUKI DESIGN + STRAWBERRY CHARLOTTE BAG","LUNCH BAG SUKI DESIGN",0.01045,0.46024,0.02271,6.55494,191,0,0
"LUNCH BAG PINK POLKADOT","LUNCH BAG WOODLAND",0.02167,0.36364,0.0596,6.55299,396,0,0
"LUNCH BAG WOODLAND","LUNCH BAG PINK POLKADOT",0.02167,0.39053,0.05549,6.55299,396,0,0
"JUMBO STORAGE BAG SUKI + RECYCLING BAG RETROSPOT","JUMBO BAG RED RETROSPOT",0.01204,0.74324,0.0162,6.55151,220,0,0
"JUMBO BAG PINK VINTAGE PAISLEY + JUMBO BAG WOODLAND ANIMALS","JUMBO BAG RED RETROSPOT",0.01138,0.74286,0.01532,6.54811,208,0,0
"LUNCH BAG  BLACK SKULL. + LUNCH BAG CARS BLUE","RED RETROSPOT CHARLOTTE BAG",0.01056,0.36973,0.02857,6.54662,193,0,0
"LUNCH BAG  BLACK SKULL.","LUNCH BAG SUKI DESIGN",0.03196,0.45948,0.06956,6.54411,584,0,0
"LUNCH BAG SUKI DESIGN","LUNCH BAG  BLACK SKULL.",0.03196,0.45518,0.07021,6.54411,584,0,0
"JUMBO BAG SPACEBOY DESIGN + JUMBO STORAGE BAG SUKI","JUMBO BAG RED RETROSPOT",0.01401,0.74203,0.01888,6.54081,256,0,0
"JUMBO  BAG BAROQUE BLACK WHITE + JUMBO BAG STRAWBERRY","JUMBO BAG RED RETROSPOT",0.011,0.7417,0.01483,6.53789,201,0,0
"JUMBO STORAGE BAG SUKI","JUMBO BAG PINK POLKADOT",0.02818,0.43497,0.0648,6.5363,515,0,0
"JUMBO BAG PINK POLKADOT","JUMBO STORAGE BAG SUKI",0.02818,0.42352,0.06655,6.5363,515,0,0
"SUKI  SHOULDER BAG","GREEN REGENCY TEACUP AND SAUCER",0.01051,0.36226,0.029,6.5347,192,0,0
"LUNCH BAG  BLACK SKULL.","LUNCH BAG CARS BLUE",0.02857,0.4107,0.06956,6.53153,522,0,0
"LUNCH BAG CARS BLUE","LUNCH BAG  BLACK SKULL.",0.02857,0.45431,0.06288,6.53153,522,0,0
"JUMBO BAG PINK VINTAGE PAISLEY","JUMBO STORAGE BAG SUKI",0.02003,0.42312,0.04734,6.53015,366,0,0
"JUMBO STORAGE BAG SUKI","JUMBO BAG PINK VINTAGE PAISLEY",0.02003,0.30912,0.0648,6.53015,366,0,0
"LUNCH BAG DOLLY GIRL DESIGN","LUNCH BAG PINK POLKADOT",0.0145,0.38913,0.03727,6.52951,265,0,0
"SUKI  SHOULDER BAG","JAM MAKING SET PRINTED",0.01193,0.41132,0.029,6.52436,218,0,0
"LUNCH BAG PINK POLKADOT + LUNCH BAG RED RETROSPOT","LUNCH BAG VINTAGE DOILY",0.01297,0.39109,0.03316,6.52041,237,0,0
"JUMBO BAG APPLES + JUMBO SHOPPER VINTAGE RED PAISLEY","JUMBO BAG RED RETROSPOT",0.01346,0.73874,0.01822,6.51181,246,0,0
"JUMBO  BAG BAROQUE BLACK WHITE + JUMBO SHOPPER VINTAGE RED PAISLEY","JUMBO BAG RED RETROSPOT",0.01702,0.73872,0.02304,6.51162,311,0,0
"LUNCH BAG RED RETROSPOT","LUNCH BAG PINK POLKADOT",0.03316,0.38747,0.08559,6.50156,606,0,0
"LUNCH BAG PINK POLKADOT","LUNCH BAG RED RETROSPOT",0.03316,0.55647,0.0596,6.50156,606,0,0
"JUMBO BAG APPLES","JUMBO BAG VINTAGE DOILY",0.02337,0.4375,0.05341,6.49954,427,0,0
"JUMBO BAG VINTAGE DOILY","JUMBO BAG APPLES",0.02337,0.34715,0.06731,6.49954,427,0,0
"JUMBO BAG STRAWBERRY","JUMBO  BAG BAROQUE BLACK WHITE",0.01483,0.32968,0.04498,6.49872,271,0,0
"JUMBO BAG WOODLAND ANIMALS + RECYCLING BAG RETROSPOT","JUMBO BAG RED RETROSPOT",0.01105,0.73723,0.01499,6.49847,202,0,0
"LUNCH BAG ALPHABET DESIGN","LUNCH BAG SPACEBOY DESIGN",0.01664,0.41137,0.04044,6.49689,304,0,0
"JUMBO BAG PINK VINTAGE PAISLEY + JUMBO BAG STRAWBERRY","JUMBO BAG RED RETROSPOT",0.0116,0.73611,0.01576,6.48864,212,0,0
"JUMBO STORAGE BAG SKULLS","JUMBO BAG APPLES",0.0133,0.34615,0.03842,6.48081,243,0,0
"JUMBO BAG PINK VINTAGE PAISLEY + JUMBO STORAGE BAG SUKI","JUMBO BAG RED RETROSPOT",0.01472,0.73497,0.02003,6.47861,269,0,0
"JUMBO BAG OWLS","JUMBO BAG PINK POLKADOT",0.01532,0.43077,0.03557,6.47323,280,0,0
"JUMBO BAG RED RETROSPOT + LUNCH BAG RED RETROSPOT","JUMBO BAG PINK POLKADOT",0.01363,0.43005,0.03169,6.46245,249,0,0
"CHARLOTTE BAG PINK POLKADOT + CHARLOTTE BAG SUKI DESIGN","LUNCH BAG  BLACK SKULL.",0.01007,0.44878,0.02244,6.45206,184,0,0
"CHARLOTTE BAG SUKI DESIGN + WOODLAND CHARLOTTE BAG","LUNCH BAG CARS BLUE",0.01012,0.4057,0.02495,6.45203,185,0,0
"JUMBO  BAG BAROQUE BLACK WHITE + JUMBO BAG APPLES","JUMBO BAG RED RETROSPOT",0.01133,0.72887,0.01554,6.42484,207,0,0
"LUNCH BAG WOODLAND","LUNCH BAG APPLE DESIGN",0.02019,0.36391,0.05549,6.42477,369,0,0
"LUNCH BAG APPLE DESIGN","LUNCH BAG WOODLAND",0.02019,0.35652,0.05664,6.42477,369,0,0
"LUNCH BAG DOLLY GIRL DESIGN","LUNCH BAG CARS BLUE",0.01505,0.40382,0.03727,6.42208,275,0,0
"JUMBO BAG WOODLAND ANIMALS + JUMBO STORAGE BAG SUKI","JUMBO BAG RED RETROSPOT",0.0179,0.72829,0.02457,6.41966,327,0,0
"CHARLOTTE BAG PINK POLKADOT + RED RETROSPOT CHARLOTTE BAG","LUNCH BAG CARS BLUE",0.01149,0.4023,0.02857,6.39792,210,0,0
"JUMBO BAG RED RETROSPOT + LUNCH BAG RED RETROSPOT","JUMBO STORAGE BAG SUKI",0.01313,0.41451,0.03169,6.39721,240,0,0
"JUMBO BAG ALPHABET + JUMBO SHOPPER VINTAGE RED PAISLEY","JUMBO BAG RED RETROSPOT",0.01012,0.72549,0.01396,6.39502,185,0,0
"JUMBO  BAG BAROQUE BLACK WHITE + JUMBO STORAGE BAG SKULLS","JUMBO BAG RED RETROSPOT",0.01051,0.72453,0.0145,6.38654,192,0,0
"JUMBO BAG OWLS + JUMBO STORAGE BAG SUKI","JUMBO BAG RED RETROSPOT",0.01264,0.72414,0.01746,6.3831,231,0,0
"CHARLOTTE BAG SUKI DESIGN + RED RETROSPOT CHARLOTTE BAG","LUNCH BAG  BLACK SKULL.",0.01231,0.44379,0.02775,6.38027,225,0,0
"STRAWBERRY CHARLOTTE BAG + WOODLAND CHARLOTTE BAG","PACK OF 72 RETROSPOT CAKE CASES",0.01023,0.46059,0.02222,6.37605,187,0,0
"LUNCH BAG DOLLY GIRL DESIGN","LUNCH BAG  BLACK SKULL.",0.01653,0.44347,0.03727,6.37565,302,0,0
"LUNCH BAG SPACEBOY DESIGN","LUNCH BAG  BLACK SKULL.",0.02802,0.44252,0.06332,6.36211,512,0,0
"LUNCH BAG  BLACK SKULL.","LUNCH BAG SPACEBOY DESIGN",0.02802,0.40283,0.06956,6.36211,512,0,0
"JUMBO BAG STRAWBERRY","JUMBO BAG PINK POLKADOT",0.01904,0.42336,0.04498,6.36185,348,0,0
"NATURAL SLATE CHALKBOARD LARGE","NATURAL SLATE HEART CHALKBOARD",0.01122,0.43432,0.02583,6.35927,205,0,0
"JUMBO BAG SPACEBOY DESIGN","JUMBO BAG PINK VINTAGE PAISLEY",0.01127,0.30073,0.03749,6.35288,206,0,0
"JUMBO BAG WOODLAND ANIMALS + JUMBO STORAGE BAG SKULLS","JUMBO BAG RED RETROSPOT",0.011,0.72043,0.01527,6.35042,201,0,0
"LUNCH BAG  BLACK SKULL. + LUNCH BAG SPACEBOY DESIGN","LUNCH BAG VINTAGE DOILY",0.01067,0.38086,0.02802,6.34986,195,0,0
"CHARLOTTE BAG PINK POLKADOT + CHARLOTTE BAG SUKI DESIGN","PACK OF 72 RETROSPOT CAKE CASES",0.01029,0.45854,0.02244,6.34761,188,0,0
"JUMBO BAG OWLS + JUMBO BAG WOODLAND ANIMALS","JUMBO BAG RED RETROSPOT",0.01111,0.71986,0.01543,6.34538,203,0,0
"JUMBO BAG PINK VINTAGE PAISLEY + JUMBO BAG SCANDINAVIAN BLUE PAISLEY","JUMBO BAG RED RETROSPOT",0.01571,0.7193,0.02184,6.34044,287,0,0
"PACK OF 72 SKULL CAKE CASES","PACK OF 60 PINK PAISLEY CAKE CASES",0.01089,0.30106,0.03617,6.33055,199,0,0
"LUNCH BAG VINTAGE LEAF DESIGN","LUNCH BAG SUKI DESIGN",0.0162,0.44444,0.03645,6.32996,296,0,0
"LUNCH BAG VINTAGE LEAF DESIGN","LUNCH BAG  BLACK SKULL.",0.01603,0.43994,0.03645,6.32496,293,0,0
"LUNCH BAG  BLACK SKULL. + LUNCH BAG RED RETROSPOT","CHARLOTTE BAG SUKI DESIGN",0.01067,0.30421,0.03508,6.32408,195,0,0
"CHARLOTTE BAG SUKI DESIGN + RED RETROSPOT CHARLOTTE BAG","LUNCH BAG SUKI DESIGN",0.01231,0.44379,0.02775,6.32059,225,0,0
"LUNCH BAG VINTAGE DOILY + LUNCH BAG VINTAGE LEAF DESIGN","LUNCH BAG RED RETROSPOT",0.01012,0.54094,0.01872,6.32002,185,0,0
"LUNCH BAG WOODLAND","LUNCH BAG SUKI DESIGN",0.02457,0.4428,0.05549,6.30655,449,0,0
"LUNCH BAG SUKI DESIGN","LUNCH BAG WOODLAND",0.02457,0.34996,0.07021,6.30655,449,0,0
"JUMBO BAG VINTAGE CHRISTMAS","JUMBO BAG VINTAGE DOILY",0.011,0.42405,0.02594,6.29974,201,0,0
"LUNCH BAG ALPHABET DESIGN + LUNCH BAG APPLE DESIGN","LUNCH BAG RED RETROSPOT",0.011,0.53887,0.02041,6.29594,201,0,0
"LUNCH BAG WOODLAND","LUNCH BAG  BLACK SKULL.",0.0243,0.43787,0.05549,6.2952,444,0,0
"LUNCH BAG  BLACK SKULL.","LUNCH BAG WOODLAND",0.0243,0.34933,0.06956,6.2952,444,0,0
"RED RETROSPOT OVEN GLOVE","PACK OF 72 RETROSPOT CAKE CASES",0.01122,0.45455,0.02468,6.29236,205,0,0
"JUMBO BAG PEARS","LUNCH BAG VINTAGE DOILY",0.01226,0.3771,0.03251,6.28725,224,0,0
"JUMBO BAG PINK POLKADOT + WHITE HANGING HEART T-LIGHT HOLDER","JUMBO BAG RED RETROSPOT",0.01007,0.71318,0.01412,6.2865,184,0,0
"JUMBO BAG VINTAGE DOILY + LUNCH BAG RED RETROSPOT","JUMBO BAG RED RETROSPOT",0.01259,0.71207,0.01768,6.27676,230,0,0
"CHARLOTTE BAG PINK POLKADOT + RED RETROSPOT CHARLOTTE BAG","LUNCH BAG PINK POLKADOT",0.01067,0.37356,0.02857,6.26825,195,0,0
"JUMBO BAG PINK POLKADOT + LUNCH BAG PINK POLKADOT","JUMBO BAG RED RETROSPOT",0.01171,0.71096,0.01647,6.26697,214,0,0
"JUMBO BAG PINK VINTAGE PAISLEY","JUMBO  BAG BAROQUE BLACK WHITE",0.01505,0.31792,0.04734,6.26681,275,0,0
"JUMBO BAG OWLS","JUMBO SHOPPER VINTAGE RED PAISLEY",0.01428,0.40154,0.03557,6.24984,261,0,0
"CHARLOTTE BAG SUKI DESIGN + WOODLAND CHARLOTTE BAG","LUNCH BAG  BLACK SKULL.",0.01084,0.43421,0.02495,6.24259,198,0,0
"LUNCH BAG VINTAGE LEAF DESIGN","LUNCH BAG SPACEBOY DESIGN",0.01439,0.39489,0.03645,6.23675,263,0,0
"RED RETROSPOT CHARLOTTE BAG + WOODLAND CHARLOTTE BAG","LUNCH BAG  BLACK SKULL.",0.01198,0.43366,0.02764,6.23472,219,0,0
"JUMBO BAG SPACEBOY DESIGN","JUMBO SHOPPER VINTAGE RED PAISLEY",0.01499,0.4,0.03749,6.22589,274,0,0
"JUMBO BAG RED RETROSPOT + JUMBO BAG VINTAGE DOILY","JUMBO BAG PINK POLKADOT",0.01308,0.41421,0.03158,6.22441,239,0,0
"JUMBO STORAGE BAG SKULLS + JUMBO STORAGE BAG SUKI","JUMBO BAG RED RETROSPOT",0.01417,0.70572,0.02008,6.22077,259,0,0
"JUMBO BAG ALPHABET + JUMBO STORAGE BAG SUKI","JUMBO BAG RED RETROSPOT",0.01127,0.70548,0.01598,6.21863,206,0,0
"CHARLOTTE BAG SUKI DESIGN + WOODLAND CHARLOTTE BAG","LUNCH BAG SUKI DESIGN",0.01089,0.4364,0.02495,6.21543,199,0,0
"LUNCH BAG PINK POLKADOT","LUNCH BAG SPACEBOY DESIGN",0.02342,0.39302,0.0596,6.20715,428,0,0
"LUNCH BAG SPACEBOY DESIGN","LUNCH BAG PINK POLKADOT",0.02342,0.36992,0.06332,6.20715,428,0,0
"RED RETROSPOT CHARLOTTE BAG + WOODLAND CHARLOTTE BAG","LUNCH BAG CARS BLUE",0.01078,0.3901,0.02764,6.2039,197,0,0
"WOOD S/3 CABINET ANT WHITE FINISH","WOODEN FRAME ANTIQUE WHITE",0.01084,0.3289,0.03294,6.20233,198,0,0
"CHARLOTTE BAG PINK POLKADOT + RED RETROSPOT CHARLOTTE BAG","LUNCH BAG  BLACK SKULL.",0.01231,0.43103,0.02857,6.19693,225,0,0
"CHRISTMAS CRAFT LITTLE FRIENDS","PAPER CHAIN KIT 50'S CHRISTMAS",0.0116,0.39042,0.02972,6.18752,212,0,0
"JUMBO STORAGE BAG SUKI + LUNCH BAG RED RETROSPOT","JUMBO BAG RED RETROSPOT",0.01313,0.70175,0.01872,6.1858,240,0,0
"LUNCH BAG APPLE DESIGN","LUNCH BAG SUKI DESIGN",0.02457,0.43382,0.05664,6.17859,449,0,0
"LUNCH BAG SUKI DESIGN","LUNCH BAG APPLE DESIGN",0.02457,0.34996,0.07021,6.17859,449,0,0
"JUMBO BAG RED RETROSPOT + WHITE HANGING HEART T-LIGHT HOLDER","JUMBO BAG PINK POLKADOT",0.01007,0.41071,0.02452,6.17186,184,0,0
"LUNCH BAG ALPHABET DESIGN","LUNCH BAG SUKI DESIGN",0.01751,0.43302,0.04044,6.16721,320,0,0
"JUMBO BAG PINK POLKADOT + LUNCH BAG SUKI DESIGN","JUMBO BAG RED RETROSPOT",0.01018,0.69925,0.01456,6.16371,186,0,0
"JUMBO BAG PINK VINTAGE PAISLEY + JUMBO SHOPPER VINTAGE RED PAISLEY","JUMBO BAG RED RETROSPOT",0.01593,0.69784,0.02282,6.15131,291,0,0
"JUMBO BAG RED RETROSPOT + LUNCH BAG RED RETROSPOT","LUNCH BAG SUKI DESIGN",0.01368,0.43178,0.03169,6.14957,250,0,0
"LUNCH BAG DOLLY GIRL DESIGN","LUNCH BAG RED RETROSPOT",0.01959,0.5257,0.03727,6.14199,358,0,0
"LUNCH BAG  BLACK SKULL. + LUNCH BAG PINK POLKADOT","LUNCH BAG VINTAGE DOILY",0.01095,0.36765,0.02977,6.12958,200,0,0
"JUMBO STORAGE BAG SUKI + WHITE HANGING HEART T-LIGHT HOLDER","JUMBO BAG RED RETROSPOT",0.0116,0.69508,0.01669,6.12698,212,0,0
"LUNCH BAG ALPHABET DESIGN","LUNCH BAG WOODLAND",0.01374,0.33965,0.04044,6.1207,251,0,0
"LUNCH BAG PINK POLKADOT","LUNCH BAG SUKI DESIGN",0.02561,0.42975,0.0596,6.1207,468,0,0
"LUNCH BAG SUKI DESIGN","LUNCH BAG PINK POLKADOT",0.02561,0.36477,0.07021,6.1207,468,0,0
"RECYCLING BAG RETROSPOT","JUMBO STORAGE BAG SUKI",0.0162,0.39625,0.04088,6.11546,296,0,0
"JUMBO BAG VINTAGE DOILY + JUMBO STORAGE BAG SUKI","JUMBO BAG RED RETROSPOT",0.01188,0.69329,0.01713,6.11119,217,0,0
"JUMBO BAG VINTAGE LEAF + JUMBO STORAGE BAG SUKI","JUMBO BAG RED RETROSPOT",0.01012,0.69288,0.01461,6.10761,185,0,0
"LUNCH BAG RED RETROSPOT + LUNCH BAG SPACEBOY DESIGN","LUNCH BAG VINTAGE DOILY",0.01122,0.36607,0.03065,6.10331,205,0,0
"CHARLOTTE BAG SUKI DESIGN + WOODLAND CHARLOTTE BAG","PACK OF 72 RETROSPOT CAKE CASES",0.011,0.44079,0.02495,6.10193,201,0,0
"JUMBO SHOPPER VINTAGE RED PAISLEY + LUNCH BAG RED RETROSPOT","JUMBO BAG RED RETROSPOT",0.01078,0.69123,0.0156,6.09301,197,0,0
"LUNCH BAG VINTAGE LEAF DESIGN","LUNCH BAG WOODLAND",0.01231,0.33784,0.03645,6.08808,225,0,0
"JUMBO BAG APPLES + LUNCH BAG RED RETROSPOT","JUMBO BAG RED RETROSPOT",0.01023,0.69004,0.01483,6.08251,187,0,0
"JUMBO BAG VINTAGE DOILY","JUMBO BAG ALPHABET",0.02025,0.30081,0.06731,6.08048,370,0,0
"JUMBO BAG ALPHABET","JUMBO BAG VINTAGE DOILY",0.02025,0.40929,0.04947,6.08048,370,0,0
"JUMBO BAG OWLS","JUMBO BAG APPLES",0.01155,0.32462,0.03557,6.07756,211,0,0
"RED RETROSPOT CHARLOTTE BAG + STRAWBERRY CHARLOTTE BAG","LUNCH BAG SPACEBOY DESIGN",0.01023,0.38477,0.0266,6.0769,187,0,0
"LUNCH BAG ALPHABET DESIGN","LUNCH BAG CARS BLUE",0.01543,0.3816,0.04044,6.06868,282,0,0
"WOODLAND CHARLOTTE BAG","LUNCH BAG WOODLAND",0.01532,0.33654,0.04553,6.06466,280,0,0
"LUNCH BAG RED RETROSPOT","LUNCH BAG WOODLAND",0.02879,0.33632,0.08559,6.06067,526,0,0
"LUNCH BAG WOODLAND","LUNCH BAG RED RETROSPOT",0.02879,0.51874,0.05549,6.06067,526,0,0
"SET OF 72 RETROSPOT PAPER  DOILIES","PACK OF 72 RETROSPOT CAKE CASES",0.01078,0.43681,0.02468,6.0468,197,0,0
"JUMBO BAG RED RETROSPOT + LUNCH BAG RED RETROSPOT","JUMBO BAG APPLES",0.01023,0.32297,0.03169,6.04676,187,0,0
"LUNCH BAG RED RETROSPOT + LUNCH BAG WOODLAND","LUNCH BAG VINTAGE DOILY",0.0104,0.36122,0.02879,6.02237,190,0,0
"RECYCLING BAG RETROSPOT","JUMBO BAG PINK POLKADOT",0.01636,0.40027,0.04088,6.01488,299,0,0
"LUNCH BAG DOLLY GIRL DESIGN","LUNCH BAG APPLE DESIGN",0.0127,0.34068,0.03727,6.01465,232,0,0
"LUNCH BAG  BLACK SKULL. + LUNCH BAG RED RETROSPOT","LUNCH BAG VINTAGE DOILY",0.01264,0.36037,0.03508,6.00832,231,0,0
"WOOD S/3 CABINET ANT WHITE FINISH","WOODEN PICTURE FRAME WHITE FINISH",0.01188,0.36047,0.03294,5.99889,217,0,0
"LUNCH BAG SPACEBOY DESIGN","LUNCH BAG APPLE DESIGN",0.02151,0.33967,0.06332,5.99693,393,0,0
"LUNCH BAG APPLE DESIGN","LUNCH BAG SPACEBOY DESIGN",0.02151,0.37971,0.05664,5.99693,393,0,0
"JUMBO BAG PINK POLKADOT","JUMBO SHOPPER VINTAGE RED PAISLEY",0.02561,0.38487,0.06655,5.99038,468,0,0
"JUMBO SHOPPER VINTAGE RED PAISLEY","JUMBO BAG PINK POLKADOT",0.02561,0.39864,0.06425,5.99038,468,0,0
"JUMBO BAG PINK POLKADOT","JUMBO BAG RED RETROSPOT",0.04515,0.67845,0.06655,5.98041,825,0,0
"JUMBO BAG RED RETROSPOT","JUMBO BAG PINK POLKADOT",0.04515,0.39797,0.11345,5.98041,825,0,0
"CHARLOTTE BAG SUKI DESIGN + RED RETROSPOT CHARLOTTE BAG","LUNCH BAG RED RETROSPOT",0.01417,0.51085,0.02775,5.9685,259,0,0
"LUNCH BAG SUKI DESIGN","LUNCH BAG RED RETROSPOT",0.03585,0.51052,0.07021,5.96469,655,0,0
"LUNCH BAG RED RETROSPOT","LUNCH BAG SUKI DESIGN",0.03585,0.4188,0.08559,5.96469,655,0,0
"LUNCH BAG RED RETROSPOT + LUNCH BAG SUKI DESIGN","LUNCH BAG VINTAGE DOILY",0.01281,0.35725,0.03585,5.95626,234,0,0
"CHARLOTTE BAG SUKI DESIGN + RED RETROSPOT CHARLOTTE BAG","LUNCH BAG SPACEBOY DESIGN",0.01045,0.37673,0.02775,5.94979,191,0,0
"JUMBO BAG APPLES","JUMBO STORAGE BAG SUKI",0.02058,0.38525,0.05341,5.94561,376,0,0
"JUMBO STORAGE BAG SUKI","JUMBO BAG APPLES",0.02058,0.31757,0.0648,5.94561,376,0,0
"SUKI  SHOULDER BAG","RECIPE BOX PANTRY YELLOW DESIGN",0.01045,0.36038,0.029,5.93794,191,0,0
"JUMBO BAG SCANDINAVIAN BLUE PAISLEY","JUMBO BAG RED RETROSPOT",0.02961,0.67205,0.04405,5.92396,541,0,0
"LUNCH BAG  BLACK SKULL. + LUNCH BAG SUKI DESIGN","RED RETROSPOT CHARLOTTE BAG",0.01067,0.3339,0.03196,5.91224,195,0,0
"LUNCH BAG  BLACK SKULL. + LUNCH BAG RED RETROSPOT","RED RETROSPOT CHARLOTTE BAG",0.01171,0.33385,0.03508,5.91134,214,0,0
"SUKI  SHOULDER BAG","JUMBO SHOPPER VINTAGE RED PAISLEY",0.011,0.37925,0.029,5.90285,201,0,0
"LUNCH BAG CARS BLUE + LUNCH BAG RED RETROSPOT","RED RETROSPOT CHARLOTTE BAG",0.01012,0.33333,0.03037,5.90213,185,0,0
"JUMBO BAG RED RETROSPOT + LUNCH BAG RED RETROSPOT","JUMBO BAG VINTAGE DOILY",0.01259,0.39724,0.03169,5.90139,230,0,0
"LUNCH BAG ALPHABET DESIGN","LUNCH BAG  BLACK SKULL.",0.01658,0.41001,0.04044,5.89471,303,0,0
"LUNCH BAG  BLACK SKULL.","LUNCH BAG RED RETROSPOT",0.03508,0.50433,0.06956,5.89231,641,0,0
"LUNCH BAG RED RETROSPOT","LUNCH BAG  BLACK SKULL.",0.03508,0.40985,0.08559,5.89231,641,0,0
"STRAWBERRY CHARLOTTE BAG","LUNCH BAG CARS BLUE",0.01461,0.36981,0.03951,5.88117,267,0,0
"LUNCH BAG  BLACK SKULL. + LUNCH BAG SUKI DESIGN","LUNCH BAG VINTAGE DOILY",0.01127,0.35274,0.03196,5.88103,206,0,0
"JUMBO BAG STRAWBERRY","JUMBO STORAGE BAG SUKI",0.01713,0.38078,0.04498,5.87666,313,0,0
"CHARLOTTE BAG PINK POLKADOT + RED RETROSPOT CHARLOTTE BAG","LUNCH BAG SPACEBOY DESIGN",0.01062,0.37165,0.02857,5.86959,194,0,0
"CANDLEHOLDER PINK HANGING HEART","WHITE HANGING HEART T-LIGHT HOLDER",0.01855,0.7167,0.02589,5.83094,339,0,0
"JUMBO STORAGE BAG SUKI + RED RETROSPOT CHARLOTTE BAG","JUMBO BAG RED RETROSPOT",0.01001,0.66065,0.01516,5.82347,183,0,0
"LUNCH BAG SPACEBOY DESIGN + LUNCH BAG SUKI DESIGN","LUNCH BAG VINTAGE DOILY",0.01018,0.34897,0.02917,5.81815,186,0,0
"JUMBO BAG SCANDINAVIAN BLUE PAISLEY","JUMBO BAG APPLES",0.01368,0.31056,0.04405,5.81439,250,0,0
"RED RETROSPOT CHARLOTTE BAG + WOODLAND CHARLOTTE BAG","PACK OF 72 RETROSPOT CAKE CASES",0.0116,0.4198,0.02764,5.8114,212,0,0
"JUMBO BAG TOYS","JUMBO BAG RED RETROSPOT",0.01883,0.659,0.02857,5.80896,344,0,0
"JUMBO BAG RED RETROSPOT + JUMBO BAG VINTAGE DOILY","JUMBO STORAGE BAG SUKI",0.01188,0.37608,0.03158,5.8042,217,0,0
"JAM MAKING SET PRINTED + JAM MAKING SET WITH JARS","SET OF 3 CAKE TINS PANTRY DESIGN",0.01127,0.43644,0.02583,5.79584,206,0,0
"RED RETROSPOT CHARLOTTE BAG + STRAWBERRY CHARLOTTE BAG","PACK OF 72 RETROSPOT CAKE CASES",0.01111,0.4177,0.0266,5.78223,203,0,0
"LUNCH BAG  BLACK SKULL.","LUNCH BAG APPLE DESIGN",0.02271,0.32651,0.06956,5.76464,415,0,0
"LUNCH BAG APPLE DESIGN","LUNCH BAG  BLACK SKULL.",0.02271,0.40097,0.05664,5.76464,415,0,0
"RED RETROSPOT SHOPPER BAG","RED RETROSPOT CHARLOTTE BAG",0.01023,0.32522,0.03147,5.75843,187,0,0
"JUMBO BAG 50'S CHRISTMAS","PAPER CHAIN KIT 50'S CHRISTMAS",0.01417,0.36325,0.03902,5.75693,259,0,0
"JUMBO BAG RED RETROSPOT + LUNCH BAG RED RETROSPOT","RED RETROSPOT CHARLOTTE BAG",0.01029,0.3247,0.03169,5.74923,188,0,0
"JUMBO BAG STRAWBERRY","JUMBO BAG RED RETROSPOT",0.02933,0.65207,0.04498,5.74782,536,0,0
"LUNCH BAG ALPHABET DESIGN","LUNCH BAG PINK POLKADOT",0.01385,0.34235,0.04044,5.74458,253,0,0
"JUMBO  BAG BAROQUE BLACK WHITE","JUMBO BAG APPLES",0.01554,0.30636,0.05073,5.73586,284,0,0
"CHARLOTTE BAG PINK POLKADOT + RED RETROSPOT CHARLOTTE BAG","PACK OF 72 RETROSPOT CAKE CASES",0.01182,0.41379,0.02857,5.72821,216,0,0
"JUMBO BAG VINTAGE DOILY + JUMBO SHOPPER VINTAGE RED PAISLEY","JUMBO BAG RED RETROSPOT",0.01116,0.64968,0.01718,5.72679,204,0,0
"JUMBO BAG VINTAGE DOILY + JUMBO BAG VINTAGE LEAF","JUMBO STORAGE BAG SUKI",0.01045,0.37016,0.02824,5.71271,191,0,0
"LUNCH BAG VINTAGE LEAF DESIGN","LUNCH BAG CARS BLUE",0.01308,0.35886,0.03645,5.70707,239,0,0
"LUNCH BAG VINTAGE LEAF DESIGN","JUMBO BAG APPLES",0.01111,0.3048,0.03645,5.70666,203,0,0
"CHARLOTTE BAG SUKI DESIGN + RED RETROSPOT CHARLOTTE BAG","PACK OF 72 RETROSPOT CAKE CASES",0.01144,0.41223,0.02775,5.70656,209,0,0
"CHARLOTTE BAG PINK POLKADOT + STRAWBERRY CHARLOTTE BAG","LUNCH BAG RED RETROSPOT",0.01012,0.48813,0.02074,5.70303,185,0,0
"CHARLOTTE BAG PINK POLKADOT + CHARLOTTE BAG SUKI DESIGN","LUNCH BAG RED RETROSPOT",0.01095,0.4878,0.02244,5.69927,200,0,0
"BOX OF 24 COCKTAIL PARASOLS","RED RETROSPOT CHARLOTTE BAG",0.01023,0.32075,0.0319,5.67941,187,0,0
"CHARLOTTE BAG PINK POLKADOT","LUNCH BAG PINK POLKADOT",0.01374,0.33827,0.04061,5.67612,251,0,0
"JUMBO BAG CHARLIE AND LOLA TOYS","JUMBO BAG RED RETROSPOT",0.01056,0.64333,0.01642,5.67083,193,0,0
"CHARLOTTE BAG SUKI DESIGN + STRAWBERRY CHARLOTTE BAG","LUNCH BAG RED RETROSPOT",0.011,0.48434,0.02271,5.65876,201,0,0
"LUNCH BAG APPLE DESIGN","LUNCH BAG PINK POLKADOT",0.0191,0.3372,0.05664,5.65805,349,0,0
"LUNCH BAG PINK POLKADOT","LUNCH BAG APPLE DESIGN",0.0191,0.32048,0.0596,5.65805,349,0,0
"LUNCH BAG SPACEBOY DESIGN","LUNCH BAG RED RETROSPOT",0.03065,0.48401,0.06332,5.65494,560,0,0
"LUNCH BAG RED RETROSPOT","LUNCH BAG SPACEBOY DESIGN",0.03065,0.35806,0.08559,5.65494,560,0,0
"LUNCH BAG CARS BLUE","LUNCH BAG RED RETROSPOT",0.03037,0.48303,0.06288,5.64347,555,0,0
"LUNCH BAG RED RETROSPOT","LUNCH BAG CARS BLUE",0.03037,0.35486,0.08559,5.64347,555,0,0
"LUNCH BAG CARS BLUE","LUNCH BAG APPLE DESIGN",0.02008,0.31941,0.06288,5.63917,367,0,0
"LUNCH BAG APPLE DESIGN","LUNCH BAG CARS BLUE",0.02008,0.35459,0.05664,5.63917,367,0,0
"RED RETROSPOT CHARLOTTE BAG + STRAWBERRY CHARLOTTE BAG","LUNCH BAG SUKI DESIGN",0.01051,0.39506,0.0266,5.62663,192,0,0
"CHARLOTTE BAG PINK POLKADOT + RED RETROSPOT CHARLOTTE BAG","LUNCH BAG SUKI DESIGN",0.01127,0.39464,0.02857,5.62056,206,0,0
"JUMBO BAG APPLES","JUMBO BAG PINK POLKADOT",0.01997,0.37398,0.05341,5.61978,365,0,0
"JUMBO BAG PINK POLKADOT","JUMBO BAG APPLES",0.01997,0.30016,0.06655,5.61978,365,0,0
"STRAWBERRY CHARLOTTE BAG","LUNCH BAG WOODLAND",0.01231,0.31163,0.03951,5.61587,225,0,0
"LUNCH BAG RED RETROSPOT + LUNCH BAG SUKI DESIGN","RED RETROSPOT CHARLOTTE BAG",0.01133,0.31603,0.03585,5.59576,207,0,0
"STRAWBERRY CHARLOTTE BAG","LUNCH BAG  BLACK SKULL.",0.01538,0.3892,0.03951,5.59543,281,0,0
"JUMBO BAG VINTAGE LEAF","LUNCH BAG VINTAGE DOILY",0.01614,0.33561,0.0481,5.59542,295,0,0
"CHARLOTTE BAG PINK POLKADOT + WOODLAND CHARLOTTE BAG","LUNCH BAG RED RETROSPOT",0.01034,0.47848,0.02162,5.59033,189,0,0
"RED RETROSPOT CHARLOTTE BAG + WOODLAND CHARLOTTE BAG","LUNCH BAG SUKI DESIGN",0.01084,0.39208,0.02764,5.58415,198,0,0
"LUNCH BAG VINTAGE LEAF DESIGN","LUNCH BAG PINK POLKADOT",0.01209,0.33183,0.03645,5.56801,221,0,0
"ROUND SNACK BOXES SET OF4 WOODLAND","LUNCH BAG WOODLAND",0.01237,0.30874,0.04006,5.56377,226,0,0
"JUMBO  BAG BAROQUE BLACK WHITE","JUMBO BAG RED RETROSPOT",0.03201,0.63107,0.05073,5.56271,585,0,0
"STRAWBERRY CHARLOTTE BAG + WOODLAND CHARLOTTE BAG","LUNCH BAG RED RETROSPOT",0.01056,0.47537,0.02222,5.55398,193,0,0
"RED RETROSPOT CHARLOTTE BAG + STRAWBERRY CHARLOTTE BAG","LUNCH BAG RED RETROSPOT",0.01259,0.47325,0.0266,5.52923,230,0,0
"JUMBO BAG SPACEBOY DESIGN","JUMBO BAG RED RETROSPOT",0.02348,0.62628,0.03749,5.52049,429,0,0
"LUNCH BAG DOLLY GIRL DESIGN","LUNCH BAG VINTAGE DOILY",0.01231,0.3304,0.03727,5.50852,225,0,0
"JUMBO BAG RED RETROSPOT + JUMBO BAG VINTAGE DOILY","JUMBO SHOPPER VINTAGE RED PAISLEY",0.01116,0.35355,0.03158,5.50296,204,0,0
"LUNCH BAG RED RETROSPOT","LUNCH BAG APPLE DESIGN",0.02665,0.31138,0.08559,5.49746,487,0,0
"LUNCH BAG APPLE DESIGN","LUNCH BAG RED RETROSPOT",0.02665,0.47053,0.05664,5.49746,487,0,0
"RED HANGING HEART T-LIGHT HOLDER","WHITE HANGING HEART T-LIGHT HOLDER",0.0272,0.67344,0.04039,5.47899,497,0,0
"JUMBO BAG RED RETROSPOT + LUNCH BAG RED RETROSPOT","LUNCH BAG VINTAGE DOILY",0.0104,0.32815,0.03169,5.4711,190,0,0
"JUMBO BAG WOODLAND ANIMALS","JUMBO BAG RED RETROSPOT",0.02928,0.62065,0.04717,5.47088,535,0,0
"BOX OF 24 COCKTAIL PARASOLS","PACK OF 72 RETROSPOT CAKE CASES",0.01259,0.39451,0.0319,5.46129,230,0,0
"CHARLOTTE BAG SUKI DESIGN + WOODLAND CHARLOTTE BAG","LUNCH BAG RED RETROSPOT",0.01166,0.46711,0.02495,5.45743,213,0,0
"JUMBO BAG APPLES + JUMBO BAG VINTAGE DOILY","JUMBO BAG RED RETROSPOT",0.01445,0.61827,0.02337,5.44988,264,0,0
"SMALL WHITE HEART OF WICKER","HEART OF WICKER SMALL",0.01226,0.35612,0.03442,5.43642,224,0,0
"JUMBO BAG APPLES + JUMBO BAG VINTAGE LEAF","JUMBO BAG RED RETROSPOT",0.01226,0.61538,0.01992,5.42447,224,0,0
"CHARLOTTE BAG SUKI DESIGN","LUNCH BAG SUKI DESIGN",0.01828,0.37998,0.0481,5.41179,334,0,0
"CHARLOTTE BAG PINK POLKADOT","LUNCH BAG CARS BLUE",0.01379,0.33962,0.04061,5.40115,252,0,0
"JUMBO BAG 50'S CHRISTMAS","JUMBO BAG VINTAGE DOILY",0.01417,0.36325,0.03902,5.39653,259,0,0
"JUMBO STORAGE BAG SUKI","JUMBO BAG RED RETROSPOT",0.03962,0.61149,0.0648,5.39011,724,0,0
"JUMBO BAG RED RETROSPOT","JUMBO STORAGE BAG SUKI",0.03962,0.34925,0.11345,5.39011,724,0,0
"JUMBO BAG DOLLY GIRL DESIGN","JUMBO BAG RED RETROSPOT",0.01505,0.61111,0.02463,5.3868,275,0,0
"RECYCLING BAG RETROSPOT","JUMBO SHOPPER VINTAGE RED PAISLEY",0.01412,0.34538,0.04088,5.37577,258,0,0
"CHARLOTTE BAG PINK POLKADOT + RED RETROSPOT CHARLOTTE BAG","LUNCH BAG RED RETROSPOT",0.01313,0.45977,0.02857,5.37173,240,0,0
"STRAWBERRY CHARLOTTE BAG","LUNCH BAG APPLE DESIGN",0.01198,0.30332,0.03951,5.35521,219,0,0
"LUNCH BAG VINTAGE LEAF DESIGN","LUNCH BAG RED RETROSPOT",0.01669,0.45796,0.03645,5.35055,305,0,0
"JUMBO STORAGE BAG SKULLS","LUNCH BAG  BLACK SKULL.",0.01423,0.37037,0.03842,5.32477,260,0,0
"RED RETROSPOT CHARLOTTE BAG + WOODLAND CHARLOTTE BAG","LUNCH BAG RED RETROSPOT",0.01259,0.45545,0.02764,5.3212,230,0,0
"JUMBO BAG APPLES","JUMBO SHOPPER VINTAGE RED PAISLEY",0.01822,0.34119,0.05341,5.31051,333,0,0
"JUMBO BAG OWLS","JUMBO BAG RED RETROSPOT",0.0214,0.60154,0.03557,5.30242,391,0,0
"JUMBO BAG ALPHABET + JUMBO BAG APPLES","JUMBO BAG RED RETROSPOT",0.01286,0.60102,0.0214,5.29787,235,0,0
"JUMBO BAG RED RETROSPOT + LUNCH BAG RED RETROSPOT","JUMBO SHOPPER VINTAGE RED PAISLEY",0.01078,0.34024,0.03169,5.29577,197,0,0
"CHARLOTTE BAG APPLES DESIGN","LUNCH BAG VINTAGE DOILY",0.01012,0.31732,0.0319,5.29057,185,0,0
"JUMBO BAG VINTAGE DOILY + LUNCH BAG VINTAGE DOILY","LUNCH BAG RED RETROSPOT",0.01248,0.45238,0.02758,5.28539,228,0,0
"JUMBO BAG PINK VINTAGE PAISLEY","JUMBO BAG RED RETROSPOT",0.02835,0.59884,0.04734,5.27867,518,0,0
"JUMBO BAG VINTAGE DOILY + LUNCH BAG VINTAGE DOILY","LUNCH BAG  BLACK SKULL.",0.01012,0.36706,0.02758,5.27722,185,0,0
"STRAWBERRY CHARLOTTE BAG","LUNCH BAG PINK POLKADOT",0.01242,0.3144,0.03951,5.27559,227,0,0
"SUKI  SHOULDER BAG","POPCORN HOLDER",0.01144,0.39434,0.029,5.26353,209,0,0
"RED RETROSPOT SHOPPER BAG","JUMBO STORAGE BAG SUKI",0.01073,0.34087,0.03147,5.26073,196,0,0
"SET OF 6 SPICE TINS PANTRY DESIGN","JAM MAKING SET WITH JARS",0.01467,0.32485,0.04515,5.25306,268,0,0
"LUNCH BAG VINTAGE DOILY","LUNCH BAG PINK POLKADOT",0.01877,0.31296,0.05998,5.25128,343,0,0
"LUNCH BAG PINK POLKADOT","LUNCH BAG VINTAGE DOILY",0.01877,0.31497,0.0596,5.25128,343,0,0
"CHARLOTTE BAG PINK POLKADOT","LUNCH BAG  BLACK SKULL.",0.01483,0.36523,0.04061,5.25085,271,0,0
"SUKI  SHOULDER BAG","JUMBO BAG PINK POLKADOT",0.01012,0.34906,0.029,5.24532,185,0,0
"JUMBO STORAGE BAG SKULLS","JUMBO BAG RED RETROSPOT",0.02266,0.58974,0.03842,5.19845,414,0,0
"JUMBO BAG PEARS + JUMBO BAG VINTAGE LEAF","JUMBO BAG RED RETROSPOT",0.01012,0.58917,0.01718,5.19341,185,0,0
"SET OF 60 PANTRY DESIGN CAKE CASES","PACK OF 72 RETROSPOT CAKE CASES",0.01286,0.3742,0.03437,5.18017,235,0,0
"GREEN REGENCY TEACUP AND SAUCER + PINK REGENCY TEACUP AND SAUCER + ROSES REGENCY TEACUP AND SAUCER","REGENCY CAKESTAND 3 TIER",0.01647,0.55638,0.02961,5.17388,301,0,0
"JUMBO BAG RED RETROSPOT + RED RETROSPOT CHARLOTTE BAG","LUNCH BAG RED RETROSPOT",0.01029,0.44235,0.02326,5.16823,188,0,0
"PINK REGENCY TEACUP AND SAUCER + ROSES REGENCY TEACUP AND SAUCER","REGENCY CAKESTAND 3 TIER",0.01811,0.55351,0.03273,5.14724,331,0,0
"STRAWBERRY CHARLOTTE BAG","LUNCH BAG SPACEBOY DESIGN",0.01281,0.3241,0.03951,5.11865,234,0,0
"SUKI  SHOULDER BAG","NATURAL SLATE HEART CHALKBOARD",0.01012,0.34906,0.029,5.11083,185,0,0
"JUMBO SHOPPER VINTAGE RED PAISLEY","JUMBO BAG RED RETROSPOT",0.03721,0.57922,0.06425,5.10565,680,0,0
"JUMBO BAG RED RETROSPOT","JUMBO SHOPPER VINTAGE RED PAISLEY",0.03721,0.32803,0.11345,5.10565,680,0,0
"JUMBO BAG ALPHABET + JUMBO BAG VINTAGE LEAF","JUMBO BAG RED RETROSPOT",0.01001,0.57729,0.01735,5.08865,183,0,0
"REGENCY TEAPOT ROSES","REGENCY CAKESTAND 3 TIER",0.01237,0.54458,0.02271,5.06416,226,0,0
"GREEN REGENCY TEACUP AND SAUCER + PINK REGENCY TEACUP AND SAUCER","REGENCY CAKESTAND 3 TIER",0.01877,0.54272,0.03459,5.0469,343,0,0
"RED RETROSPOT PICNIC BAG","LUNCH BAG RED RETROSPOT",0.01248,0.43182,0.0289,5.04515,228,0,0
"WOODLAND CHARLOTTE BAG","LUNCH BAG CARS BLUE",0.01439,0.31611,0.04553,5.02715,263,0,0
"JUMBO BAG PEARS + JUMBO BAG VINTAGE DOILY","JUMBO BAG RED RETROSPOT",0.01155,0.57027,0.02025,5.0268,211,0,0
"JUMBO BAG VINTAGE DOILY + JUMBO BAG VINTAGE LEAF","JUMBO BAG RED RETROSPOT",0.01609,0.56977,0.02824,5.02236,294,0,0
"CHARLOTTE BAG SUKI DESIGN","LUNCH BAG  BLACK SKULL.",0.01669,0.34699,0.0481,4.98856,305,0,0
"JUMBO BAG ALPHABET","JUMBO STORAGE BAG SUKI",0.01598,0.32301,0.04947,4.98509,292,0,0
"LUNCH BAG VINTAGE LEAF DESIGN","JUMBO BAG VINTAGE DOILY",0.0122,0.33483,0.03645,4.97434,223,0,0
"SET OF 6 SPICE TINS PANTRY DESIGN","RECIPE BOX PANTRY YELLOW DESIGN",0.01363,0.30182,0.04515,4.97306,249,0,0
"STRAWBERRY CHARLOTTE BAG","LUNCH BAG SUKI DESIGN",0.01379,0.34903,0.03951,4.97103,252,0,0
"JUMBO BAG ALPHABET + JUMBO BAG VINTAGE DOILY","JUMBO BAG RED RETROSPOT",0.01138,0.56216,0.02025,4.95533,208,0,0
"JUMBO BAG APPLES + JUMBO BAG PEARS","JUMBO BAG RED RETROSPOT",0.01248,0.56158,0.02222,4.95016,228,0,0
"GREEN REGENCY TEACUP AND SAUCER + ROSES REGENCY TEACUP AND SAUCER","REGENCY CAKESTAND 3 TIER",0.02233,0.53194,0.04197,4.94666,408,0,0
"LUNCH BAG VINTAGE DOILY","LUNCH BAG SPACEBOY DESIGN",0.01877,0.31296,0.05998,4.94265,343,0,0
"CHARLOTTE BAG PINK POLKADOT","LUNCH BAG SPACEBOY DESIGN",0.0127,0.31267,0.04061,4.93811,232,0,0
"HOMEMADE JAM SCENTED CANDLES","JAM MAKING SET WITH JARS",0.01073,0.3053,0.03513,4.93688,196,0,0
"CHARLOTTE BAG APPLES DESIGN","LUNCH BAG SUKI DESIGN",0.01105,0.34648,0.0319,4.93476,202,0,0
"CHARLOTTE BAG SUKI DESIGN","JUMBO STORAGE BAG SUKI",0.01538,0.31968,0.0481,4.93373,281,0,0
"JUMBO BAG APPLES","JUMBO BAG RED RETROSPOT",0.02988,0.55943,0.05341,4.93121,546,0,0
"LUNCH BAG VINTAGE DOILY","LUNCH BAG RED RETROSPOT",0.02528,0.42153,0.05998,4.92498,462,0,0
"WOODLAND CHARLOTTE BAG","LUNCH BAG  BLACK SKULL.",0.0156,0.34255,0.04553,4.92477,285,0,0
"CHARLOTTE BAG SUKI DESIGN","LUNCH BAG CARS BLUE",0.01489,0.30944,0.0481,4.92119,272,0,0
"LUNCH BAG VINTAGE DOILY","LUNCH BAG  BLACK SKULL.",0.02052,0.34215,0.05998,4.91909,375,0,0
"RED RETROSPOT CHARLOTTE BAG","LUNCH BAG  BLACK SKULL.",0.01926,0.34109,0.05648,4.90374,352,0,0
"LUNCH BAG ALPHABET DESIGN","LUNCH BAG RED RETROSPOT",0.01696,0.41949,0.04044,4.90106,310,0,0
"RECYCLING BAG RETROSPOT","JUMBO BAG RED RETROSPOT",0.02271,0.55556,0.04088,4.89709,415,0,0
"RECIPE BOX PANTRY YELLOW DESIGN","JAM MAKING SET WITH JARS",0.01833,0.30207,0.06069,4.88478,335,0,0
"STRAWBERRY CHARLOTTE BAG","LUNCH BAG RED RETROSPOT",0.01647,0.4169,0.03951,4.87082,301,0,0
"STRAWBERRY CHARLOTTE BAG","PACK OF 72 RETROSPOT CAKE CASES",0.0139,0.3518,0.03951,4.87004,254,0,0
"JUMBO BAG PEARS","JUMBO BAG PINK POLKADOT",0.01051,0.32323,0.03251,4.85726,192,0,0
"LUNCH BAG RED RETROSPOT + LUNCH BAG SUKI DESIGN","JUMBO STORAGE BAG SUKI",0.01127,0.3145,0.03585,4.85382,206,0,0
"CHARLOTTE BAG PINK POLKADOT","LUNCH BAG SUKI DESIGN",0.01379,0.33962,0.04061,4.83704,252,0,0
"CHARLOTTE BAG PINK POLKADOT","PACK OF 72 RETROSPOT CAKE CASES",0.01412,0.34771,0.04061,4.8134,258,0,0
"CHARLOTTE BAG APPLES DESIGN","LUNCH BAG  BLACK SKULL.",0.01067,0.33448,0.0319,4.80873,195,0,0
"SET/6 RED SPOTTY PAPER PLATES","PACK OF 72 RETROSPOT CAKE CASES",0.01001,0.34725,0.02884,4.80703,183,0,0
"PINK REGENCY TEACUP AND SAUCER","REGENCY CAKESTAND 3 TIER",0.02145,0.51579,0.04159,4.79645,392,0,0
"TEA TIME PARTY BUNTING","PARTY BUNTING",0.01116,0.43777,0.0255,4.79002,204,0,0
"CHARLOTTE BAG PINK POLKADOT","LUNCH BAG RED RETROSPOT",0.01658,0.40836,0.04061,4.77103,303,0,0
"LUNCH BAG VINTAGE DOILY","LUNCH BAG SUKI DESIGN",0.02003,0.33394,0.05998,4.75613,366,0,0
"JUMBO BAG PEARS","JUMBO STORAGE BAG SUKI",0.01001,0.30808,0.03251,4.7547,183,0,0
"RECIPE BOX PANTRY YELLOW DESIGN","SET OF 3 CAKE TINS PANTRY DESIGN",0.02156,0.35528,0.06069,4.71798,394,0,0
"WOODLAND CHARLOTTE BAG","LUNCH BAG SUKI DESIGN",0.01499,0.32933,0.04553,4.69041,274,0,0
"SUKI  SHOULDER BAG","JUMBO BAG RED RETROSPOT",0.01543,0.53208,0.029,4.69012,282,0,0
"JUMBO BAG VINTAGE LEAF","JUMBO STORAGE BAG SUKI",0.01461,0.30375,0.0481,4.68792,267,0,0
"SMALL DOLLY MIX DESIGN ORANGE BOWL","POPCORN HOLDER",0.01012,0.35104,0.02884,4.68562,185,0,0
"GREEN REGENCY TEACUP AND SAUCER","REGENCY CAKESTAND 3 TIER",0.02786,0.50247,0.05544,4.67257,509,0,0
"JUMBO BAG RED RETROSPOT + JUMBO BAG VINTAGE DOILY","LUNCH BAG RED RETROSPOT",0.01259,0.39861,0.03158,4.6572,230,0,0
"SPOTTY BUNTING","PARTY BUNTING",0.02643,0.42294,0.0625,4.6278,483,0,0
"WOODLAND CHARLOTTE BAG","PACK OF 72 RETROSPOT CAKE CASES",0.01521,0.33413,0.04553,4.62549,278,0,0
"LUNCH BAG PINK POLKADOT + LUNCH BAG RED RETROSPOT","JUMBO BAG PINK POLKADOT",0.01018,0.30693,0.03316,4.61229,186,0,0
"ROSES REGENCY TEACUP AND SAUCER","REGENCY CAKESTAND 3 TIER",0.02873,0.49435,0.05812,4.59708,525,0,0
"PACK OF 72 SKULL CAKE CASES","LUNCH BAG  BLACK SKULL.",0.01155,0.31921,0.03617,4.58929,211,0,0
"TOY TIDY PINK POLKADOT","JUMBO BAG RED RETROSPOT",0.01335,0.52026,0.02567,4.58593,244,0,0
"CHARLOTTE BAG SUKI DESIGN","LUNCH BAG RED RETROSPOT",0.01888,0.39249,0.0481,4.58568,345,0,0
"SET OF 60 PANTRY DESIGN CAKE CASES","JUMBO BAG VINTAGE DOILY",0.01056,0.30732,0.03437,4.56565,193,0,0
"JUMBO BAG ALPHABET","JUMBO BAG PINK POLKADOT",0.01489,0.30088,0.04947,4.52144,272,0,0
"HANGING HEART ZINC T-LIGHT HOLDER","NATURAL SLATE HEART CHALKBOARD",0.01012,0.3068,0.033,4.4921,185,0,0
"JAM MAKING SET WITH JARS","SET OF 3 CAKE TINS PANTRY DESIGN",0.0208,0.33628,0.06184,4.46577,380,0,0
"RED RETROSPOT CHARLOTTE BAG","LUNCH BAG RED RETROSPOT",0.02156,0.38178,0.05648,4.46056,394,0,0
"JUMBO BAG RED RETROSPOT + JUMBO SHOPPER VINTAGE RED PAISLEY","JUMBO BAG VINTAGE DOILY",0.01116,0.3,0.03721,4.45683,204,0,0
"CHARLOTTE BAG APPLES DESIGN","LUNCH BAG RED RETROSPOT",0.01215,0.38079,0.0319,4.44895,222,0,0
"RED RETROSPOT CHARLOTTE BAG","LUNCH BAG SUKI DESIGN",0.01751,0.31008,0.05648,4.41625,320,0,0
"RED RETROSPOT SHOPPER BAG","JUMBO BAG RED RETROSPOT",0.01576,0.50087,0.03147,4.41505,288,0,0
"JUMBO STORAGE BAG SUKI","LUNCH BAG SUKI DESIGN",0.01992,0.30743,0.0648,4.37858,364,0,0
"JUMBO BAG VINTAGE DOILY + LUNCH BAG VINTAGE DOILY","JUMBO BAG RED RETROSPOT",0.01363,0.49405,0.02758,4.35491,249,0,0
"WOODLAND CHARLOTTE BAG","LUNCH BAG RED RETROSPOT",0.01691,0.37139,0.04553,4.33919,309,0,0
"REGENCY TEA PLATE ROSES","REGENCY CAKESTAND 3 TIER",0.01127,0.46396,0.0243,4.31451,206,0,0
"BOX OF 24 COCKTAIL PARASOLS","POPCORN HOLDER",0.01029,0.32247,0.0319,4.30423,188,0,0
"JUMBO BAG PEARS","JUMBO BAG RED RETROSPOT",0.01587,0.48822,0.03251,4.3035,290,0,0
"CHARLOTTE BAG SUKI DESIGN","PACK OF 72 RETROSPOT CAKE CASES",0.01494,0.31058,0.0481,4.29942,273,0,0
"RED RETROSPOT CHARLOTTE BAG","PACK OF 72 RETROSPOT CAKE CASES",0.01751,0.31008,0.05648,4.29246,320,0,0
"PACK OF 20 NAPKINS PANTRY DESIGN","SET OF 3 CAKE TINS PANTRY DESIGN",0.01182,0.32239,0.03667,4.28125,216,0,0
"JUMBO BAG VINTAGE LEAF","JUMBO BAG RED RETROSPOT",0.02326,0.4835,0.0481,4.26197,425,0,0
"SET/20 RED RETROSPOT PAPER NAPKINS","PACK OF 72 RETROSPOT CAKE CASES",0.01653,0.30722,0.0538,4.25294,302,0,0
"LUNCH BAG RED RETROSPOT + RED RETROSPOT CHARLOTTE BAG","JUMBO BAG RED RETROSPOT",0.01029,0.47716,0.02156,4.20603,188,0,0
"SET OF 3 REGENCY CAKE TINS","SET OF 3 CAKE TINS PANTRY DESIGN",0.01489,0.313,0.04756,4.15662,272,0,0
"STRAWBERRY SHOPPER BAG","JUMBO BAG RED RETROSPOT",0.01062,0.47087,0.02255,4.15064,194,0,0
"STRAWBERRY CHARLOTTE BAG","POPCORN HOLDER",0.01226,0.31025,0.03951,4.14111,224,0,0
"JUMBO BAG VINTAGE DOILY","JUMBO BAG RED RETROSPOT",0.03158,0.46911,0.06731,4.13505,577,0,0
"JUMBO BAG RED RETROSPOT + JUMBO BAG STRAWBERRY","LUNCH BAG RED RETROSPOT",0.01034,0.35261,0.02933,4.11974,189,0,0
"SKULL SHOULDER BAG","JUMBO BAG RED RETROSPOT",0.0104,0.46341,0.02244,4.08489,190,0,0
"JUMBO BAG RED RETROSPOT + JUMBO BAG WOODLAND ANIMALS","LUNCH BAG RED RETROSPOT",0.01023,0.34953,0.02928,4.08377,187,0,0
"JUMBO BAG ALPHABET","JUMBO BAG RED RETROSPOT",0.02266,0.45796,0.04947,4.03685,414,0,0
"RED RETROSPOT PICNIC BAG","JUMBO BAG RED RETROSPOT",0.01313,0.45455,0.0289,4.00671,240,0,0
"JUMBO BAG APPLES + JUMBO BAG RED RETROSPOT","LUNCH BAG RED RETROSPOT",0.01023,0.34249,0.02988,4.00149,187,0,0
"JAM MAKING SET PRINTED","SET OF 3 CAKE TINS PANTRY DESIGN",0.01899,0.30122,0.06304,4.00008,347,0,0
"RED RETROSPOT SHOPPER BAG","LUNCH BAG RED RETROSPOT",0.01045,0.33217,0.03147,3.88096,191,0,0
"JUMBO BAG RED RETROSPOT + JUMBO STORAGE BAG SUKI","LUNCH BAG RED RETROSPOT",0.01313,0.33149,0.03962,3.87298,240,0,0
"FLORAL FOLK STATIONERY SET","JUMBO BAG RED RETROSPOT",0.01018,0.43765,0.02326,3.85775,186,0,0
"RECYCLING BAG RETROSPOT","LUNCH BAG RED RETROSPOT",0.01335,0.32664,0.04088,3.8163,244,0,0
"VINTAGE PAISLEY STATIONERY SET","JUMBO BAG RED RETROSPOT",0.01018,0.42661,0.02386,3.76043,186,0,0
"TOILET SIGN OCCUPIED OR VACANT","JUMBO BAG RED RETROSPOT",0.01007,0.42494,0.0237,3.74576,184,0,0
"JUMBO BAG OWLS","LUNCH BAG RED RETROSPOT",0.01138,0.32,0.03557,3.73872,208,0,0
"SMALL HEART MEASURING SPOONS","JUMBO BAG RED RETROSPOT",0.01089,0.42161,0.02583,3.71639,199,0,0
"RED RETROSPOT CHARLOTTE BAG + WOODLAND CHARLOTTE BAG","JUMBO BAG RED RETROSPOT",0.0116,0.4198,0.02764,3.70045,212,0,0
"RED RETROSPOT CHARLOTTE BAG + STRAWBERRY CHARLOTTE BAG","JUMBO BAG RED RETROSPOT",0.01111,0.4177,0.0266,3.68189,203,0,0
"CHARLOTTE BAG SUKI DESIGN + RED RETROSPOT CHARLOTTE BAG","JUMBO BAG RED RETROSPOT",0.01155,0.41617,0.02775,3.66847,211,0,0
"PACK OF 72 SKULL CAKE CASES","LUNCH BAG RED RETROSPOT",0.01133,0.31316,0.03617,3.65883,207,0,0
"CHARLOTTE BAG PINK POLKADOT + RED RETROSPOT CHARLOTTE BAG","JUMBO BAG RED RETROSPOT",0.01182,0.41379,0.02857,3.64749,216,0,0
"RED RETROSPOT CHARLOTTE BAG","JUMBO BAG RED RETROSPOT",0.02326,0.41182,0.05648,3.63011,425,0,0
"LUNCH BAG RED RETROSPOT + LUNCH BAG VINTAGE DOILY","JUMBO BAG RED RETROSPOT",0.0104,0.41126,0.02528,3.62512,190,0,0
"BOX OF 24 COCKTAIL PARASOLS","PARTY BUNTING",0.0104,0.3259,0.0319,3.56598,190,0,0
"JUMBO BAG SPACEBOY DESIGN","LUNCH BAG RED RETROSPOT",0.01138,0.30365,0.03749,3.54769,208,0,0
"PICNIC BASKET WICKER SMALL","JUMBO BAG RED RETROSPOT",0.01001,0.4022,0.0249,3.54528,183,0,0
"JUMBO BAG PINK POLKADOT + JUMBO BAG RED RETROSPOT","LUNCH BAG RED RETROSPOT",0.01363,0.30182,0.04515,3.52629,249,0,0
"JUMBO BAG STRAWBERRY","LUNCH BAG RED RETROSPOT",0.01357,0.3017,0.04498,3.52495,248,0,0
"BOX OF 24 COCKTAIL PARASOLS","REGENCY CAKESTAND 3 TIER",0.01182,0.3705,0.0319,3.44534,216,0,0
"JUMBO BAG VINTAGE CHRISTMAS","JUMBO BAG RED RETROSPOT",0.01012,0.3903,0.02594,3.44036,185,0,0
"LOVEBIRD HANGING DECORATION WHITE","WHITE HANGING HEART T-LIGHT HOLDER",0.01259,0.42279,0.02977,3.43977,230,0,0
"SET/3 RED GINGHAM ROSE STORAGE BOX","JUMBO BAG RED RETROSPOT",0.01012,0.38784,0.0261,3.41872,185,0,0
"HEART OF WICKER LARGE + HEART OF WICKER SMALL","WHITE HANGING HEART T-LIGHT HOLDER",0.01122,0.41582,0.02698,3.38304,205,0,0
"LUNCH BAG RED RETROSPOT + LUNCH BAG SUKI DESIGN","JUMBO BAG RED RETROSPOT",0.01368,0.38168,0.03585,3.36441,250,0,0
"PAPER BUNTING RETROSPOT","PARTY BUNTING",0.01335,0.30615,0.04362,3.34985,244,0,0
"LUNCH BAG PINK POLKADOT + LUNCH BAG RED RETROSPOT","JUMBO BAG RED RETROSPOT",0.01259,0.37954,0.03316,3.34554,230,0,0
"STRAWBERRY CHARLOTTE BAG","PARTY BUNTING",0.01204,0.30471,0.03951,3.3341,220,0,0
"CHARLOTTE BAG PINK POLKADOT","JUMBO BAG RED RETROSPOT",0.01532,0.37736,0.04061,3.32632,280,0,0
"SET OF 3 REGENCY CAKE TINS","REGENCY CAKESTAND 3 TIER",0.01686,0.35443,0.04756,3.29593,308,0,0
"WOODEN FRAME ANTIQUE WHITE + WOODEN PICTURE FRAME WHITE FINISH","WHITE HANGING HEART T-LIGHT HOLDER",0.01193,0.40445,0.0295,3.29054,218,0,0
"LUNCH BAG RED RETROSPOT","JUMBO BAG RED RETROSPOT",0.03169,0.3702,0.08559,3.26327,579,0,0
"CHARLOTTE BAG SUKI DESIGN","JUMBO BAG RED RETROSPOT",0.01773,0.3686,0.0481,3.24913,324,0,0
"STRAWBERRY CHARLOTTE BAG","JUMBO BAG RED RETROSPOT",0.0145,0.36704,0.03951,3.23533,265,0,0
"SET OF 72 PINK HEART PAPER DOILIES","JUMBO BAG RED RETROSPOT",0.01018,0.36614,0.0278,3.22745,186,0,0
"ZINC METAL HEART DECORATION","WHITE HANGING HEART T-LIGHT HOLDER",0.01149,0.39326,0.02922,3.19947,210,0,0
"BATHROOM METAL SIGN","JUMBO BAG RED RETROSPOT",0.01335,0.36256,0.03683,3.19584,244,0,0
"CREAM HEART CARD HOLDER","WHITE HANGING HEART T-LIGHT HOLDER",0.01122,0.39122,0.02868,3.1829,205,0,0
"HEART OF WICKER LARGE","WHITE HANGING HEART T-LIGHT HOLDER",0.01965,0.38895,0.05051,3.16441,359,0,0
"WOODLAND CHARLOTTE BAG","JUMBO BAG RED RETROSPOT",0.01631,0.35817,0.04553,3.15721,298,0,0
"JUMBO BAG 50'S CHRISTMAS","JUMBO BAG RED RETROSPOT",0.01385,0.35484,0.03902,3.12782,253,0,0
"RED TOADSTOOL LED NIGHT LIGHT","JUMBO BAG RED RETROSPOT",0.01631,0.3535,0.04613,3.11601,298,0,0
"POTTERING IN THE SHED METAL SIGN","JUMBO BAG RED RETROSPOT",0.0104,0.35316,0.02944,3.11302,190,0,0
"LOVEBIRD HANGING DECORATION WHITE","JUMBO BAG RED RETROSPOT",0.01034,0.34743,0.02977,3.06248,189,0,0
"BATHROOM METAL SIGN","WHITE HANGING HEART T-LIGHT HOLDER",0.01374,0.37296,0.03683,3.0343,251,0,0
"WOODEN PICTURE FRAME WHITE FINISH","WHITE HANGING HEART T-LIGHT HOLDER",0.02233,0.37158,0.06009,3.02314,408,0,0
"SINGLE HEART ZINC T-LIGHT HOLDER","WHITE HANGING HEART T-LIGHT HOLDER",0.01023,0.36957,0.02769,3.00671,187,0,0
"CHARLOTTE BAG APPLES DESIGN","JUMBO BAG RED RETROSPOT",0.01084,0.33962,0.0319,2.99369,198,0,0
"LUNCH BAG  BLACK SKULL. + LUNCH BAG PINK POLKADOT","JUMBO BAG RED RETROSPOT",0.01007,0.33824,0.02977,2.98146,184,0,0
"SMALL GLASS HEART TRINKET POT","WHITE HANGING HEART T-LIGHT HOLDER",0.01084,0.36599,0.02961,2.97761,198,0,0
"SUKI  SHOULDER BAG","WHITE HANGING HEART T-LIGHT HOLDER",0.01056,0.36415,0.029,2.96266,193,0,0
"HANGING HEART ZINC T-LIGHT HOLDER","WHITE HANGING HEART T-LIGHT HOLDER",0.01198,0.36318,0.033,2.95479,219,0,0
"HANGING HEART ZINC T-LIGHT HOLDER","JUMBO BAG RED RETROSPOT",0.01105,0.33499,0.033,2.95287,202,0,0
"LUNCH BAG PINK POLKADOT","JUMBO BAG RED RETROSPOT",0.01987,0.33333,0.0596,2.93825,363,0,0
"WOODLAND CHARLOTTE BAG","REGENCY CAKESTAND 3 TIER",0.01423,0.3125,0.04553,2.90601,260,0,0
"LOVE BUILDING BLOCK WORD","WHITE HANGING HEART T-LIGHT HOLDER",0.01226,0.35612,0.03442,2.89733,224,0,0
"POTTERING IN THE SHED METAL SIGN","WHITE HANGING HEART T-LIGHT HOLDER",0.0104,0.35316,0.02944,2.87324,190,0,0
"WOODEN FRAME ANTIQUE WHITE","WHITE HANGING HEART T-LIGHT HOLDER",0.01866,0.35191,0.05303,2.86306,341,0,0
"WOOD 2 DRAWER CABINET WHITE FINISH","WHITE HANGING HEART T-LIGHT HOLDER",0.0104,0.35185,0.02955,2.8626,190,0,0
"STRAWBERRY LUNCH BOX WITH CUTLERY","JUMBO BAG RED RETROSPOT",0.01007,0.32168,0.0313,2.83552,184,0,0
"LUNCH BAG SUKI DESIGN","JUMBO BAG RED RETROSPOT",0.02216,0.31567,0.07021,2.78252,405,0,0
"LARGE WHITE HEART OF WICKER","WHITE HANGING HEART T-LIGHT HOLDER",0.01045,0.34046,0.0307,2.76994,191,0,0
"NATURAL SLATE HEART CHALKBOARD","WHITE HANGING HEART T-LIGHT HOLDER",0.02282,0.33413,0.0683,2.71845,417,0,0
"HOME BUILDING BLOCK WORD","WHITE HANGING HEART T-LIGHT HOLDER",0.01401,0.3299,0.04247,2.68397,256,0,0
"HEART OF WICKER SMALL","WHITE HANGING HEART T-LIGHT HOLDER",0.02156,0.32916,0.06551,2.67795,394,0,0
"STRAWBERRY CERAMIC TRINKET BOX","WHITE HANGING HEART T-LIGHT HOLDER",0.01423,0.31477,0.0452,2.5609,260,0,0
"HANGING HEART JAR T-LIGHT HOLDER","WHITE HANGING HEART T-LIGHT HOLDER",0.01237,0.31259,0.03957,2.54314,226,0,0
"SMALL WHITE HEART OF WICKER","WHITE HANGING HEART T-LIGHT HOLDER",0.01073,0.31161,0.03442,2.53516,196,0,0
"WOOD S/3 CABINET ANT WHITE FINISH","WHITE HANGING HEART T-LIGHT HOLDER",0.01012,0.30731,0.03294,2.5002,185,0,0
"WOOD BLACK BOARD ANT WHITE FINISH","WHITE HANGING HEART T-LIGHT HOLDER",0.01138,0.30409,0.03743,2.47404,208,0,0
