"Rule","Consequent","Support","Confidence","Lift","MissedBaskets","AvgPrice","AvgQty","ExpectedUplift","PotentialRevenue"
"{ROSES REGENCY TEACUP AND SAUCER} => {REGENCY CAKESTAND 3 TIER}","REGENCY CAKESTAND 3 TIER",0.02873,0.494,4.6,537,13.9797251908397,6.64020356234097,265,24625.28
"{GREEN REGENCY TEACUP AND SAUCER} => {REGENCY CAKESTAND 3 TIER}","REGENCY CAKESTAND 3 TIER",0.02786,0.502,4.67,504,13.9797251908397,6.64020356234097,253,23486.28
"{JUMBO BAG RED RETROSPOT} => {JUMBO BAG PINK POLKADOT}","JUMBO BAG PINK POLKADOT",0.04515,0.398,5.98,1248,2.60603618421053,17.2672697368421,497,22351.25
"{LUNCH BAG RED RETROSPOT} => {JUMBO BAG RED RETROSPOT}","JUMBO BAG RED RETROSPOT",0.03169,0.37,3.26,985,2.49391702846117,22.1968162083936,364,20174.87
"{SET OF 3 REGENCY CAKE TINS} => {REGENCY CAKESTAND 3 TIER}","REGENCY CAKESTAND 3 TIER",0.01686,0.354,3.3,561,13.9797251908397,6.64020356234097,199,18435.13
"{GREEN REGENCY TEACUP AND SAUCER,ROSES REGENCY TEACUP AND SAUCER} => {REGENCY CAKESTAND 3 TIER}","REGENCY CAKESTAND 3 TIER",0.02233,0.532,4.95,359,13.9797251908397,6.64020356234097,191,17729.08
"{PINK REGENCY TEACUP AND SAUCER} => {REGENCY CAKESTAND 3 TIER}","REGENCY CAKESTAND 3 TIER",0.02145,0.516,4.8,368,13.9797251908397,6.64020356234097,190,17626.97
"{JUMBO BAG VINTAGE DOILY} => {JUMBO BAG RED RETROSPOT}","JUMBO BAG RED RETROSPOT",0.03158,0.469,4.14,653,2.49391702846117,22.1968162083936,306,16953.47
"{WOODLAND CHARLOTTE BAG} => {REGENCY CAKESTAND 3 TIER}","REGENCY CAKESTAND 3 TIER",0.01423,0.312,2.91,572,13.9797251908397,6.64020356234097,178,16566.5
"{SPOTTY BUNTING} => {PARTY BUNTING}","PARTY BUNTING",0.02643,0.423,4.63,659,5.80916167664671,10.1311377245509,279,16405.8
"{JUMBO SHOPPER VINTAGE RED PAISLEY} => {JUMBO BAG RED RETROSPOT}","JUMBO BAG RED RETROSPOT",0.03721,0.579,5.11,494,2.49391702846117,22.1968162083936,286,15833.55
"{JUMBO STORAGE BAG SUKI} => {JUMBO BAG RED RETROSPOT}","JUMBO BAG RED RETROSPOT",0.03962,0.611,5.39,460,2.49391702846117,22.1968162083936,281,15558.64
"{LUNCH BAG SUKI DESIGN} => {JUMBO BAG RED RETROSPOT}","JUMBO BAG RED RETROSPOT",0.02216,0.316,2.78,878,2.49391702846117,22.1968162083936,277,15358.69
"{JUMBO BAG RED RETROSPOT} => {JUMBO STORAGE BAG SUKI}","JUMBO STORAGE BAG SUKI",0.03962,0.349,5.39,1349,2.7507347972973,11.4966216216216,471,14888.68
"{JUMBO BAG PINK POLKADOT} => {JUMBO BAG RED RETROSPOT}","JUMBO BAG RED RETROSPOT",0.04515,0.678,5.98,391,2.49391702846117,22.1968162083936,265,14675.03
"{GREEN REGENCY TEACUP AND SAUCER,PINK REGENCY TEACUP AND SAUCER} => {REGENCY CAKESTAND 3 TIER}","REGENCY CAKESTAND 3 TIER",0.01877,0.543,5.05,289,13.9797251908397,6.64020356234097,157,14567.25
"{NATURAL SLATE HEART CHALKBOARD} => {WHITE HANGING HEART T-LIGHT HOLDER}","WHITE HANGING HEART T-LIGHT HOLDER",0.02282,0.334,2.72,831,3.2313000890472,15.6037399821906,278,13994.37
"{RED RETROSPOT CHARLOTTE BAG} => {JUMBO BAG RED RETROSPOT}","JUMBO BAG RED RETROSPOT",0.02326,0.412,3.63,607,2.49391702846117,22.1968162083936,250,13843.9
"{PINK REGENCY TEACUP AND SAUCER,ROSES REGENCY TEACUP AND SAUCER} => {REGENCY CAKESTAND 3 TIER}","REGENCY CAKESTAND 3 TIER",0.01811,0.554,5.15,267,13.9797251908397,6.64020356234097,148,13730.96
"{LUNCH BAG PINK POLKADOT} => {JUMBO BAG RED RETROSPOT}","JUMBO BAG RED RETROSPOT",0.01987,0.333,2.94,726,2.49391702846117,22.1968162083936,242,13383
"{HEART OF WICKER SMALL} => {WHITE HANGING HEART T-LIGHT HOLDER}","WHITE HANGING HEART T-LIGHT HOLDER",0.02156,0.329,2.68,803,3.2313000890472,15.6037399821906,264,13320.41
"{JUMBO BAG APPLES} => {JUMBO BAG RED RETROSPOT}","JUMBO BAG RED RETROSPOT",0.02988,0.559,4.93,430,2.49391702846117,22.1968162083936,240,13306.17
"{JUMBO BAG RED RETROSPOT} => {JUMBO SHOPPER VINTAGE RED PAISLEY}","JUMBO SHOPPER VINTAGE RED PAISLEY",0.03721,0.328,5.11,1393,2.68828790459966,10.6746166950596,457,13111.52
"{JUMBO STORAGE BAG SUKI} => {JUMBO BAG PINK POLKADOT}","JUMBO BAG PINK POLKADOT",0.02818,0.435,6.54,669,2.60603618421053,17.2672697368421,291,13095.42
"{WOODEN PICTURE FRAME WHITE FINISH} => {WHITE HANGING HEART T-LIGHT HOLDER}","WHITE HANGING HEART T-LIGHT HOLDER",0.02233,0.372,3.02,690,3.2313000890472,15.6037399821906,257,12941.9
"{JUMBO SHOPPER VINTAGE RED PAISLEY} => {JUMBO BAG PINK POLKADOT}","JUMBO BAG PINK POLKADOT",0.02561,0.399,5.99,706,2.60603618421053,17.2672697368421,282,12675.98
"{BOX OF 24 COCKTAIL PARASOLS} => {REGENCY CAKESTAND 3 TIER}","REGENCY CAKESTAND 3 TIER",0.01182,0.37,3.45,367,13.9797251908397,6.64020356234097,136,12605.14
"{PAPER CHAIN KIT 50'S CHRISTMAS} => {PAPER CHAIN KIT VINTAGE CHRISTMAS}","PAPER CHAIN KIT VINTAGE CHRISTMAS",0.03021,0.479,10.72,601,3.36859068627451,12.8480392156863,288,12459.34
"{JUMBO BAG ALPHABET} => {JUMBO BAG RED RETROSPOT}","JUMBO BAG RED RETROSPOT",0.02266,0.458,4.04,490,2.49391702846117,22.1968162083936,224,12423.22
"{GREEN REGENCY TEACUP AND SAUCER,PINK REGENCY TEACUP AND SAUCER,ROSES REGENCY TEACUP AND SAUCER} => {REGENCY CAKESTAND 3 TIER}","REGENCY CAKESTAND 3 TIER",0.01647,0.556,5.17,240,13.9797251908397,6.64020356234097,133,12387
"{JUMBO BAG VINTAGE LEAF} => {JUMBO BAG RED RETROSPOT}","JUMBO BAG RED RETROSPOT",0.02326,0.484,4.26,454,2.49391702846117,22.1968162083936,220,12163.93
"{JUMBO  BAG BAROQUE BLACK WHITE} => {JUMBO BAG RED RETROSPOT}","JUMBO BAG RED RETROSPOT",0.03201,0.631,5.56,342,2.49391702846117,22.1968162083936,216,11946.16
"{JUMBO BAG PINK VINTAGE PAISLEY} => {JUMBO BAG RED RETROSPOT}","JUMBO BAG RED RETROSPOT",0.02835,0.599,5.28,347,2.49391702846117,22.1968162083936,208,11506.12
"{CHARLOTTE BAG SUKI DESIGN} => {JUMBO BAG RED RETROSPOT}","JUMBO BAG RED RETROSPOT",0.01773,0.369,3.25,555,2.49391702846117,22.1968162083936,205,11336.84
"{JUMBO BAG WOODLAND ANIMALS} => {JUMBO BAG RED RETROSPOT}","JUMBO BAG RED RETROSPOT",0.02928,0.621,5.47,327,2.49391702846117,22.1968162083936,203,11241.18
"{WOODEN FRAME ANTIQUE WHITE} => {WHITE HANGING HEART T-LIGHT HOLDER}","WHITE HANGING HEART T-LIGHT HOLDER",0.01866,0.352,2.86,628,3.2313000890472,15.6037399821906,221,11145.72
"{HEART OF WICKER LARGE} => {WHITE HANGING HEART T-LIGHT HOLDER}","WHITE HANGING HEART T-LIGHT HOLDER",0.01965,0.389,3.16,564,3.2313000890472,15.6037399821906,219,11062.03
"{JAM MAKING SET PRINTED} => {JAM MAKING SET WITH JARS}","JAM MAKING SET WITH JARS",0.02583,0.41,6.63,680,5.07986725663717,7.67787610619469,279,10873.92
"{JUMBO BAG VINTAGE DOILY} => {JUMBO BAG APPLES}","JUMBO BAG APPLES",0.02337,0.347,6.5,803,2.57344262295082,15.0389344262295,279,10783.92
"{RED TOADSTOOL LED NIGHT LIGHT} => {JUMBO BAG RED RETROSPOT}","JUMBO BAG RED RETROSPOT",0.01631,0.353,3.12,545,2.49391702846117,22.1968162083936,192,10649.86
"{WOODLAND CHARLOTTE BAG} => {JUMBO BAG RED RETROSPOT}","JUMBO BAG RED RETROSPOT",0.01631,0.358,3.16,534,2.49391702846117,22.1968162083936,191,10582.71
"{JUMBO BAG STRAWBERRY} => {JUMBO BAG RED RETROSPOT}","JUMBO BAG RED RETROSPOT",0.02933,0.652,5.75,286,2.49391702846117,22.1968162083936,186,10322.53
"{JUMBO  BAG BAROQUE BLACK WHITE} => {JUMBO BAG PINK POLKADOT}","JUMBO BAG PINK POLKADOT",0.02266,0.447,6.71,513,2.60603618421053,17.2672697368421,229,10318.8
"{JUMBO BAG PINK POLKADOT} => {JUMBO  BAG BAROQUE BLACK WHITE}","JUMBO  BAG BAROQUE BLACK WHITE",0.02266,0.34,6.71,802,2.61653721682848,14.4174757281553,273,10286.54
"{JUMBO BAG APPLES} => {JUMBO BAG PINK POLKADOT}","JUMBO BAG PINK POLKADOT",0.01997,0.374,5.62,611,2.60603618421053,17.2672697368421,229,10282.93
"{REGENCY TEA PLATE ROSES} => {REGENCY CAKESTAND 3 TIER}","REGENCY CAKESTAND 3 TIER",0.01127,0.464,4.31,238,13.9797251908397,6.64020356234097,110,10251.21
"{JUMBO STORAGE BAG SUKI} => {JUMBO  BAG BAROQUE BLACK WHITE}","JUMBO  BAG BAROQUE BLACK WHITE",0.02309,0.356,7.03,762,2.61653721682848,14.4174757281553,271,10233.43
"{RECYCLING BAG RETROSPOT} => {JUMBO BAG RED RETROSPOT}","JUMBO BAG RED RETROSPOT",0.02271,0.556,4.9,332,2.49391702846117,22.1968162083936,185,10218.46
"{JUMBO SHOPPER VINTAGE RED PAISLEY} => {JUMBO  BAG BAROQUE BLACK WHITE}","JUMBO  BAG BAROQUE BLACK WHITE",0.02304,0.359,7.07,753,2.61653721682848,14.4174757281553,270,10197.78
"{HEART OF WICKER SMALL} => {HEART OF WICKER LARGE}","HEART OF WICKER LARGE",0.02698,0.412,8.15,704,3.2897616468039,10.6533044420368,290,10165.26
"{LUNCH BAG VINTAGE DOILY} => {JUMBO BAG VINTAGE DOILY}","JUMBO BAG VINTAGE DOILY",0.02758,0.46,6.83,592,2.2780162601626,16.3845528455285,272,10164.15
"{PAPER BUNTING RETROSPOT} => {PARTY BUNTING}","PARTY BUNTING",0.01335,0.306,3.35,553,5.80916167664671,10.1311377245509,169,9959.06
"{JUMBO STORAGE BAG SUKI} => {JUMBO BAG APPLES}","JUMBO BAG APPLES",0.02058,0.318,5.95,808,2.57344262295082,15.0389344262295,257,9944.2
"{JUMBO BAG PINK POLKADOT} => {JUMBO BAG APPLES}","JUMBO BAG APPLES",0.01997,0.3,5.62,851,2.57344262295082,15.0389344262295,255,9880.58
"{PAPER CHAIN KIT VINTAGE CHRISTMAS} => {PAPER CHAIN KIT 50'S CHRISTMAS}","PAPER CHAIN KIT 50'S CHRISTMAS",0.03021,0.676,10.72,264,3.37515177797051,16.3399826539462,178,9842.28
"{JUMBO BAG SCANDINAVIAN BLUE PAISLEY} => {JUMBO BAG RED RETROSPOT}","JUMBO BAG RED RETROSPOT",0.02961,0.672,5.92,264,2.49391702846117,22.1968162083936,177,9820.78
"{JUMBO BAG PINK VINTAGE PAISLEY} => {JUMBO BAG STRAWBERRY}","JUMBO BAG STRAWBERRY",0.01576,0.333,7.4,577,2.41671532846715,21.0109489051095,192,9756.44
"{JUMBO BAG WOODLAND ANIMALS} => {JUMBO BAG PINK POLKADOT}","JUMBO BAG PINK POLKADOT",0.02348,0.498,7.48,433,2.60603618421053,17.2672697368421,216,9703.34
"{CHARLOTTE BAG PINK POLKADOT} => {JUMBO BAG RED RETROSPOT}","JUMBO BAG RED RETROSPOT",0.01532,0.377,3.33,462,2.49391702846117,22.1968162083936,174,9641.75
"{JUMBO BAG PINK VINTAGE PAISLEY} => {JUMBO BAG PINK POLKADOT}","JUMBO BAG PINK POLKADOT",0.02074,0.438,6.58,486,2.60603618421053,17.2672697368421,213,9578.87
"{REGENCY TEAPOT ROSES} => {REGENCY CAKESTAND 3 TIER}","REGENCY CAKESTAND 3 TIER",0.01237,0.545,5.06,189,13.9797251908397,6.64020356234097,103,9561.77
"{JUMBO STORAGE BAG SKULLS} => {JUMBO BAG RED RETROSPOT}","JUMBO BAG RED RETROSPOT",0.02266,0.59,5.2,288,2.49391702846117,22.1968162083936,170,9406.26
"{JUMBO BAG PINK POLKADOT} => {JUMBO STORAGE BAG SUKI}","JUMBO STORAGE BAG SUKI",0.02818,0.424,6.54,701,2.7507347972973,11.4966216216216,297,9399.46
"{JUMBO BAG PINK POLKADOT,JUMBO BAG RED RETROSPOT} => {JUMBO BAG STRAWBERRY}","JUMBO BAG STRAWBERRY",0.01527,0.338,7.52,546,2.41671532846715,21.0109489051095,185,9370.88
"{STRAWBERRY CHARLOTTE BAG} => {JUMBO BAG RED RETROSPOT}","JUMBO BAG RED RETROSPOT",0.0145,0.367,3.24,457,2.49391702846117,22.1968162083936,168,9284.42
"{JUMBO SHOPPER VINTAGE RED PAISLEY} => {JUMBO BAG SCANDINAVIAN BLUE PAISLEY}","JUMBO BAG SCANDINAVIAN BLUE PAISLEY",0.022,0.342,7.77,772,2.70037267080745,12.9826086956522,264,9256.12
"{JUMBO STORAGE BAG SUKI} => {JUMBO BAG WOODLAND ANIMALS}","JUMBO BAG WOODLAND ANIMALS",0.02457,0.379,8.04,735,2.93349187935035,11.3120649651972,279,9243.86
"{JUMBO BAG PINK POLKADOT} => {JUMBO BAG WOODLAND ANIMALS}","JUMBO BAG WOODLAND ANIMALS",0.02348,0.353,7.48,787,2.93349187935035,11.3120649651972,278,9218.84
"{JUMBO BAG PINK POLKADOT} => {JUMBO BAG SCANDINAVIAN BLUE PAISLEY}","JUMBO BAG SCANDINAVIAN BLUE PAISLEY",0.02091,0.314,7.13,834,2.70037267080745,12.9826086956522,262,9180.82
"{JUMBO SHOPPER VINTAGE RED PAISLEY} => {JUMBO STORAGE BAG SUKI}","JUMBO STORAGE BAG SUKI",0.02868,0.446,6.89,650,2.7507347972973,11.4966216216216,290,9167.84
"{LUNCH BAG APPLE DESIGN} => {JUMBO BAG APPLES}","JUMBO BAG APPLES",0.01997,0.353,6.6,670,2.57344262295082,15.0389344262295,237,9153.37
"{JUMBO SHOPPER VINTAGE RED PAISLEY} => {JUMBO BAG PINK VINTAGE PAISLEY}","JUMBO BAG PINK VINTAGE PAISLEY",0.02282,0.355,7.5,757,2.67275144508671,12.7028901734104,269,9124
"{RECIPE BOX PANTRY YELLOW DESIGN} => {JAM MAKING SET WITH JARS}","JAM MAKING SET WITH JARS",0.01833,0.302,4.88,774,5.07986725663717,7.67787610619469,234,9116.78
"{JUMBO BAG 50'S CHRISTMAS} => {PAPER CHAIN KIT 50'S CHRISTMAS}","PAPER CHAIN KIT 50'S CHRISTMAS",0.01417,0.363,5.76,454,3.37515177797051,16.3399826539462,165,9088.82
"{JUMBO BAG VINTAGE DOILY} => {JUMBO BAG ALPHABET}","JUMBO BAG ALPHABET",0.02025,0.301,6.08,860,2.39287610619469,14.6272123893805,259,9060.39
"{JUMBO BAG SCANDINAVIAN BLUE PAISLEY} => {JUMBO BAG PINK POLKADOT}","JUMBO BAG PINK POLKADOT",0.02091,0.475,7.13,423,2.60603618421053,17.2672697368421,201,9041.45
"{JUMBO BAG 50'S CHRISTMAS} => {JUMBO BAG RED RETROSPOT}","JUMBO BAG RED RETROSPOT",0.01385,0.355,3.13,460,2.49391702846117,22.1968162083936,163,9039.8
"{JUMBO BAG STRAWBERRY} => {JUMBO BAG PINK POLKADOT}","JUMBO BAG PINK POLKADOT",0.01904,0.423,6.36,474,2.60603618421053,17.2672697368421,201,9022.42
"{STRAWBERRY CHARLOTTE BAG} => {PARTY BUNTING}","PARTY BUNTING",0.01204,0.305,3.33,502,5.80916167664671,10.1311377245509,153,9011.05
"{STRAWBERRY CERAMIC TRINKET BOX} => {WHITE HANGING HEART T-LIGHT HOLDER}","WHITE HANGING HEART T-LIGHT HOLDER",0.01423,0.315,2.56,566,3.2313000890472,15.6037399821906,178,8989.45
"{JUMBO BAG APPLES} => {JUMBO BAG VINTAGE DOILY}","JUMBO BAG VINTAGE DOILY",0.02337,0.438,6.5,549,2.2780162601626,16.3845528455285,240,8975.07
"{JUMBO BAG SPACEBOY DESIGN} => {JUMBO BAG RED RETROSPOT}","JUMBO BAG RED RETROSPOT",0.02348,0.626,5.52,256,2.49391702846117,22.1968162083936,160,8871.29
"{JUMBO BAG PINK POLKADOT} => {JUMBO BAG PINK VINTAGE PAISLEY}","JUMBO BAG PINK VINTAGE PAISLEY",0.02074,0.312,6.58,837,2.67275144508671,12.7028901734104,261,8866.27
"{JUMBO BAG WOODLAND ANIMALS} => {JUMBO BAG OWLS}","JUMBO BAG OWLS",0.01543,0.327,9.2,580,2.79323076923077,16.5184615384615,190,8750.89
"{JUMBO STORAGE BAG SUKI} => {JUMBO BAG SCANDINAVIAN BLUE PAISLEY}","JUMBO BAG SCANDINAVIAN BLUE PAISLEY",0.01948,0.301,6.83,828,2.70037267080745,12.9826086956522,249,8737.41
"{HOME BUILDING BLOCK WORD} => {WHITE HANGING HEART T-LIGHT HOLDER}","WHITE HANGING HEART T-LIGHT HOLDER",0.01401,0.33,2.68,520,3.2313000890472,15.6037399821906,172,8652.13
"{JUMBO BAG SCANDINAVIAN BLUE PAISLEY} => {JUMBO BAG STRAWBERRY}","JUMBO BAG STRAWBERRY",0.01341,0.304,6.77,560,2.41671532846715,21.0109489051095,170,8644.36
"{JUMBO SHOPPER VINTAGE RED PAISLEY} => {JUMBO BAG WOODLAND ANIMALS}","JUMBO BAG WOODLAND ANIMALS",0.02134,0.332,7.04,784,2.93349187935035,11.3120649651972,260,8637.36
"{JUMBO BAG OWLS} => {JUMBO BAG RED RETROSPOT}","JUMBO BAG RED RETROSPOT",0.0214,0.602,5.3,259,2.49391702846117,22.1968162083936,156,8631.16
"{BATHROOM METAL SIGN} => {JUMBO BAG RED RETROSPOT}","JUMBO BAG RED RETROSPOT",0.01335,0.363,3.2,429,2.49391702846117,22.1968162083936,156,8620.58
"{CHOCOLATE HOT WATER BOTTLE} => {HOT WATER BOTTLE TEA AND SYMPATHY}","HOT WATER BOTTLE TEA AND SYMPATHY",0.01828,0.392,11.18,518,5.03184087363495,8.42121684867395,203,8604.34
"{JUMBO BAG ALPHABET} => {JUMBO BAG APPLES}","JUMBO BAG APPLES",0.0214,0.433,8.1,513,2.57344262295082,15.0389344262295,222,8596.8
"{JUMBO STORAGE BAG SUKI} => {JUMBO BAG PINK VINTAGE PAISLEY}","JUMBO BAG PINK VINTAGE PAISLEY",0.02003,0.309,6.53,818,2.67275144508671,12.7028901734104,253,8581.69
"{JUMBO BAG VINTAGE DOILY} => {JUMBO BAG VINTAGE LEAF}","JUMBO BAG VINTAGE LEAF",0.02824,0.42,8.72,714,2.29795221843003,12.4334470989761,300,8568.01
"{LUNCH BAG RED RETROSPOT,LUNCH BAG SUKI DESIGN} => {JUMBO BAG RED RETROSPOT}","JUMBO BAG RED RETROSPOT",0.01368,0.382,3.36,405,2.49391702846117,22.1968162083936,155,8564.28
"{JUMBO BAG ALPHABET} => {JUMBO BAG PINK POLKADOT}","JUMBO BAG PINK POLKADOT",0.01489,0.301,4.52,632,2.60603618421053,17.2672697368421,190,8560.27
"{LUNCH BAG SUKI DESIGN} => {LUNCH BAG RED RETROSPOT}","LUNCH BAG RED RETROSPOT",0.03585,0.511,5.96,628,2.13269181585678,12.3925831202046,321,8481.46
"{60 CAKE CASES VINTAGE CHRISTMAS} => {PAPER CHAIN KIT 50'S CHRISTMAS}","PAPER CHAIN KIT 50'S CHRISTMAS",0.01483,0.438,6.94,348,3.37515177797051,16.3399826539462,152,8406.17
"{LUNCH BAG  BLACK SKULL.} => {LUNCH BAG RED RETROSPOT}","LUNCH BAG RED RETROSPOT",0.03508,0.504,5.89,630,2.13269181585678,12.3925831202046,318,8391.91
"{JUMBO STORAGE BAG SUKI} => {JUMBO SHOPPER VINTAGE RED PAISLEY}","JUMBO SHOPPER VINTAGE RED PAISLEY",0.02868,0.443,6.89,660,2.68828790459966,10.6746166950596,292,8390.27
"{JUMBO BAG PINK POLKADOT} => {JUMBO SHOPPER VINTAGE RED PAISLEY}","JUMBO SHOPPER VINTAGE RED PAISLEY",0.02561,0.385,5.99,748,2.68828790459966,10.6746166950596,288,8264
"{JUMBO BAG VINTAGE LEAF} => {JUMBO BAG APPLES}","JUMBO BAG APPLES",0.01992,0.414,7.75,515,2.57344262295082,15.0389344262295,213,8251.62
"{JUMBO BAG PEARS} => {JUMBO BAG RED RETROSPOT}","JUMBO BAG RED RETROSPOT",0.01587,0.488,4.3,304,2.49391702846117,22.1968162083936,148,8212.32
"{JUMBO BAG APPLES} => {JUMBO BAG ALPHABET}","JUMBO BAG ALPHABET",0.0214,0.401,8.1,585,2.39287610619469,14.6272123893805,235,8210.73
"{RED HANGING HEART T-LIGHT HOLDER} => {WHITE HANGING HEART T-LIGHT HOLDER}","WHITE HANGING HEART T-LIGHT HOLDER",0.0272,0.673,5.48,241,3.2313000890472,15.6037399821906,162,8177.83
"{SET OF 20 VINTAGE CHRISTMAS NAPKINS} => {PAPER CHAIN KIT 50'S CHRISTMAS}","PAPER CHAIN KIT 50'S CHRISTMAS",0.0139,0.416,6.6,356,3.37515177797051,16.3399826539462,148,8167.48
"{JUMBO BAG RED RETROSPOT,JUMBO STORAGE BAG SUKI} => {JUMBO BAG STRAWBERRY}","JUMBO BAG STRAWBERRY",0.01319,0.333,7.4,483,2.41671532846715,21.0109489051095,161,8167
"{JUMBO BAG ALPHABET} => {JUMBO BAG VINTAGE DOILY}","JUMBO BAG VINTAGE DOILY",0.02025,0.409,6.08,534,2.2780162601626,16.3845528455285,218,8151.85
"{ALARM CLOCK BAKELIKE RED} => {ALARM CLOCK BAKELIKE PINK}","ALARM CLOCK BAKELIKE PINK",0.02572,0.448,10.45,580,4.58228607918263,6.81353767560664,260,8112.62
"{RECYCLING BAG RETROSPOT} => {JUMBO BAG PINK POLKADOT}","JUMBO BAG PINK POLKADOT",0.01636,0.4,6.01,448,2.60603618421053,17.2672697368421,179,8063.84
"{REGENCY TEA PLATE ROSES} => {REGENCY TEAPOT ROSES}","REGENCY TEAPOT ROSES",0.01089,0.448,19.73,245,11.1413253012048,6.59036144578313,110,8059.17
"{LUNCH BAG RED RETROSPOT} => {LUNCH BAG SUKI DESIGN}","LUNCH BAG SUKI DESIGN",0.03585,0.419,5.96,909,2.16708495713172,9.69134840218238,381,7999.04
"{PLEASE ONE PERSON METAL SIGN} => {GIN + TONIC DIET METAL SIGN}","GIN + TONIC DIET METAL SIGN",0.01625,0.356,8.04,538,2.7705198019802,15.0606435643564,192,7991.66
"{LUNCH BAG RED RETROSPOT} => {LUNCH BAG APPLE DESIGN}","LUNCH BAG APPLE DESIGN",0.02665,0.311,5.5,1077,2.04046376811594,11.6772946859903,335,7980.81
"{JUMBO BAG RED RETROSPOT,JUMBO STORAGE BAG SUKI} => {JUMBO BAG PINK POLKADOT}","JUMBO BAG PINK POLKADOT",0.0226,0.57,8.57,311,2.60603618421053,17.2672697368421,177,7977
"{RED RETROSPOT SHOPPER BAG} => {JUMBO BAG RED RETROSPOT}","JUMBO BAG RED RETROSPOT",0.01576,0.501,4.42,287,2.49391702846117,22.1968162083936,144,7959.62
"{JUMBO BAG VINTAGE LEAF} => {JUMBO BAG VINTAGE DOILY}","JUMBO BAG VINTAGE DOILY",0.02824,0.587,8.72,363,2.2780162601626,16.3845528455285,213,7953.09
"{BATHROOM METAL SIGN} => {WHITE HANGING HEART T-LIGHT HOLDER}","WHITE HANGING HEART T-LIGHT HOLDER",0.01374,0.373,3.03,422,3.2313000890472,15.6037399821906,157,7936.47
"{RECIPE BOX PANTRY YELLOW DESIGN} => {SET OF 3 CAKE TINS PANTRY DESIGN}","SET OF 3 CAKE TINS PANTRY DESIGN",0.02156,0.355,4.72,715,5.84500726744186,5.34811046511628,254,7934.5
"{LUNCH BAG PINK POLKADOT,LUNCH BAG RED RETROSPOT} => {JUMBO BAG RED RETROSPOT}","JUMBO BAG RED RETROSPOT",0.01259,0.38,3.35,376,2.49391702846117,22.1968162083936,143,7909.41
"{JUMBO STORAGE BAG SKULLS} => {JUMBO BAG PINK POLKADOT}","JUMBO BAG PINK POLKADOT",0.01811,0.472,7.09,371,2.60603618421053,17.2672697368421,175,7879.89
"{JAM MAKING SET WITH JARS} => {SET OF 3 CAKE TINS PANTRY DESIGN}","SET OF 3 CAKE TINS PANTRY DESIGN",0.0208,0.336,4.47,750,5.84500726744186,5.34811046511628,252,7877.46
"{HANGING HEART JAR T-LIGHT HOLDER} => {WHITE HANGING HEART T-LIGHT HOLDER}","WHITE HANGING HEART T-LIGHT HOLDER",0.01237,0.313,2.54,497,3.2313000890472,15.6037399821906,156,7843.44
"{JUMBO BAG SPACEBOY DESIGN} => {JUMBO BAG PINK POLKADOT}","JUMBO BAG PINK POLKADOT",0.01855,0.495,7.44,346,2.60603618421053,17.2672697368421,171,7707
"{LUNCH BAG SPACEBOY DESIGN} => {LUNCH BAG RED RETROSPOT}","LUNCH BAG RED RETROSPOT",0.03065,0.484,5.65,597,2.13269181585678,12.3925831202046,289,7636.77
"{JUMBO BAG WOODLAND ANIMALS} => {JUMBO BAG APPLES}","JUMBO BAG APPLES",0.01658,0.352,6.58,559,2.57344262295082,15.0389344262295,197,7615.28
"{JUMBO  BAG BAROQUE BLACK WHITE} => {JUMBO BAG APPLES}","JUMBO BAG APPLES",0.01554,0.306,5.74,643,2.57344262295082,15.0389344262295,197,7614.9
"{LUNCH BAG RED RETROSPOT} => {LUNCH BAG  BLACK SKULL.}","LUNCH BAG  BLACK SKULL.",0.03508,0.41,5.89,923,2.10808025177026,9.51376868607396,378,7589.71
"{LUNCH BAG CARS BLUE} => {LUNCH BAG RED RETROSPOT}","LUNCH BAG RED RETROSPOT",0.03037,0.483,5.64,594,2.13269181585678,12.3925831202046,287,7582.69
"{JAM MAKING SET PRINTED} => {SET OF 3 CAKE TINS PANTRY DESIGN}","SET OF 3 CAKE TINS PANTRY DESIGN",0.01899,0.301,4,805,5.84500726744186,5.34811046511628,242,7574.39
"{LUNCH BAG RED RETROSPOT} => {LUNCH BAG CARS BLUE}","LUNCH BAG CARS BLUE",0.03037,0.355,5.64,1009,2.06529155787641,10.2254134029591,358,7564.53
"{JUMBO BAG RED RETROSPOT,JUMBO SHOPPER VINTAGE RED PAISLEY} => {JUMBO BAG PINK POLKADOT}","JUMBO BAG PINK POLKADOT",0.02069,0.556,8.35,302,2.60603618421053,17.2672697368421,168,7555.89
"{BOX OF 24 COCKTAIL PARASOLS} => {PARTY BUNTING}","PARTY BUNTING",0.0104,0.326,3.57,393,5.80916167664671,10.1311377245509,128,7540.18
"{JUMBO BAG PINK VINTAGE PAISLEY} => {JUMBO BAG SCANDINAVIAN BLUE PAISLEY}","JUMBO BAG SCANDINAVIAN BLUE PAISLEY",0.02184,0.461,10.47,466,2.70037267080745,12.9826086956522,215,7531.34
"{SCOTTIE DOG HOT WATER BOTTLE} => {CHOCOLATE HOT WATER BOTTLE}","CHOCOLATE HOT WATER BOTTLE",0.01702,0.404,8.66,459,6.02895539906103,6.67605633802817,185,7463.73
"{ALARM CLOCK BAKELIKE GREEN} => {ALARM CLOCK BAKELIKE PINK}","ALARM CLOCK BAKELIKE PINK",0.02288,0.429,10.01,557,4.58228607918263,6.81353767560664,239,7460.49
"{COOK WITH WINE METAL SIGN} => {GIN + TONIC DIET METAL SIGN}","GIN + TONIC DIET METAL SIGN",0.01795,0.456,10.3,392,2.7705198019802,15.0606435643564,179,7458.57
"{HANGING HEART ZINC T-LIGHT HOLDER} => {JUMBO BAG RED RETROSPOT}","JUMBO BAG RED RETROSPOT",0.01105,0.335,2.95,401,2.49391702846117,22.1968162083936,134,7436.39
"{JUMBO BAG PINK POLKADOT,JUMBO BAG RED RETROSPOT} => {JUMBO  BAG BAROQUE BLACK WHITE}","JUMBO  BAG BAROQUE BLACK WHITE",0.01779,0.394,7.77,500,2.61653721682848,14.4174757281553,197,7431.6
"{JUMBO BAG WOODLAND ANIMALS} => {JUMBO  BAG BAROQUE BLACK WHITE}","JUMBO  BAG BAROQUE BLACK WHITE",0.01664,0.353,6.95,558,2.61653721682848,14.4174757281553,197,7430.62
"{HOT WATER BOTTLE KEEP CALM} => {HOT WATER BOTTLE TEA AND SYMPATHY}","HOT WATER BOTTLE TEA AND SYMPATHY",0.01439,0.338,9.64,515,5.03184087363495,8.42121684867395,174,7376.08
"{LUNCH BAG RED RETROSPOT} => {LUNCH BAG WOODLAND}","LUNCH BAG WOODLAND",0.02879,0.336,6.06,1038,2.18364891518738,9.68145956607495,349,7373.27
"{JUMBO BAG APPLES} => {JUMBO STORAGE BAG SUKI}","JUMBO STORAGE BAG SUKI",0.02058,0.385,5.95,600,2.7507347972973,11.4966216216216,231,7305.18
"{SUKI  SHOULDER BAG} => {JUMBO BAG RED RETROSPOT}","JUMBO BAG RED RETROSPOT",0.01543,0.532,4.69,248,2.49391702846117,22.1968162083936,132,7303.58
"{WOOD BLACK BOARD ANT WHITE FINISH} => {WHITE HANGING HEART T-LIGHT HOLDER}","WHITE HANGING HEART T-LIGHT HOLDER",0.01138,0.304,2.47,476,3.2313000890472,15.6037399821906,145,7296.03
"{JUMBO BAG VINTAGE DOILY} => {JUMBO BAG PEARS}","JUMBO BAG PEARS",0.02025,0.301,9.25,860,2.43333333333333,11.5488215488215,259,7274.52
"{LOVE BUILDING BLOCK WORD} => {WHITE HANGING HEART T-LIGHT HOLDER}","WHITE HANGING HEART T-LIGHT HOLDER",0.01226,0.356,2.9,405,3.2313000890472,15.6037399821906,144,7269.61
"{JUMBO  BAG BAROQUE BLACK WHITE} => {JUMBO STORAGE BAG SUKI}","JUMBO STORAGE BAG SUKI",0.02309,0.455,7.03,505,2.7507347972973,11.4966216216216,230,7266.44
"{JUMBO BAG PINK POLKADOT,JUMBO BAG RED RETROSPOT} => {JUMBO BAG APPLES}","JUMBO BAG APPLES",0.01582,0.35,6.56,536,2.57344262295082,15.0389344262295,188,7260.46
"{JAM MAKING SET WITH JARS} => {JAM MAKING SET PRINTED}","JAM MAKING SET PRINTED",0.02583,0.418,6.63,658,1.90982638888889,13.8168402777778,275,7257.8
"{JUMBO BAG RED RETROSPOT,JUMBO STORAGE BAG SUKI} => {JUMBO BAG OWLS}","JUMBO BAG OWLS",0.01264,0.319,8.97,493,2.79323076923077,16.5184615384615,157,7256.28
"{RED RETROSPOT PICNIC BAG} => {JUMBO BAG RED RETROSPOT}","JUMBO BAG RED RETROSPOT",0.01313,0.455,4.01,288,2.49391702846117,22.1968162083936,131,7253.98
"{ROSES REGENCY TEACUP AND SAUCER} => {PINK REGENCY TEACUP AND SAUCER}","PINK REGENCY TEACUP AND SAUCER",0.03273,0.563,13.54,464,3.71778947368421,7.46315789473684,261,7248.26
"{CHARLOTTE BAG APPLES DESIGN} => {JUMBO BAG RED RETROSPOT}","JUMBO BAG RED RETROSPOT",0.01084,0.34,2.99,385,2.49391702846117,22.1968162083936,131,7246.23
"{LUNCH BAG RED RETROSPOT} => {LUNCH BAG PINK POLKADOT}","LUNCH BAG PINK POLKADOT",0.03316,0.387,6.5,958,2.03613406795225,9.59504132231405,371,7243.19
"{JUMBO  BAG BAROQUE BLACK WHITE} => {JUMBO BAG SCANDINAVIAN BLUE PAISLEY}","JUMBO BAG SCANDINAVIAN BLUE PAISLEY",0.01675,0.33,7.49,621,2.70037267080745,12.9826086956522,205,7184.41
"{JUMBO BAG OWLS} => {JUMBO BAG PINK POLKADOT}","JUMBO BAG PINK POLKADOT",0.01532,0.431,6.47,370,2.60603618421053,17.2672697368421,159,7176.01
"{ALARM CLOCK BAKELIKE GREEN} => {ALARM CLOCK BAKELIKE RED}","ALARM CLOCK BAKELIKE RED",0.03502,0.656,11.42,335,4.40365714285714,7.39809523809524,220,7159.49
"{JUMBO BAG SCANDINAVIAN BLUE PAISLEY} => {JUMBO  BAG BAROQUE BLACK WHITE}","JUMBO  BAG BAROQUE BLACK WHITE",0.01675,0.38,7.49,499,2.61653721682848,14.4174757281553,190,7153.2
"{ALARM CLOCK BAKELIKE RED} => {ALARM CLOCK BAKELIKE GREEN}","ALARM CLOCK BAKELIKE GREEN",0.03502,0.61,11.42,410,4.54470769230769,6.27384615384615,250,7131.05
"{CHRISTMAS CRAFT LITTLE FRIENDS} => {PAPER CHAIN KIT 50'S CHRISTMAS}","PAPER CHAIN KIT 50'S CHRISTMAS",0.0116,0.39,6.19,331,3.37515177797051,16.3399826539462,129,7119.3
"{JUMBO BAG VINTAGE LEAF} => {JUMBO BAG ALPHABET}","JUMBO BAG ALPHABET",0.01735,0.361,7.29,562,2.39287610619469,14.6272123893805,203,7101.09
"{LUNCH BAG PINK POLKADOT} => {LUNCH BAG RED RETROSPOT}","LUNCH BAG RED RETROSPOT",0.03316,0.556,6.5,483,2.13269181585678,12.3925831202046,269,7097.61
"{HOT WATER BOTTLE KEEP CALM} => {CHOCOLATE HOT WATER BOTTLE}","CHOCOLATE HOT WATER BOTTLE",0.01472,0.346,7.42,509,6.02895539906103,6.67605633802817,176,7088.53
"{JUMBO BAG PINK VINTAGE PAISLEY} => {JUMBO  BAG BAROQUE BLACK WHITE}","JUMBO  BAG BAROQUE BLACK WHITE",0.01505,0.318,6.27,590,2.61653721682848,14.4174757281553,188,7077.75
"{CHILDRENS CUTLERY POLKADOT PINK} => {CHILDRENS CUTLERY RETROSPOT RED}","CHILDRENS CUTLERY RETROSPOT RED",0.01445,0.485,20.29,280,4.98771167048055,10.4439359267735,136,7074
"{LUNCH BAG VINTAGE DOILY} => {LUNCH BAG RED RETROSPOT}","LUNCH BAG RED RETROSPOT",0.02528,0.422,4.92,634,2.13269181585678,12.3925831202046,268,7071.18
"{SET OF 6 SPICE TINS PANTRY DESIGN} => {JAM MAKING SET WITH JARS}","JAM MAKING SET WITH JARS",0.01467,0.325,5.25,557,5.07986725663717,7.67787610619469,181,7060.44
"{WOODEN PICTURE FRAME WHITE FINISH} => {WOODEN FRAME ANTIQUE WHITE}","WOODEN FRAME ANTIQUE WHITE",0.0295,0.491,9.26,559,3.58291021671827,7.17647058823529,274,7057.33
"{HANGING HEART ZINC T-LIGHT HOLDER} => {WHITE HANGING HEART T-LIGHT HOLDER}","WHITE HANGING HEART T-LIGHT HOLDER",0.01198,0.363,2.95,384,3.2313000890472,15.6037399821906,139,7028.2
"{CHARLOTTE BAG PINK POLKADOT,RED RETROSPOT CHARLOTTE BAG} => {JUMBO BAG RED RETROSPOT}","JUMBO BAG RED RETROSPOT",0.01182,0.414,3.65,306,2.49391702846117,22.1968162083936,127,7012.85
"{EDWARDIAN PARASOL NATURAL} => {EDWARDIAN PARASOL BLACK}","EDWARDIAN PARASOL BLACK",0.01078,0.37,17.73,336,7.4188188976378,7.59580052493438,124,7005.66
"{JUMBO BAG VINTAGE DOILY,JUMBO BAG VINTAGE LEAF} => {JUMBO BAG RED RETROSPOT}","JUMBO BAG RED RETROSPOT",0.01609,0.57,5.02,222,2.49391702846117,22.1968162083936,127,7004.88
"{SPACEBOY LUNCH BOX} => {DOLLY GIRL LUNCH BOX}","DOLLY GIRL LUNCH BOX",0.02944,0.598,12.85,362,2.33511764705882,13.8305882352941,216,6991.32
"{JUMBO BAG VINTAGE DOILY,LUNCH BAG VINTAGE DOILY} => {JUMBO BAG RED RETROSPOT}","JUMBO BAG RED RETROSPOT",0.01363,0.494,4.35,255,2.49391702846117,22.1968162083936,126,6973.32
"{JUMBO BAG OWLS} => {JUMBO BAG STRAWBERRY}","JUMBO BAG STRAWBERRY",0.01078,0.303,6.74,453,2.41671532846715,21.0109489051095,137,6969.67
"{LUNCH BAG SUKI DESIGN} => {LUNCH BAG APPLE DESIGN}","LUNCH BAG APPLE DESIGN",0.02457,0.35,6.18,834,2.04046376811594,11.6772946859903,292,6955.13
"{JUMBO BAG APPLES} => {JUMBO BAG WOODLAND ANIMALS}","JUMBO BAG WOODLAND ANIMALS",0.01658,0.31,6.58,673,2.93349187935035,11.3120649651972,209,6923.15
"{STRAWBERRY LUNCH BOX WITH CUTLERY} => {JUMBO BAG RED RETROSPOT}","JUMBO BAG RED RETROSPOT",0.01007,0.322,2.84,388,2.49391702846117,22.1968162083936,125,6916.08
"{HAND OVER THE CHOCOLATE   SIGN} => {GIN + TONIC DIET METAL SIGN}","GIN + TONIC DIET METAL SIGN",0.01603,0.435,9.85,380,2.7705198019802,15.0606435643564,165,6897.28
"{JUMBO BAG PINK POLKADOT,JUMBO BAG RED RETROSPOT} => {JUMBO BAG SCANDINAVIAN BLUE PAISLEY}","JUMBO BAG SCANDINAVIAN BLUE PAISLEY",0.01746,0.387,8.78,506,2.70037267080745,12.9826086956522,196,6865.1
"{JUMBO BAG STRAWBERRY} => {JUMBO  BAG BAROQUE BLACK WHITE}","JUMBO  BAG BAROQUE BLACK WHITE",0.01483,0.33,6.5,551,2.61653721682848,14.4174757281553,182,6859.33
"{DOLLY GIRL LUNCH BOX} => {SPACEBOY LUNCH BOX}","SPACEBOY LUNCH BOX",0.02944,0.633,12.85,312,2.19468888888889,15.8111111111111,197,6853.2
"{JUMBO BAG SCANDINAVIAN BLUE PAISLEY} => {JUMBO BAG PINK VINTAGE PAISLEY}","JUMBO BAG PINK VINTAGE PAISLEY",0.02184,0.496,10.47,406,2.67275144508671,12.7028901734104,201,6837.05
"{LUNCH BAG APPLE DESIGN} => {LUNCH BAG RED RETROSPOT}","LUNCH BAG RED RETROSPOT",0.02665,0.471,5.5,548,2.13269181585678,12.3925831202046,258,6821.68
"{LOVEBIRD HANGING DECORATION WHITE} => {JUMBO BAG RED RETROSPOT}","JUMBO BAG RED RETROSPOT",0.01034,0.347,3.06,355,2.49391702846117,22.1968162083936,123,6819.15
"{CHARLOTTE BAG SUKI DESIGN,RED RETROSPOT CHARLOTTE BAG} => {JUMBO BAG RED RETROSPOT}","JUMBO BAG RED RETROSPOT",0.01155,0.416,3.67,296,2.49391702846117,22.1968162083936,123,6816.44
"{RED RETROSPOT CHARLOTTE BAG,WOODLAND CHARLOTTE BAG} => {JUMBO BAG RED RETROSPOT}","JUMBO BAG RED RETROSPOT",0.0116,0.42,3.7,293,2.49391702846117,22.1968162083936,123,6812.23
"{SMALL WHITE HEART OF WICKER} => {WHITE HANGING HEART T-LIGHT HOLDER}","WHITE HANGING HEART T-LIGHT HOLDER",0.01073,0.312,2.54,433,3.2313000890472,15.6037399821906,135,6811.59
"{JUMBO BAG WOODLAND ANIMALS} => {JUMBO STORAGE BAG SUKI}","JUMBO STORAGE BAG SUKI",0.02457,0.521,8.04,413,2.7507347972973,11.4966216216216,215,6804.66
"{POTTERING IN THE SHED METAL SIGN} => {JUMBO BAG RED RETROSPOT}","JUMBO BAG RED RETROSPOT",0.0104,0.353,3.11,348,2.49391702846117,22.1968162083936,123,6800.28
"{JUMBO  BAG BAROQUE BLACK WHITE} => {JUMBO BAG WOODLAND ANIMALS}","JUMBO BAG WOODLAND ANIMALS",0.01664,0.328,6.95,623,2.93349187935035,11.3120649651972,204,6780.92
"{BLUE HARMONICA IN BOX} => {RED  HARMONICA IN BOX}","RED  HARMONICA IN BOX",0.01729,0.524,14.55,287,1.42746200607903,31.5395136778115,150,6770.69
"{CHOCOLATE HOT WATER BOTTLE} => {SCOTTIE DOG HOT WATER BOTTLE}","SCOTTIE DOG HOT WATER BOTTLE",0.01702,0.365,8.66,541,5.74779220779221,5.96233766233766,197,6767.18
"{TEA TIME PARTY BUNTING} => {PARTY BUNTING}","PARTY BUNTING",0.01116,0.438,4.79,262,5.80916167664671,10.1311377245509,115,6753.78
"{LUNCH BAG  BLACK SKULL.,LUNCH BAG PINK POLKADOT} => {JUMBO BAG RED RETROSPOT}","JUMBO BAG RED RETROSPOT",0.01007,0.338,2.98,360,2.49391702846117,22.1968162083936,122,6735.84
"{JUMBO BAG RED RETROSPOT,JUMBO STORAGE BAG SUKI} => {JUMBO  BAG BAROQUE BLACK WHITE}","JUMBO  BAG BAROQUE BLACK WHITE",0.0174,0.439,8.66,406,2.61653721682848,14.4174757281553,178,6723.67
"{JUMBO  BAG BAROQUE BLACK WHITE,JUMBO BAG RED RETROSPOT} => {JUMBO BAG STRAWBERRY}","JUMBO BAG STRAWBERRY",0.011,0.344,7.64,384,2.41671532846715,21.0109489051095,132,6707.5
"{LOVEBIRD HANGING DECORATION WHITE} => {WHITE HANGING HEART T-LIGHT HOLDER}","WHITE HANGING HEART T-LIGHT HOLDER",0.01259,0.423,3.44,314,3.2313000890472,15.6037399821906,133,6696.93
"{HOT WATER BOTTLE I AM SO POORLY} => {HOT WATER BOTTLE TEA AND SYMPATHY}","HOT WATER BOTTLE TEA AND SYMPATHY",0.01445,0.402,11.45,393,5.03184087363495,8.42121684867395,158,6694.53
"{LUNCH BAG WOODLAND} => {LUNCH BAG RED RETROSPOT}","LUNCH BAG RED RETROSPOT",0.02879,0.519,6.06,488,2.13269181585678,12.3925831202046,253,6693.87
"{JUMBO BAG SCANDINAVIAN BLUE PAISLEY} => {JUMBO BAG APPLES}","JUMBO BAG APPLES",0.01368,0.311,5.81,555,2.57344262295082,15.0389344262295,173,6680.13
"{JUMBO BAG PINK VINTAGE PAISLEY} => {JUMBO STORAGE BAG SUKI}","JUMBO STORAGE BAG SUKI",0.02003,0.423,6.53,499,2.7507347972973,11.4966216216216,211,6675.13
"{CHOCOLATE HOT WATER BOTTLE} => {HOT WATER BOTTLE KEEP CALM}","HOT WATER BOTTLE KEEP CALM",0.01472,0.316,7.42,583,5.26492287917738,6.87917737789203,184,6672.43
"{LUNCH BAG  BLACK SKULL.} => {LUNCH BAG APPLE DESIGN}","LUNCH BAG APPLE DESIGN",0.02271,0.327,5.76,856,2.04046376811594,11.6772946859903,280,6669.49
"{HEART OF WICKER LARGE} => {HEART OF WICKER SMALL}","HEART OF WICKER SMALL",0.02698,0.534,8.15,430,1.96453634085213,14.7769423558897,230,6665.83
"{JUMBO BAG APPLES} => {JUMBO BAG PEARS}","JUMBO BAG PEARS",0.02222,0.416,12.8,570,2.43333333333333,11.5488215488215,237,6663.58
"{JUMBO BAG RED RETROSPOT,JUMBO STORAGE BAG SUKI} => {JUMBO BAG APPLES}","JUMBO BAG APPLES",0.01538,0.388,7.27,443,2.57344262295082,15.0389344262295,172,6652.23
"{JUMBO BAG PINK POLKADOT,JUMBO BAG RED RETROSPOT} => {JUMBO BAG WOODLAND ANIMALS}","JUMBO BAG WOODLAND ANIMALS",0.01866,0.413,8.76,484,2.93349187935035,11.3120649651972,200,6633.19
"{LUNCH BAG  BLACK SKULL.} => {LUNCH BAG SUKI DESIGN}","LUNCH BAG SUKI DESIGN",0.03196,0.459,6.54,687,2.16708495713172,9.69134840218238,315,6622.62
"{GIN + TONIC DIET METAL SIGN} => {COOK WITH WINE METAL SIGN}","COOK WITH WINE METAL SIGN",0.01795,0.406,10.3,480,2.39272222222222,14.1958333333333,195,6619.43
"{LUNCH BAG SUKI DESIGN} => {LUNCH BAG CARS BLUE}","LUNCH BAG CARS BLUE",0.0295,0.42,6.68,744,2.06529155787641,10.2254134029591,312,6599.1
"{GREEN REGENCY TEACUP AND SAUCER} => {PINK REGENCY TEACUP AND SAUCER}","PINK REGENCY TEACUP AND SAUCER",0.03459,0.624,15,381,3.71778947368421,7.46315789473684,238,6596.55
"{JUMBO  BAG BAROQUE BLACK WHITE} => {JUMBO SHOPPER VINTAGE RED PAISLEY}","JUMBO SHOPPER VINTAGE RED PAISLEY",0.02304,0.454,7.07,506,2.68828790459966,10.6746166950596,230,6592.26
"{CHILDRENS CUTLERY POLKADOT PINK} => {CHILDRENS CUTLERY POLKADOT BLUE}","CHILDRENS CUTLERY POLKADOT BLUE",0.01631,0.548,25.54,246,4.89961734693878,9.95663265306122,135,6576.43
"{JUMBO BAG WOODLAND ANIMALS} => {JUMBO BAG SCANDINAVIAN BLUE PAISLEY}","JUMBO BAG SCANDINAVIAN BLUE PAISLEY",0.0151,0.32,7.27,586,2.70037267080745,12.9826086956522,188,6574.05
"{RED RETROSPOT CHARLOTTE BAG,STRAWBERRY CHARLOTTE BAG} => {JUMBO BAG RED RETROSPOT}","JUMBO BAG RED RETROSPOT",0.01111,0.418,3.68,283,2.49391702846117,22.1968162083936,118,6548.4
"{WOODEN FRAME ANTIQUE WHITE,WOODEN PICTURE FRAME WHITE FINISH} => {WHITE HANGING HEART T-LIGHT HOLDER}","WHITE HANGING HEART T-LIGHT HOLDER",0.01193,0.404,3.29,321,3.2313000890472,15.6037399821906,130,6538.71
"{PLEASE ONE PERSON METAL SIGN} => {COOK WITH WINE METAL SIGN}","COOK WITH WINE METAL SIGN",0.01647,0.36,9.15,534,2.39272222222222,14.1958333333333,192,6529.76
"{JUMBO BAG PINK POLKADOT,JUMBO BAG RED RETROSPOT} => {JUMBO STORAGE BAG SUKI}","JUMBO STORAGE BAG SUKI",0.0226,0.501,7.73,412,2.7507347972973,11.4966216216216,206,6527.61
"{SET OF 72 PINK HEART PAPER DOILIES} => {JUMBO BAG RED RETROSPOT}","JUMBO BAG RED RETROSPOT",0.01018,0.366,3.23,322,2.49391702846117,22.1968162083936,118,6523.94
"{JUMBO BAG APPLES} => {JUMBO BAG VINTAGE LEAF}","JUMBO BAG VINTAGE LEAF",0.01992,0.373,7.75,612,2.29795221843003,12.4334470989761,228,6522.18
"{JUMBO  BAG BAROQUE BLACK WHITE,JUMBO BAG RED RETROSPOT} => {JUMBO BAG PINK POLKADOT}","JUMBO BAG PINK POLKADOT",0.01779,0.556,8.35,260,2.60603618421053,17.2672697368421,145,6505.07
"{LUNCH BAG  BLACK SKULL.} => {LUNCH BAG CARS BLUE}","LUNCH BAG CARS BLUE",0.02857,0.411,6.53,749,2.06529155787641,10.2254134029591,308,6501.09
"{JUMBO BAG TOYS} => {JUMBO BAG RED RETROSPOT}","JUMBO BAG RED RETROSPOT",0.01883,0.659,5.81,178,2.49391702846117,22.1968162083936,117,6493.49
"{JUMBO BAG VINTAGE DOILY} => {LUNCH BAG VINTAGE DOILY}","LUNCH BAG VINTAGE DOILY",0.02758,0.41,6.83,726,1.82762773722628,11.9306569343066,298,6490.42
"{TOY TIDY PINK POLKADOT} => {JUMBO BAG RED RETROSPOT}","JUMBO BAG RED RETROSPOT",0.01335,0.52,4.59,225,2.49391702846117,22.1968162083936,117,6476.77
"{GIN + TONIC DIET METAL SIGN} => {PLEASE ONE PERSON METAL SIGN}","PLEASE ONE PERSON METAL SIGN",0.01625,0.368,8.04,511,2.43326946107784,14.1341317365269,188,6467.38
"{JUMBO BAG RED RETROSPOT,LUNCH BAG RED RETROSPOT} => {JUMBO BAG STRAWBERRY}","JUMBO BAG STRAWBERRY",0.01034,0.326,7.26,390,2.41671532846715,21.0109489051095,127,6455.85
"{WOOD S/3 CABINET ANT WHITE FINISH} => {WHITE HANGING HEART T-LIGHT HOLDER}","WHITE HANGING HEART T-LIGHT HOLDER",0.01012,0.307,2.5,417,3.2313000890472,15.6037399821906,128,6454.76
"{60 CAKE CASES VINTAGE CHRISTMAS} => {PAPER CHAIN KIT VINTAGE CHRISTMAS}","PAPER CHAIN KIT VINTAGE CHRISTMAS",0.01368,0.404,9.04,369,3.36859068627451,12.8480392156863,149,6451.98
"{CHOCOLATE HOT WATER BOTTLE} => {HOT WATER BOTTLE I AM SO POORLY}","HOT WATER BOTTLE I AM SO POORLY",0.02145,0.46,12.8,460,5.8789802130898,5.18569254185693,212,6450.96
"{JUMBO STORAGE BAG SUKI} => {JUMBO STORAGE BAG SKULLS}","JUMBO STORAGE BAG SKULLS",0.02008,0.31,8.07,817,2.79534188034188,9.10968660968661,253,6449.44
"{SET OF 6 SPICE TINS PANTRY DESIGN} => {SET OF 3 CAKE TINS PANTRY DESIGN}","SET OF 3 CAKE TINS PANTRY DESIGN",0.02244,0.497,6.6,415,5.84500726744186,5.34811046511628,206,6447.48
"{JUMBO BAG PINK POLKADOT,JUMBO BAG RED RETROSPOT} => {JUMBO BAG PINK VINTAGE PAISLEY}","JUMBO BAG PINK VINTAGE PAISLEY",0.01614,0.358,7.55,530,2.67275144508671,12.7028901734104,190,6441.99
"{RED RETROSPOT CHARLOTTE BAG} => {LUNCH BAG RED RETROSPOT}","LUNCH BAG RED RETROSPOT",0.02156,0.382,4.46,638,2.13269181585678,12.3925831202046,244,6441.31
"{HOT WATER BOTTLE TEA AND SYMPATHY} => {CHOCOLATE HOT WATER BOTTLE}","CHOCOLATE HOT WATER BOTTLE",0.01828,0.521,11.18,307,6.02895539906103,6.67605633802817,160,6437.81
"{LUNCH BAG RED RETROSPOT} => {LUNCH BAG SPACEBOY DESIGN}","LUNCH BAG SPACEBOY DESIGN",0.03065,0.358,5.65,1004,2.00968885047537,8.90060501296456,359,6429.32
"{JUMBO BAG WOODLAND ANIMALS} => {JUMBO BAG PINK VINTAGE PAISLEY}","JUMBO BAG PINK VINTAGE PAISLEY",0.01532,0.325,6.86,582,2.67275144508671,12.7028901734104,189,6421.96
"{ZINC METAL HEART DECORATION} => {WHITE HANGING HEART T-LIGHT HOLDER}","WHITE HANGING HEART T-LIGHT HOLDER",0.01149,0.393,3.2,324,3.2313000890472,15.6037399821906,127,6420.13
"{JUMBO BAG RED RETROSPOT,LUNCH BAG RED RETROSPOT} => {JUMBO BAG PINK POLKADOT}","JUMBO BAG PINK POLKADOT",0.01363,0.43,6.46,330,2.60603618421053,17.2672697368421,142,6385.38
"{LUNCH BAG SUKI DESIGN} => {LUNCH BAG  BLACK SKULL.}","LUNCH BAG  BLACK SKULL.",0.03196,0.455,6.54,699,2.10808025177026,9.51376868607396,318,6378.64
"{SMALL HEART MEASURING SPOONS} => {JUMBO BAG RED RETROSPOT}","JUMBO BAG RED RETROSPOT",0.01089,0.422,3.72,273,2.49391702846117,22.1968162083936,115,6377.46
"{HOT WATER BOTTLE I AM SO POORLY} => {CHOCOLATE HOT WATER BOTTLE}","CHOCOLATE HOT WATER BOTTLE",0.02145,0.597,12.8,265,6.02895539906103,6.67605633802817,158,6367.7
"{JUMBO BAG RED RETROSPOT,JUMBO SHOPPER VINTAGE RED PAISLEY} => {JUMBO  BAG BAROQUE BLACK WHITE}","JUMBO  BAG BAROQUE BLACK WHITE",0.01702,0.457,9.02,369,2.61653721682848,14.4174757281553,169,6361.49
"{RED RETROSPOT CHARLOTTE BAG} => {CHARLOTTE BAG SUKI DESIGN}","CHARLOTTE BAG SUKI DESIGN",0.02775,0.491,10.21,525,1.20502844141069,20.4732650739477,258,6359.53
"{JUMBO BAG PINK VINTAGE PAISLEY,JUMBO BAG RED RETROSPOT} => {JUMBO BAG STRAWBERRY}","JUMBO BAG STRAWBERRY",0.0116,0.409,9.1,306,2.41671532846715,21.0109489051095,125,6355.01
"{JUMBO BAG STRAWBERRY} => {JUMBO BAG PINK VINTAGE PAISLEY}","JUMBO BAG PINK VINTAGE PAISLEY",0.01576,0.35,7.4,534,2.67275144508671,12.7028901734104,187,6345.57
"{LARGE WHITE HEART OF WICKER} => {WHITE HANGING HEART T-LIGHT HOLDER}","WHITE HANGING HEART T-LIGHT HOLDER",0.01045,0.34,2.77,370,3.2313000890472,15.6037399821906,126,6342.88
"{SMALL GLASS HEART TRINKET POT} => {WHITE HANGING HEART T-LIGHT HOLDER}","WHITE HANGING HEART T-LIGHT HOLDER",0.01084,0.366,2.98,343,3.2313000890472,15.6037399821906,126,6329.67
"{JUMBO BAG RED RETROSPOT,JUMBO BAG VINTAGE DOILY} => {JUMBO BAG PINK POLKADOT}","JUMBO BAG PINK POLKADOT",0.01308,0.414,6.22,338,2.60603618421053,17.2672697368421,140,6296.82
"{JUMBO BAG APPLES} => {JUMBO SHOPPER VINTAGE RED PAISLEY}","JUMBO SHOPPER VINTAGE RED PAISLEY",0.01822,0.341,5.31,643,2.68828790459966,10.6746166950596,219,6292.07
"{JUMBO BAG PINK VINTAGE PAISLEY} => {JUMBO BAG WOODLAND ANIMALS}","JUMBO BAG WOODLAND ANIMALS",0.01532,0.324,6.86,585,2.93349187935035,11.3120649651972,190,6289.67
"{CREAM HEART CARD HOLDER} => {WHITE HANGING HEART T-LIGHT HOLDER}","WHITE HANGING HEART T-LIGHT HOLDER",0.01122,0.391,3.18,319,3.2313000890472,15.6037399821906,125,6288.88
"{JUMBO BAG SCANDINAVIAN BLUE PAISLEY} => {JUMBO STORAGE BAG SUKI}","JUMBO STORAGE BAG SUKI",0.01948,0.442,6.83,449,2.7507347972973,11.4966216216216,198,6276.07
"{LUNCH BAG VINTAGE DOILY} => {LUNCH BAG APPLE DESIGN}","LUNCH BAG APPLE DESIGN",0.02413,0.402,7.1,655,2.04046376811594,11.6772946859903,263,6273.91
"{SET/3 RED GINGHAM ROSE STORAGE BOX} => {JUMBO BAG RED RETROSPOT}","JUMBO BAG RED RETROSPOT",0.01012,0.388,3.42,292,2.49391702846117,22.1968162083936,113,6271.73
"{JUMBO BAG WOODLAND ANIMALS} => {JUMBO BAG SPACEBOY DESIGN}","JUMBO BAG SPACEBOY DESIGN",0.01598,0.339,9.04,570,2.66170802919708,12.192700729927,193,6270.97
"{JUMBO BAG ALPHABET} => {JUMBO STORAGE BAG SUKI}","JUMBO STORAGE BAG SUKI",0.01598,0.323,4.99,612,2.7507347972973,11.4966216216216,198,6251.34
"{SET OF 20 VINTAGE CHRISTMAS NAPKINS} => {PAPER CHAIN KIT VINTAGE CHRISTMAS}","PAPER CHAIN KIT VINTAGE CHRISTMAS",0.01281,0.384,8.59,376,3.36859068627451,12.8480392156863,144,6248.91
"{JUMBO BAG VINTAGE CHRISTMAS} => {JUMBO BAG RED RETROSPOT}","JUMBO BAG RED RETROSPOT",0.01012,0.39,3.44,289,2.49391702846117,22.1968162083936,113,6239.29
"{DOLLY GIRL LUNCH BOX} => {LUNCH BOX I LOVE LONDON}","LUNCH BOX I LOVE LONDON",0.01401,0.301,7.84,594,2.32673789173789,14.9729344729345,179,6228.84
"{JUMBO STORAGE BAG SKULLS} => {JUMBO  BAG BAROQUE BLACK WHITE}","JUMBO  BAG BAROQUE BLACK WHITE",0.0145,0.377,7.44,437,2.61653721682848,14.4174757281553,165,6214.97
"{WOOD 2 DRAWER CABINET WHITE FINISH} => {WHITE HANGING HEART T-LIGHT HOLDER}","WHITE HANGING HEART T-LIGHT HOLDER",0.0104,0.352,2.86,350,3.2313000890472,15.6037399821906,123,6211.79
"{JUMBO BAG PINK VINTAGE PAISLEY} => {JUMBO SHOPPER VINTAGE RED PAISLEY}","JUMBO SHOPPER VINTAGE RED PAISLEY",0.02282,0.482,7.5,448,2.68828790459966,10.6746166950596,216,6196.6
"{POTTERING IN THE SHED METAL SIGN} => {WHITE HANGING HEART T-LIGHT HOLDER}","WHITE HANGING HEART T-LIGHT HOLDER",0.0104,0.353,2.87,348,3.2313000890472,15.6037399821906,123,6193.84
"{LUNCH BAG SPACEBOY DESIGN} => {LUNCH BAG APPLE DESIGN}","LUNCH BAG APPLE DESIGN",0.02151,0.34,6,764,2.04046376811594,11.6772946859903,260,6189.33
"{LUNCH BAG RED RETROSPOT,LUNCH BAG VINTAGE DOILY} => {JUMBO BAG RED RETROSPOT}","JUMBO BAG RED RETROSPOT",0.0104,0.411,3.63,272,2.49391702846117,22.1968162083936,112,6188.47
"{SUKI  SHOULDER BAG} => {WHITE HANGING HEART T-LIGHT HOLDER}","WHITE HANGING HEART T-LIGHT HOLDER",0.01056,0.364,2.96,337,3.2313000890472,15.6037399821906,123,6184.97
"{GREEN REGENCY TEACUP AND SAUCER} => {ROSES REGENCY TEACUP AND SAUCER}","ROSES REGENCY TEACUP AND SAUCER",0.04197,0.757,13.03,246,3.66992467043314,9.04331450094162,186,6180.39
"{LUNCH BAG SUKI DESIGN} => {LUNCH BAG WOODLAND}","LUNCH BAG WOODLAND",0.02457,0.35,6.31,834,2.18364891518738,9.68145956607495,292,6171.03
"{JUMBO BAG 50'S CHRISTMAS} => {JUMBO BAG VINTAGE DOILY}","JUMBO BAG VINTAGE DOILY",0.01417,0.363,5.4,454,2.2780162601626,16.3845528455285,165,6151.12
"{PACK OF 72 RETROSPOT CAKE CASES} => {PACK OF 60 PINK PAISLEY CAKE CASES}","PACK OF 60 PINK PAISLEY CAKE CASES",0.02353,0.326,6.85,890,0.747307249712313,28.3544303797468,290,6147.91
"{JUMBO STORAGE BAG SKULLS} => {JUMBO BAG APPLES}","JUMBO BAG APPLES",0.0133,0.346,6.48,459,2.57344262295082,15.0389344262295,159,6146.39
"{JUMBO BAG STRAWBERRY} => {JUMBO STORAGE BAG SUKI}","JUMBO STORAGE BAG SUKI",0.01713,0.381,5.88,509,2.7507347972973,11.4966216216216,194,6132.84
"{JUMBO BAG WOODLAND ANIMALS} => {JUMBO SHOPPER VINTAGE RED PAISLEY}","JUMBO SHOPPER VINTAGE RED PAISLEY",0.02134,0.452,7.04,472,2.68828790459966,10.6746166950596,213,6122.21
"{ALARM CLOCK BAKELIKE PINK} => {ALARM CLOCK BAKELIKE RED}","ALARM CLOCK BAKELIKE RED",0.02572,0.6,10.45,313,4.40365714285714,7.39809523809524,188,6118.28
"{JUMBO BAG APPLES,JUMBO BAG RED RETROSPOT} => {JUMBO BAG PINK POLKADOT}","JUMBO BAG PINK POLKADOT",0.01582,0.529,7.95,257,2.60603618421053,17.2672697368421,136,6117.77
"{LUNCH BAG  BLACK SKULL.} => {LUNCH BAG WOODLAND}","LUNCH BAG WOODLAND",0.0243,0.349,6.3,827,2.18364891518738,9.68145956607495,289,6101.75
"{JUMBO BAG RED RETROSPOT,JUMBO SHOPPER VINTAGE RED PAISLEY} => {JUMBO BAG APPLES}","JUMBO BAG APPLES",0.01346,0.362,6.77,434,2.57344262295082,15.0389344262295,157,6080.37
"{LUNCH BAG  BLACK SKULL.} => {LUNCH BAG PINK POLKADOT}","LUNCH BAG PINK POLKADOT",0.02977,0.428,7.18,727,2.03613406795225,9.59504132231405,311,6078.99
"{PICNIC BASKET WICKER SMALL} => {JUMBO BAG RED RETROSPOT}","JUMBO BAG RED RETROSPOT",0.01001,0.402,3.55,272,2.49391702846117,22.1968162083936,109,6052.96
"{CHARLOTTE BAG SUKI DESIGN} => {JUMBO STORAGE BAG SUKI}","JUMBO STORAGE BAG SUKI",0.01538,0.32,4.93,598,2.7507347972973,11.4966216216216,191,6051.6
"{JUMBO BAG RED RETROSPOT,JUMBO STORAGE BAG SUKI} => {JUMBO BAG SCANDINAVIAN BLUE PAISLEY}","JUMBO BAG SCANDINAVIAN BLUE PAISLEY",0.01549,0.391,8.87,441,2.70037267080745,12.9826086956522,172,6045.07
"{LUNCH BAG SPACEBOY DESIGN} => {LUNCH BAG SUKI DESIGN}","LUNCH BAG SUKI DESIGN",0.02917,0.461,6.56,624,2.16708495713172,9.69134840218238,288,6041.51
"{HEART OF WICKER LARGE,HEART OF WICKER SMALL} => {WHITE HANGING HEART T-LIGHT HOLDER}","WHITE HANGING HEART T-LIGHT HOLDER",0.01122,0.416,3.38,288,3.2313000890472,15.6037399821906,120,6040.76
"{JUMBO BAG SPACEBOY DESIGN} => {JUMBO BAG APPLES}","JUMBO BAG APPLES",0.01313,0.35,6.56,445,2.57344262295082,15.0389344262295,156,6027.81
"{JUMBO BAG RED RETROSPOT,JUMBO BAG STRAWBERRY} => {JUMBO BAG PINK POLKADOT}","JUMBO BAG PINK POLKADOT",0.01527,0.521,7.82,257,2.60603618421053,17.2672697368421,134,6025.25
"{COOK WITH WINE METAL SIGN} => {PLEASE ONE PERSON METAL SIGN}","PLEASE ONE PERSON METAL SIGN",0.01647,0.418,9.15,419,2.43326946107784,14.1341317365269,175,6023.51
"{JUMBO BAG SCANDINAVIAN BLUE PAISLEY} => {JUMBO BAG WOODLAND ANIMALS}","JUMBO BAG WOODLAND ANIMALS",0.0151,0.343,7.27,529,2.93349187935035,11.3120649651972,181,6021.11
"{LUNCH BAG CARS BLUE} => {LUNCH BAG SUKI DESIGN}","LUNCH BAG SUKI DESIGN",0.0295,0.469,6.68,610,2.16708495713172,9.69134840218238,286,6008.46
"{RETROSPOT HEART HOT WATER BOTTLE} => {CHOCOLATE HOT WATER BOTTLE}","CHOCOLATE HOT WATER BOTTLE",0.01335,0.392,8.4,379,6.02895539906103,6.67605633802817,149,5979.81
"{JUMBO  BAG BAROQUE BLACK WHITE,JUMBO BAG RED RETROSPOT} => {JUMBO BAG OWLS}","JUMBO BAG OWLS",0.01056,0.33,9.27,392,2.79323076923077,16.5184615384615,129,5968.65
"{JUMBO BAG RED RETROSPOT,JUMBO STORAGE BAG SUKI} => {JUMBO BAG WOODLAND ANIMALS}","JUMBO BAG WOODLAND ANIMALS",0.0179,0.452,9.57,397,2.93349187935035,11.3120649651972,179,5954.64
"{SINGLE HEART ZINC T-LIGHT HOLDER} => {WHITE HANGING HEART T-LIGHT HOLDER}","WHITE HANGING HEART T-LIGHT HOLDER",0.01023,0.37,3.01,319,3.2313000890472,15.6037399821906,118,5951.12
"{WOODEN FRAME ANTIQUE WHITE} => {WOODEN PICTURE FRAME WHITE FINISH}","WOODEN PICTURE FRAME WHITE FINISH",0.0295,0.556,9.26,430,3.10584699453552,8.01092896174863,239,5948.48
"{LUNCH BAG CARS BLUE} => {LUNCH BAG APPLE DESIGN}","LUNCH BAG APPLE DESIGN",0.02008,0.319,5.64,782,2.04046376811594,11.6772946859903,249,5943.86
"{LUNCH BAG SPACEBOY DESIGN} => {LUNCH BAG CARS BLUE}","LUNCH BAG CARS BLUE",0.02643,0.417,6.64,674,2.06529155787641,10.2254134029591,281,5935.51
"{LUNCH BAG SPACEBOY DESIGN} => {LUNCH BAG WOODLAND}","LUNCH BAG WOODLAND",0.02621,0.414,7.46,678,2.18364891518738,9.68145956607495,281,5934.08
"{JUMBO BAG DOLLY GIRL DESIGN} => {JUMBO BAG RED RETROSPOT}","JUMBO BAG RED RETROSPOT",0.01505,0.611,5.39,175,2.49391702846117,22.1968162083936,107,5919.05
"{JUMBO BAG RED RETROSPOT,JUMBO SHOPPER VINTAGE RED PAISLEY} => {JUMBO BAG SCANDINAVIAN BLUE PAISLEY}","JUMBO BAG SCANDINAVIAN BLUE PAISLEY",0.01713,0.46,10.45,367,2.70037267080745,12.9826086956522,169,5918.47
"{VINTAGE PAISLEY STATIONERY SET} => {JUMBO BAG RED RETROSPOT}","JUMBO BAG RED RETROSPOT",0.01018,0.427,3.76,250,2.49391702846117,22.1968162083936,107,5909.36
"{JUMBO BAG RED RETROSPOT,JUMBO BAG SCANDINAVIAN BLUE PAISLEY} => {JUMBO BAG PINK POLKADOT}","JUMBO BAG PINK POLKADOT",0.01746,0.59,8.86,222,2.60603618421053,17.2672697368421,131,5893.99
"{JUMBO BAG ALPHABET} => {JUMBO BAG VINTAGE LEAF}","JUMBO BAG VINTAGE LEAF",0.01735,0.351,7.29,587,2.29795221843003,12.4334470989761,206,5886.78
"{JUMBO BAG VINTAGE LEAF} => {JUMBO STORAGE BAG SUKI}","JUMBO STORAGE BAG SUKI",0.01461,0.304,4.69,612,2.7507347972973,11.4966216216216,186,5883.61
"{LUNCH BAG ALPHABET DESIGN} => {JUMBO BAG ALPHABET}","JUMBO BAG ALPHABET",0.01412,0.349,7.06,481,2.39287610619469,14.6272123893805,168,5875.6
"{JUMBO BAG PINK POLKADOT,JUMBO BAG RED RETROSPOT} => {JUMBO SHOPPER VINTAGE RED PAISLEY}","JUMBO SHOPPER VINTAGE RED PAISLEY",0.02069,0.458,7.13,447,2.68828790459966,10.6746166950596,205,5874.91
"{TOILET SIGN OCCUPIED OR VACANT} => {JUMBO BAG RED RETROSPOT}","JUMBO BAG RED RETROSPOT",0.01007,0.425,3.75,249,2.49391702846117,22.1968162083936,106,5858.16
"{JUMBO BAG OWLS} => {JUMBO  BAG BAROQUE BLACK WHITE}","JUMBO  BAG BAROQUE BLACK WHITE",0.01406,0.395,7.79,393,2.61653721682848,14.4174757281553,155,5856.06
"{JUMBO BAG PEARS} => {JUMBO BAG PINK POLKADOT}","JUMBO BAG PINK POLKADOT",0.01051,0.323,4.86,402,2.60603618421053,17.2672697368421,130,5842.96
"{ROUND SNACK BOXES SET OF 4 FRUITS} => {ROUND SNACK BOXES SET OF4 WOODLAND}","ROUND SNACK BOXES SET OF4 WOODLAND",0.01686,0.531,13.26,272,3.46948087431694,11.6571038251366,144,5841.42
"{SET OF 3 REGENCY CAKE TINS} => {SET OF 3 CAKE TINS PANTRY DESIGN}","SET OF 3 CAKE TINS PANTRY DESIGN",0.01489,0.313,4.16,597,5.84500726744186,5.34811046511628,187,5841.23
"{JUMBO BAG TOYS} => {JUMBO BAG PINK POLKADOT}","JUMBO BAG PINK POLKADOT",0.01543,0.54,8.12,240,2.60603618421053,17.2672697368421,130,5831.89
"{JUMBO BAG PINK POLKADOT,JUMBO BAG RED RETROSPOT} => {JUMBO BAG SPACEBOY DESIGN}","JUMBO BAG SPACEBOY DESIGN",0.01445,0.32,8.54,561,2.66170802919708,12.192700729927,180,5826.04
"{ROSES REGENCY TEACUP AND SAUCER} => {GREEN REGENCY TEACUP AND SAUCER}","GREEN REGENCY TEACUP AND SAUCER",0.04197,0.722,13.03,295,3.84362290227048,7.106614017769,213,5817.85
"{LUNCH BAG SUKI DESIGN} => {LUNCH BAG PINK POLKADOT}","LUNCH BAG PINK POLKADOT",0.02561,0.365,6.12,815,2.03613406795225,9.59504132231405,297,5811.71
"{JUMBO BAG RED RETROSPOT,JUMBO BAG WOODLAND ANIMALS} => {JUMBO BAG OWLS}","JUMBO BAG OWLS",0.01111,0.379,10.67,332,2.79323076923077,16.5184615384615,126,5805.69
"{LUNCH BAG PINK POLKADOT,LUNCH BAG RED RETROSPOT} => {JUMBO BAG PINK POLKADOT}","JUMBO BAG PINK POLKADOT",0.01018,0.307,4.61,420,2.60603618421053,17.2672697368421,129,5802.19
"{FLORAL FOLK STATIONERY SET} => {JUMBO BAG RED RETROSPOT}","JUMBO BAG RED RETROSPOT",0.01018,0.438,3.86,239,2.49391702846117,22.1968162083936,105,5794.88
"{LUNCH BAG CARS BLUE} => {LUNCH BAG WOODLAND}","LUNCH BAG WOODLAND",0.02452,0.39,7.03,701,2.18364891518738,9.68145956607495,273,5779.71
"{JUMBO BAG SCANDINAVIAN BLUE PAISLEY} => {JUMBO SHOPPER VINTAGE RED PAISLEY}","JUMBO SHOPPER VINTAGE RED PAISLEY",0.022,0.499,7.77,403,2.68828790459966,10.6746166950596,201,5770.77
"{JUMBO BAG SPACEBOY DESIGN} => {JUMBO  BAG BAROQUE BLACK WHITE}","JUMBO  BAG BAROQUE BLACK WHITE",0.01259,0.336,6.62,455,2.61653721682848,14.4174757281553,153,5767.22
"{RECYCLING BAG RETROSPOT} => {JUMBO BAG WOODLAND ANIMALS}","JUMBO BAG WOODLAND ANIMALS",0.01499,0.367,7.78,473,2.93349187935035,11.3120649651972,174,5760.42
"{JUMBO BAG WOODLAND ANIMALS} => {JUMBO BAG TOYS}","JUMBO BAG TOYS",0.01582,0.335,11.74,573,3.13097701149425,9.58429118773946,192,5760.22
"{JUMBO BAG RED RETROSPOT,JUMBO STORAGE BAG SUKI} => {JUMBO BAG PINK VINTAGE PAISLEY}","JUMBO BAG PINK VINTAGE PAISLEY",0.01472,0.372,7.85,455,2.67275144508671,12.7028901734104,169,5746.66
"{LUNCH BOX I LOVE LONDON} => {SPACEBOY LUNCH BOX}","SPACEBOY LUNCH BOX",0.01456,0.379,7.69,436,2.19468888888889,15.8111111111111,165,5734.04
"{LUNCH BAG SPACEBOY DESIGN} => {LUNCH BAG  BLACK SKULL.}","LUNCH BAG  BLACK SKULL.",0.02802,0.443,6.36,645,2.10808025177026,9.51376868607396,286,5730.64
"{LUNCH BAG PINK POLKADOT} => {LUNCH BAG CARS BLUE}","LUNCH BAG CARS BLUE",0.02747,0.461,7.33,587,2.06529155787641,10.2254134029591,271,5714.8
"{JUMBO BAG PINK VINTAGE PAISLEY,JUMBO BAG RED RETROSPOT} => {JUMBO BAG PINK POLKADOT}","JUMBO BAG PINK POLKADOT",0.01614,0.569,8.56,223,2.60603618421053,17.2672697368421,127,5709.8
"{LUNCH BAG CARS BLUE} => {LUNCH BAG  BLACK SKULL.}","LUNCH BAG  BLACK SKULL.",0.02857,0.454,6.53,627,2.10808025177026,9.51376868607396,285,5709.04
"{JUMBO SHOPPER VINTAGE RED PAISLEY,JUMBO STORAGE BAG SUKI} => {JUMBO BAG PINK POLKADOT}","JUMBO BAG PINK POLKADOT",0.01691,0.59,8.86,215,2.60603618421053,17.2672697368421,127,5708.14
"{STRAWBERRY SHOPPER BAG} => {JUMBO BAG RED RETROSPOT}","JUMBO BAG RED RETROSPOT",0.01062,0.471,4.15,218,2.49391702846117,22.1968162083936,103,5683.95
"{JUMBO BAG VINTAGE LEAF} => {JUMBO BAG PEARS}","JUMBO BAG PEARS",0.01718,0.357,10.99,565,2.43333333333333,11.5488215488215,202,5668.34
"{JUMBO BAG RED RETROSPOT,JUMBO SHOPPER VINTAGE RED PAISLEY} => {JUMBO BAG PINK VINTAGE PAISLEY}","JUMBO BAG PINK VINTAGE PAISLEY",0.01593,0.428,9.04,389,2.67275144508671,12.7028901734104,166,5652.68
"{RECYCLING BAG RETROSPOT} => {JUMBO STORAGE BAG SUKI}","JUMBO STORAGE BAG SUKI",0.0162,0.396,6.12,451,2.7507347972973,11.4966216216216,179,5647.95
"{LUNCH BAG PINK POLKADOT} => {LUNCH BAG APPLE DESIGN}","LUNCH BAG APPLE DESIGN",0.0191,0.32,5.66,740,2.04046376811594,11.6772946859903,237,5642.26
"{SKULL SHOULDER BAG} => {JUMBO BAG RED RETROSPOT}","JUMBO BAG RED RETROSPOT",0.0104,0.463,4.08,220,2.49391702846117,22.1968162083936,102,5638.67
"{HAND OVER THE CHOCOLATE   SIGN} => {COOK WITH WINE METAL SIGN}","COOK WITH WINE METAL SIGN",0.01614,0.438,11.12,378,2.39272222222222,14.1958333333333,166,5623.66
"{HOT WATER BOTTLE TEA AND SYMPATHY} => {HOT WATER BOTTLE KEEP CALM}","HOT WATER BOTTLE KEEP CALM",0.01439,0.41,9.64,378,5.26492287917738,6.87917737789203,155,5613.12
"{LUNCH BAG PINK POLKADOT} => {LUNCH BAG SUKI DESIGN}","LUNCH BAG SUKI DESIGN",0.02561,0.43,6.12,621,2.16708495713172,9.69134840218238,267,5608.16
"{LUNCH BAG WOODLAND} => {LUNCH BAG APPLE DESIGN}","LUNCH BAG APPLE DESIGN",0.02019,0.364,6.42,645,2.04046376811594,11.6772946859903,235,5594.13
"{JUMBO BAG RED RETROSPOT,JUMBO BAG SCANDINAVIAN BLUE PAISLEY} => {JUMBO BAG OWLS}","JUMBO BAG OWLS",0.01001,0.338,9.51,358,2.79323076923077,16.5184615384615,121,5583.11
"{JUMBO BAG APPLES,JUMBO BAG VINTAGE DOILY} => {JUMBO BAG RED RETROSPOT}","JUMBO BAG RED RETROSPOT",0.01445,0.618,5.45,163,2.49391702846117,22.1968162083936,101,5576.33
"{JUMBO STORAGE BAG SKULLS} => {JUMBO BAG WOODLAND ANIMALS}","JUMBO BAG WOODLAND ANIMALS",0.01527,0.397,8.42,423,2.93349187935035,11.3120649651972,168,5572.6
"{BAKING SET 9 PIECE RETROSPOT} => {BAKING SET SPACEBOY DESIGN}","BAKING SET SPACEBOY DESIGN",0.01828,0.359,14.17,596,5.47323974082073,4.75593952483801,214,5569.57
"{LUNCH BAG SUKI DESIGN} => {LUNCH BAG SPACEBOY DESIGN}","LUNCH BAG SPACEBOY DESIGN",0.02917,0.415,6.56,750,2.00968885047537,8.90060501296456,311,5567.47
"{JUMBO BAG RED RETROSPOT,JUMBO BAG WOODLAND ANIMALS} => {JUMBO BAG PINK POLKADOT}","JUMBO BAG PINK POLKADOT",0.01866,0.637,9.58,194,2.60603618421053,17.2672697368421,124,5560.9
"{ALARM CLOCK BAKELIKE PINK} => {ALARM CLOCK BAKELIKE GREEN}","ALARM CLOCK BAKELIKE GREEN",0.02288,0.534,10.01,365,4.54470769230769,6.27384615384615,195,5557.43
"{JUMBO BAG SPACEBOY DESIGN} => {JUMBO BAG WOODLAND ANIMALS}","JUMBO BAG WOODLAND ANIMALS",0.01598,0.426,9.04,393,2.93349187935035,11.3120649651972,167,5555.57
"{JUMBO BAG RED RETROSPOT,JUMBO SHOPPER VINTAGE RED PAISLEY} => {JUMBO BAG WOODLAND ANIMALS}","JUMBO BAG WOODLAND ANIMALS",0.01625,0.437,9.26,383,2.93349187935035,11.3120649651972,167,5554.01
"{JUMBO BAG RED RETROSPOT,JUMBO BAG VINTAGE DOILY} => {JUMBO BAG APPLES}","JUMBO BAG APPLES",0.01445,0.458,8.57,313,2.57344262295082,15.0389344262295,143,5548.06
"{JUMBO STORAGE BAG SKULLS} => {JUMBO STORAGE BAG SUKI}","JUMBO STORAGE BAG SUKI",0.02008,0.523,8.07,335,2.7507347972973,11.4966216216216,175,5540.71
"{LUNCH BAG VINTAGE LEAF DESIGN} => {JUMBO BAG VINTAGE DOILY}","JUMBO BAG VINTAGE DOILY",0.0122,0.335,4.97,443,2.2780162601626,16.3845528455285,148,5539.11
"{JUMBO BAG APPLES,JUMBO BAG PEARS} => {JUMBO BAG RED RETROSPOT}","JUMBO BAG RED RETROSPOT",0.01248,0.562,4.95,178,2.49391702846117,22.1968162083936,100,5537.69
"{BOX OF 6 MINI 50'S CRACKERS} => {PAPER CHAIN KIT 50'S CHRISTMAS}","PAPER CHAIN KIT 50'S CHRISTMAS",0.01067,0.485,7.69,207,3.37515177797051,16.3399826539462,100,5536.78
"{CHARLOTTE BAG SUKI DESIGN} => {LUNCH BAG RED RETROSPOT}","LUNCH BAG RED RETROSPOT",0.01888,0.392,4.59,534,2.13269181585678,12.3925831202046,209,5532.45
"{LUNCH BAG CARS BLUE} => {LUNCH BAG PINK POLKADOT}","LUNCH BAG PINK POLKADOT",0.02747,0.437,7.33,647,2.03613406795225,9.59504132231405,283,5523.81
"{JUMBO BAG OWLS} => {JUMBO BAG APPLES}","JUMBO BAG APPLES",0.01155,0.325,6.08,439,2.57344262295082,15.0389344262295,143,5521.78
"{JUMBO SHOPPER VINTAGE RED PAISLEY,JUMBO STORAGE BAG SUKI} => {JUMBO BAG RED RETROSPOT}","JUMBO BAG RED RETROSPOT",0.02134,0.744,6.56,134,2.49391702846117,22.1968162083936,100,5518.87
"{LUNCH BAG APPLE DESIGN} => {LUNCH BAG VINTAGE DOILY}","LUNCH BAG VINTAGE DOILY",0.02413,0.426,7.1,594,1.82762773722628,11.9306569343066,253,5517.57
"{LUNCH BAG  BLACK SKULL.} => {LUNCH BAG SPACEBOY DESIGN}","LUNCH BAG SPACEBOY DESIGN",0.02802,0.403,6.36,759,2.00968885047537,8.90060501296456,306,5471.36
"{JUMBO BAG WOODLAND ANIMALS} => {RECYCLING BAG RETROSPOT}","RECYCLING BAG RETROSPOT",0.01499,0.318,7.78,588,3.19374832663989,9.15930388219545,187,5469.75
"{LUNCH BAG VINTAGE LEAF DESIGN} => {JUMBO BAG APPLES}","JUMBO BAG APPLES",0.01111,0.305,5.71,463,2.57344262295082,15.0389344262295,141,5465.28
"{LUNCH BAG PINK POLKADOT} => {LUNCH BAG  BLACK SKULL.}","LUNCH BAG  BLACK SKULL.",0.02977,0.5,7.18,545,2.10808025177026,9.51376868607396,272,5465.2
"{JUMBO STORAGE BAG SKULLS} => {JUMBO BAG PINK VINTAGE PAISLEY}","JUMBO BAG PINK VINTAGE PAISLEY",0.01363,0.355,7.49,453,2.67275144508671,12.7028901734104,161,5459.94
"{CHARLOTTE BAG APPLES DESIGN} => {JUMBO BAG APPLES}","JUMBO BAG APPLES",0.01297,0.407,7.61,346,2.57344262295082,15.0389344262295,141,5450.07
"{JUMBO BAG APPLES} => {LUNCH BAG APPLE DESIGN}","LUNCH BAG APPLE DESIGN",0.01997,0.374,6.6,611,2.04046376811594,11.6772946859903,229,5444.83
"{LUNCH BAG RED RETROSPOT,RED RETROSPOT CHARLOTTE BAG} => {JUMBO BAG RED RETROSPOT}","JUMBO BAG RED RETROSPOT",0.01029,0.477,4.21,206,2.49391702846117,22.1968162083936,98,5439.49
"{HAND OVER THE CHOCOLATE   SIGN} => {PLEASE ONE PERSON METAL SIGN}","PLEASE ONE PERSON METAL SIGN",0.0139,0.377,8.26,419,2.43326946107784,14.1341317365269,158,5432.69
"{JUMBO BAG SPACEBOY DESIGN} => {JUMBO STORAGE BAG SUKI}","JUMBO STORAGE BAG SUKI",0.01888,0.504,7.77,340,2.7507347972973,11.4966216216216,171,5419.12
"{SUKI  SHOULDER BAG} => {JUMBO BAG PINK POLKADOT}","JUMBO BAG PINK POLKADOT",0.01012,0.349,5.25,345,2.60603618421053,17.2672697368421,120,5418.12
"{SCOTTIE DOG HOT WATER BOTTLE} => {RETROSPOT HEART HOT WATER BOTTLE}","RETROSPOT HEART HOT WATER BOTTLE",0.01456,0.345,10.13,504,5.55261637239165,5.59711075441413,174,5403.95
"{ALARM CLOCK BAKELIKE RED} => {ALARM CLOCK BAKELIKE IVORY}","ALARM CLOCK BAKELIKE IVORY",0.02041,0.355,11.43,677,4.42278169014085,5.06514084507042,240,5383.99
"{ROUND SNACK BOXES SET OF4 WOODLAND} => {ROUND SNACK BOXES SET OF 4 FRUITS}","ROUND SNACK BOXES SET OF 4 FRUITS",0.01686,0.421,13.26,424,3.27279310344828,9.20344827586207,179,5376.72
"{JUMBO BAG RED RETROSPOT,JUMBO STORAGE BAG SUKI} => {JUMBO BAG SPACEBOY DESIGN}","JUMBO BAG SPACEBOY DESIGN",0.01401,0.354,9.43,468,2.66170802919708,12.192700729927,166,5376.62
"{JUMBO STORAGE BAG SKULLS} => {JUMBO BAG SCANDINAVIAN BLUE PAISLEY}","JUMBO BAG SCANDINAVIAN BLUE PAISLEY",0.01231,0.321,7.28,477,2.70037267080745,12.9826086956522,153,5367.96
"{LUNCH BAG APPLE DESIGN} => {LUNCH BAG SUKI DESIGN}","LUNCH BAG SUKI DESIGN",0.02457,0.434,6.18,586,2.16708495713172,9.69134840218238,254,5341.31
"{SET OF 60 PANTRY DESIGN CAKE CASES} => {SET OF 3 REGENCY CAKE TINS}","SET OF 3 REGENCY CAKE TINS",0.01116,0.325,6.83,424,5.89278481012658,6.5765247410817,138,5340.31
"{LUNCH BAG PINK POLKADOT} => {LUNCH BAG WOODLAND}","LUNCH BAG WOODLAND",0.02167,0.364,6.55,693,2.18364891518738,9.68145956607495,252,5332.84
"{JUMBO BAG RED RETROSPOT,JUMBO SHOPPER VINTAGE RED PAISLEY} => {JUMBO BAG VINTAGE DOILY}","JUMBO BAG VINTAGE DOILY",0.01116,0.3,4.46,476,2.2780162601626,16.3845528455285,143,5329.91
"{JUMBO BAG SPACEBOY DESIGN} => {JUMBO BAG SCANDINAVIAN BLUE PAISLEY}","JUMBO BAG SCANDINAVIAN BLUE PAISLEY",0.01237,0.33,7.49,459,2.70037267080745,12.9826086956522,151,5310.22
"{HOMEMADE JAM SCENTED CANDLES} => {JAM MAKING SET WITH JARS}","JAM MAKING SET WITH JARS",0.01073,0.305,4.94,446,5.07986725663717,7.67787610619469,136,5305.52
"{CHILDRENS CUTLERY RETROSPOT RED} => {CHILDRENS CUTLERY POLKADOT BLUE}","CHILDRENS CUTLERY POLKADOT BLUE",0.01275,0.533,24.85,204,4.89961734693878,9.95663265306122,109,5304.35
"{JUMBO BAG OWLS} => {JUMBO BAG WOODLAND ANIMALS}","JUMBO BAG WOODLAND ANIMALS",0.01543,0.434,9.2,368,2.93349187935035,11.3120649651972,160,5299.86
"{JUMBO STORAGE BAG SUKI} => {LUNCH BAG SUKI DESIGN}","LUNCH BAG SUKI DESIGN",0.01992,0.307,4.38,820,2.16708495713172,9.69134840218238,252,5287.04
"{EDWARDIAN PARASOL BLACK} => {EDWARDIAN PARASOL NATURAL}","EDWARDIAN PARASOL NATURAL",0.01078,0.517,17.73,184,7.82971857410882,7.09568480300188,95,5285.05
"{LUNCH BAG WOODLAND} => {LUNCH BAG CARS BLUE}","LUNCH BAG CARS BLUE",0.02452,0.442,7.03,566,2.06529155787641,10.2254134029591,250,5283.25
"{LUNCH BAG SPACEBOY DESIGN} => {LUNCH BAG PINK POLKADOT}","LUNCH BAG PINK POLKADOT",0.02342,0.37,6.21,729,2.03613406795225,9.59504132231405,270,5269.66
"{JUMBO BAG RED RETROSPOT,JUMBO SHOPPER VINTAGE RED PAISLEY} => {JUMBO STORAGE BAG SUKI}","JUMBO STORAGE BAG SUKI",0.02134,0.574,8.85,290,2.7507347972973,11.4966216216216,166,5264.16
"{HOT WATER BOTTLE I AM SO POORLY} => {HOT WATER BOTTLE KEEP CALM}","HOT WATER BOTTLE KEEP CALM",0.01188,0.33,7.76,440,5.26492287917738,6.87917737789203,145,5258.9
"{LUNCH BOX I LOVE LONDON} => {DOLLY GIRL LUNCH BOX}","DOLLY GIRL LUNCH BOX",0.01401,0.365,7.84,446,2.33511764705882,13.8305882352941,163,5257.47
"{LUNCH BAG WOODLAND} => {LUNCH BAG SUKI DESIGN}","LUNCH BAG SUKI DESIGN",0.02457,0.443,6.31,565,2.16708495713172,9.69134840218238,250,5256.69
"{TOY TIDY PINK POLKADOT} => {JUMBO BAG PINK POLKADOT}","JUMBO BAG PINK POLKADOT",0.01188,0.463,6.95,252,2.60603618421053,17.2672697368421,117,5250.32
"{NO SINGING METAL SIGN} => {GIN + TONIC DIET METAL SIGN}","GIN + TONIC DIET METAL SIGN",0.01078,0.362,8.19,347,2.7705198019802,15.0606435643564,126,5241.35
"{RETROSPOT HEART HOT WATER BOTTLE} => {SCOTTIE DOG HOT WATER BOTTLE}","SCOTTIE DOG HOT WATER BOTTLE",0.01456,0.427,10.13,357,5.74779220779221,5.96233766233766,152,5224.13
"{JUMBO BAG PEARS} => {JUMBO BAG VINTAGE DOILY}","JUMBO BAG VINTAGE DOILY",0.02025,0.623,9.25,224,2.2780162601626,16.3845528455285,140,5208.68
"{REGENCY MILK JUG PINK} => {REGENCY TEAPOT ROSES}","REGENCY TEAPOT ROSES",0.01237,0.687,30.25,103,11.1413253012048,6.59036144578313,71,5195.65
"{JUMBO BAG OWLS} => {JUMBO BAG SCANDINAVIAN BLUE PAISLEY}","JUMBO BAG SCANDINAVIAN BLUE PAISLEY",0.01248,0.351,7.96,422,2.70037267080745,12.9826086956522,148,5192.84
"{JUMBO BAG ALPHABET,JUMBO BAG APPLES} => {JUMBO BAG RED RETROSPOT}","JUMBO BAG RED RETROSPOT",0.01286,0.601,5.3,156,2.49391702846117,22.1968162083936,94,5190.05
"{JUMBO BAG 50'S CHRISTMAS} => {JUMBO BAG VINTAGE CHRISTMAS}","JUMBO BAG VINTAGE CHRISTMAS",0.01762,0.452,17.41,391,2.41848101265823,12.1413502109705,177,5189.49
"{JUMBO  BAG BAROQUE BLACK WHITE,JUMBO BAG RED RETROSPOT} => {JUMBO BAG APPLES}","JUMBO BAG APPLES",0.01133,0.354,6.62,378,2.57344262295082,15.0389344262295,134,5178.77
"{JUMBO BAG RED RETROSPOT,LUNCH BAG RED RETROSPOT} => {JUMBO BAG VINTAGE DOILY}","JUMBO BAG VINTAGE DOILY",0.01259,0.397,5.9,349,2.2780162601626,16.3845528455285,139,5171.39
"{JUMBO BAG RED RETROSPOT,JUMBO STORAGE BAG SUKI} => {JUMBO SHOPPER VINTAGE RED PAISLEY}","JUMBO SHOPPER VINTAGE RED PAISLEY",0.02134,0.539,8.38,334,2.68828790459966,10.6746166950596,180,5166.11
"{JUMBO BAG OWLS} => {JUMBO STORAGE BAG SUKI}","JUMBO STORAGE BAG SUKI",0.01746,0.491,7.57,331,2.7507347972973,11.4966216216216,163,5139.59
"{WOODLAND CHARLOTTE BAG} => {LUNCH BAG RED RETROSPOT}","LUNCH BAG RED RETROSPOT",0.01691,0.371,4.34,523,2.13269181585678,12.3925831202046,194,5128.21
"{LUNCH BAG PINK POLKADOT} => {LUNCH BAG VINTAGE DOILY}","LUNCH BAG VINTAGE DOILY",0.01877,0.315,5.25,746,1.82762773722628,11.9306569343066,235,5123.91
"{LUNCH BAG VINTAGE DOILY} => {LUNCH BAG SUKI DESIGN}","LUNCH BAG SUKI DESIGN",0.02003,0.334,4.76,730,2.16708495713172,9.69134840218238,244,5120.7
"{GIN + TONIC DIET METAL SIGN} => {HAND OVER THE CHOCOLATE   SIGN}","HAND OVER THE CHOCOLATE   SIGN",0.01603,0.363,9.85,515,2.36270430906389,11.55720653789,187,5104.77
"{HOT WATER BOTTLE I AM SO POORLY} => {SCOTTIE DOG HOT WATER BOTTLE}","SCOTTIE DOG HOT WATER BOTTLE",0.01242,0.346,8.2,430,5.74779220779221,5.96233766233766,149,5098.73
"{JUMBO BAG APPLES,JUMBO BAG RED RETROSPOT} => {JUMBO BAG VINTAGE DOILY}","JUMBO BAG VINTAGE DOILY",0.01445,0.484,7.18,282,2.2780162601626,16.3845528455285,136,5094.32
"{WOODLAND CHARLOTTE BAG} => {CHARLOTTE BAG SUKI DESIGN}","CHARLOTTE BAG SUKI DESIGN",0.02495,0.548,11.39,376,1.20502844141069,20.4732650739477,206,5083.38
"{JUMBO BAG RED RETROSPOT,JUMBO BAG SCANDINAVIAN BLUE PAISLEY} => {JUMBO  BAG BAROQUE BLACK WHITE}","JUMBO  BAG BAROQUE BLACK WHITE",0.01379,0.466,9.18,289,2.61653721682848,14.4174757281553,135,5080.42
"{JUMBO BAG RED RETROSPOT,JUMBO BAG WOODLAND ANIMALS} => {JUMBO BAG APPLES}","JUMBO BAG APPLES",0.01259,0.43,8.05,305,2.57344262295082,15.0389344262295,131,5075.75
"{JUMBO BAG DOLLY GIRL DESIGN} => {JUMBO BAG PINK POLKADOT}","JUMBO BAG PINK POLKADOT",0.01182,0.48,7.21,234,2.60603618421053,17.2672697368421,112,5054.3
"{JUMBO BAG ALPHABET,JUMBO BAG VINTAGE DOILY} => {JUMBO BAG RED RETROSPOT}","JUMBO BAG RED RETROSPOT",0.01138,0.562,4.96,162,2.49391702846117,22.1968162083936,91,5039.92
"{JUMBO  BAG BAROQUE BLACK WHITE,JUMBO BAG RED RETROSPOT} => {JUMBO BAG SCANDINAVIAN BLUE PAISLEY}","JUMBO BAG SCANDINAVIAN BLUE PAISLEY",0.01379,0.431,9.78,333,2.70037267080745,12.9826086956522,144,5031.61
"{LUNCH BAG APPLE DESIGN} => {LUNCH BAG WOODLAND}","LUNCH BAG WOODLAND",0.02019,0.357,6.42,666,2.18364891518738,9.68145956607495,238,5026.5
"{JUMBO BAG PEARS,JUMBO BAG VINTAGE DOILY} => {JUMBO BAG RED RETROSPOT}","JUMBO BAG RED RETROSPOT",0.01155,0.57,5.03,159,2.49391702846117,22.1968162083936,91,5017.01
"{LUNCH BAG APPLE DESIGN} => {LUNCH BAG CARS BLUE}","LUNCH BAG CARS BLUE",0.02008,0.355,5.64,668,2.06529155787641,10.2254134029591,237,5008.03
"{LUNCH BAG WOODLAND} => {LUNCH BAG  BLACK SKULL.}","LUNCH BAG  BLACK SKULL.",0.0243,0.438,6.3,570,2.10808025177026,9.51376868607396,250,5007.13
"{LUNCH BAG CARS BLUE} => {LUNCH BAG SPACEBOY DESIGN}","LUNCH BAG SPACEBOY DESIGN",0.02643,0.42,6.64,666,2.00968885047537,8.90060501296456,280,5003.48
"{CHILDRENS CUTLERY RETROSPOT RED} => {CHILDRENS CUTLERY POLKADOT PINK}","CHILDRENS CUTLERY POLKADOT PINK",0.01445,0.604,20.29,173,4.93301470588235,9.6875,104,4993.52
"{ALARM CLOCK BAKELIKE GREEN,ALARM CLOCK BAKELIKE RED} => {ALARM CLOCK BAKELIKE PINK}","ALARM CLOCK BAKELIKE PINK",0.01713,0.489,11.41,327,4.58228607918263,6.81353767560664,160,4992.42
"{RED RETROSPOT CHARLOTTE BAG} => {WOODLAND CHARLOTTE BAG}","WOODLAND CHARLOTTE BAG",0.02764,0.489,10.75,527,1.21432692307692,15.9435096153846,258,4989.29
"{JUMBO BAG VINTAGE DOILY,JUMBO BAG VINTAGE LEAF} => {JUMBO BAG APPLES}","JUMBO BAG APPLES",0.0139,0.492,9.22,262,2.57344262295082,15.0389344262295,129,4988.82
"{LUNCH BAG APPLE DESIGN} => {LUNCH BAG  BLACK SKULL.}","LUNCH BAG  BLACK SKULL.",0.02271,0.401,5.76,620,2.10808025177026,9.51376868607396,249,4986.27
"{SET OF 60 PANTRY DESIGN CAKE CASES} => {JUMBO BAG VINTAGE DOILY}","JUMBO BAG VINTAGE DOILY",0.01056,0.307,4.57,435,2.2780162601626,16.3845528455285,134,4984.47
"{JUMBO BAG PEARS} => {JUMBO BAG APPLES}","JUMBO BAG APPLES",0.02222,0.684,12.8,188,2.57344262295082,15.0389344262295,129,4976.75
"{JUMBO BAG RED RETROSPOT,JUMBO BAG WOODLAND ANIMALS} => {JUMBO  BAG BAROQUE BLACK WHITE}","JUMBO  BAG BAROQUE BLACK WHITE",0.01275,0.436,8.58,302,2.61653721682848,14.4174757281553,132,4967.18
"{JUMBO STORAGE BAG SKULLS} => {JUMBO BAG SPACEBOY DESIGN}","JUMBO BAG SPACEBOY DESIGN",0.01226,0.319,8.51,478,2.66170802919708,12.192700729927,152,4948.56
"{LUNCH BAG VINTAGE DOILY} => {LUNCH BAG  BLACK SKULL.}","LUNCH BAG  BLACK SKULL.",0.02052,0.342,4.92,721,2.10808025177026,9.51376868607396,247,4945.4
"{LUNCH BAG APPLE DESIGN} => {LUNCH BAG ALPHABET DESIGN}","LUNCH BAG ALPHABET DESIGN",0.02041,0.36,8.91,662,1.97169147496617,10.5209742895805,238,4943.74
"{JUMBO STORAGE BAG SKULLS} => {JUMBO SHOPPER VINTAGE RED PAISLEY}","JUMBO SHOPPER VINTAGE RED PAISLEY",0.01647,0.429,6.67,401,2.68828790459966,10.6746166950596,172,4936.62
"{JUMBO BAG PEARS} => {JUMBO BAG ALPHABET}","JUMBO BAG ALPHABET",0.01253,0.386,7.79,365,2.39287610619469,14.6272123893805,141,4931.31
"{JUMBO SHOPPER VINTAGE RED PAISLEY,JUMBO STORAGE BAG SUKI} => {JUMBO  BAG BAROQUE BLACK WHITE}","JUMBO  BAG BAROQUE BLACK WHITE",0.01341,0.468,9.22,279,2.61653721682848,14.4174757281553,131,4925.68
"{ALARM CLOCK BAKELIKE GREEN} => {ALARM CLOCK BAKELIKE IVORY}","ALARM CLOCK BAKELIKE IVORY",0.01828,0.343,11.02,641,4.42278169014085,5.06514084507042,220,4925.37
"{CHILDRENS CUTLERY POLKADOT BLUE} => {CHILDRENS CUTLERY RETROSPOT RED}","CHILDRENS CUTLERY RETROSPOT RED",0.01275,0.594,24.85,159,4.98771167048055,10.4439359267735,94,4919.82
"{JUMBO BAG WOODLAND ANIMALS,JUMBO STORAGE BAG SUKI} => {JUMBO BAG RED RETROSPOT}","JUMBO BAG RED RETROSPOT",0.0179,0.728,6.42,122,2.49391702846117,22.1968162083936,89,4916.59
"{HOT WATER BOTTLE KEEP CALM} => {LOVE HOT WATER BOTTLE}","LOVE HOT WATER BOTTLE",0.01292,0.303,11.67,542,6.21364210526316,4.81473684210526,164,4913.16
"{REGENCY TEA PLATE ROSES} => {REGENCY SUGAR BOWL GREEN}","REGENCY SUGAR BOWL GREEN",0.01012,0.417,23.65,259,4.79913043478261,9.46894409937888,108,4907.95
"{JUMBO BAG RED RETROSPOT,LUNCH BAG RED RETROSPOT} => {JUMBO BAG APPLES}","JUMBO BAG APPLES",0.01023,0.323,6.05,392,2.57344262295082,15.0389344262295,127,4900.27
"{LUNCH BAG SPACEBOY DESIGN} => {LUNCH BAG DOLLY GIRL DESIGN}","LUNCH BAG DOLLY GIRL DESIGN",0.02123,0.335,9,769,1.93801762114537,9.81497797356828,258,4900.25
"{JUMBO BAG SPACEBOY DESIGN} => {JUMBO BAG PINK VINTAGE PAISLEY}","JUMBO BAG PINK VINTAGE PAISLEY",0.01127,0.301,6.35,479,2.67275144508671,12.7028901734104,144,4895.12
"{JUMBO BAG RED RETROSPOT,JUMBO BAG SCANDINAVIAN BLUE PAISLEY} => {JUMBO BAG APPLES}","JUMBO BAG APPLES",0.011,0.372,6.96,340,2.57344262295082,15.0389344262295,126,4895.01
"{JUMBO BAG RED RETROSPOT,WHITE HANGING HEART T-LIGHT HOLDER} => {JUMBO BAG PINK POLKADOT}","JUMBO BAG PINK POLKADOT",0.01007,0.411,6.17,264,2.60603618421053,17.2672697368421,109,4882.59
"{JUMBO BAG PINK VINTAGE PAISLEY,JUMBO SHOPPER VINTAGE RED PAISLEY} => {JUMBO BAG RED RETROSPOT}","JUMBO BAG RED RETROSPOT",0.01593,0.698,6.15,126,2.49391702846117,22.1968162083936,88,4868.54
"{JUMBO BAG APPLES,JUMBO BAG RED RETROSPOT} => {JUMBO  BAG BAROQUE BLACK WHITE}","JUMBO  BAG BAROQUE BLACK WHITE",0.01133,0.379,7.47,339,2.61653721682848,14.4174757281553,128,4846.8
"{CANDLEHOLDER PINK HANGING HEART} => {WHITE HANGING HEART T-LIGHT HOLDER}","WHITE HANGING HEART T-LIGHT HOLDER",0.01855,0.717,5.83,134,3.2313000890472,15.6037399821906,96,4844.29
"{RECYCLING BAG RETROSPOT} => {JUMBO SHOPPER VINTAGE RED PAISLEY}","JUMBO SHOPPER VINTAGE RED PAISLEY",0.01412,0.345,5.38,489,2.68828790459966,10.6746166950596,169,4841.23
"{JUMBO BAG PINK POLKADOT,JUMBO STORAGE BAG SUKI} => {JUMBO BAG APPLES}","JUMBO BAG APPLES",0.0116,0.412,7.71,303,2.57344262295082,15.0389344262295,125,4831.38
"{JUMBO SHOPPER VINTAGE RED PAISLEY,JUMBO STORAGE BAG SUKI} => {JUMBO BAG APPLES}","JUMBO BAG APPLES",0.01122,0.391,7.32,319,2.57344262295082,15.0389344262295,125,4827.24
"{PLEASE ONE PERSON METAL SIGN} => {HAND OVER THE CHOCOLATE   SIGN}","HAND OVER THE CHOCOLATE   SIGN",0.0139,0.304,8.26,581,2.36270430906389,11.55720653789,177,4822.94
"{JUMBO BAG PINK POLKADOT,JUMBO STORAGE BAG SUKI} => {JUMBO  BAG BAROQUE BLACK WHITE}","JUMBO  BAG BAROQUE BLACK WHITE",0.01292,0.458,9.03,279,2.61653721682848,14.4174757281553,128,4820.43
"{JUMBO BAG WOODLAND ANIMALS} => {JUMBO STORAGE BAG SKULLS}","JUMBO STORAGE BAG SKULLS",0.01527,0.324,8.42,583,2.79534188034188,9.10968660968661,189,4810.08
"{STRAWBERRY CHARLOTTE BAG} => {POPCORN HOLDER}","POPCORN HOLDER",0.01226,0.31,4.14,498,1.05111029948868,29.5924032140248,154,4801.97
"{SUKI  SHOULDER BAG} => {RED TOADSTOOL LED NIGHT LIGHT}","RED TOADSTOOL LED NIGHT LIGHT",0.01051,0.362,7.85,338,2.40120996441281,16.2657176749703,122,4778.91
"{SET OF 6 SPICE TINS PANTRY DESIGN} => {RECIPE BOX PANTRY YELLOW DESIGN}","RECIPE BOX PANTRY YELLOW DESIGN",0.01363,0.302,4.97,576,3.7116862037872,7.40126239855726,174,4778.66
"{JUMBO BAG RED RETROSPOT,JUMBO STORAGE BAG SUKI} => {JUMBO BAG TOYS}","JUMBO BAG TOYS",0.01292,0.326,11.41,488,3.13097701149425,9.58429118773946,159,4773.94
"{JUMBO BAG APPLES,JUMBO BAG VINTAGE LEAF} => {JUMBO BAG RED RETROSPOT}","JUMBO BAG RED RETROSPOT",0.01226,0.615,5.42,140,2.49391702846117,22.1968162083936,86,4766.24
"{JUMBO BAG WOODLAND ANIMALS,JUMBO STORAGE BAG SUKI} => {JUMBO BAG PINK POLKADOT}","JUMBO BAG PINK POLKADOT",0.01521,0.619,9.3,171,2.60603618421053,17.2672697368421,106,4763.11
"{JUMBO BAG PINK VINTAGE PAISLEY,JUMBO BAG RED RETROSPOT} => {JUMBO BAG APPLES}","JUMBO BAG APPLES",0.011,0.388,7.26,317,2.57344262295082,15.0389344262295,123,4760.17
"{COOK WITH WINE METAL SIGN} => {HAND OVER THE CHOCOLATE   SIGN}","HAND OVER THE CHOCOLATE   SIGN",0.01614,0.41,11.12,425,2.36270430906389,11.55720653789,174,4758.12
"{JUMBO BAG TOYS} => {JUMBO  BAG BAROQUE BLACK WHITE}","JUMBO  BAG BAROQUE BLACK WHITE",0.01166,0.408,8.04,309,2.61653721682848,14.4174757281553,126,4755.92
"{LUNCH BAG ALPHABET DESIGN} => {LUNCH BAG RED RETROSPOT}","LUNCH BAG RED RETROSPOT",0.01696,0.419,4.9,429,2.13269181585678,12.3925831202046,180,4750.74
"{JUMBO BAG RED RETROSPOT,JUMBO BAG VINTAGE LEAF} => {JUMBO BAG PINK POLKADOT}","JUMBO BAG PINK POLKADOT",0.01062,0.456,6.86,231,2.60603618421053,17.2672697368421,105,4740.03
"{JUMBO BAG RED RETROSPOT,JUMBO BAG STRAWBERRY} => {JUMBO  BAG BAROQUE BLACK WHITE}","JUMBO  BAG BAROQUE BLACK WHITE",0.011,0.375,7.39,335,2.61653721682848,14.4174757281553,126,4739.06
"{HOT WATER BOTTLE TEA AND SYMPATHY} => {HOT WATER BOTTLE I AM SO POORLY}","HOT WATER BOTTLE I AM SO POORLY",0.01445,0.412,11.45,377,5.8789802130898,5.18569254185693,155,4735.3
"{CHARLOTTE BAG PINK POLKADOT} => {LUNCH BAG RED RETROSPOT}","LUNCH BAG RED RETROSPOT",0.01658,0.408,4.77,439,2.13269181585678,12.3925831202046,179,4733.85
"{REGENCY SUGAR BOWL GREEN} => {REGENCY TEAPOT ROSES}","REGENCY TEAPOT ROSES",0.01275,0.724,31.86,89,11.1413253012048,6.59036144578313,64,4731.24
"{CHOCOLATE THIS WAY METAL SIGN} => {GIN + TONIC DIET METAL SIGN}","GIN + TONIC DIET METAL SIGN",0.01051,0.41,9.28,276,2.7705198019802,15.0606435643564,113,4721.69
"{LUNCH BAG WOODLAND} => {LUNCH BAG PINK POLKADOT}","LUNCH BAG PINK POLKADOT",0.02167,0.391,6.55,618,2.03613406795225,9.59504132231405,242,4720.83
"{IVORY KITCHEN SCALES} => {RED KITCHEN SCALES}","RED KITCHEN SCALES",0.01609,0.415,14.03,414,9.82005545286506,2.79667282809612,172,4718.5
"{JUMBO BAG RED RETROSPOT,JUMBO SHOPPER VINTAGE RED PAISLEY} => {JUMBO BAG SPACEBOY DESIGN}","JUMBO BAG SPACEBOY DESIGN",0.01155,0.31,8.28,469,2.66170802919708,12.192700729927,145,4718.4
"{JUMBO BAG SPACEBOY DESIGN} => {JUMBO SHOPPER VINTAGE RED PAISLEY}","JUMBO SHOPPER VINTAGE RED PAISLEY",0.01499,0.4,6.23,411,2.68828790459966,10.6746166950596,164,4717.7
"{JUMBO BAG RED RETROSPOT,RED RETROSPOT CHARLOTTE BAG} => {JUMBO BAG PINK POLKADOT}","JUMBO BAG PINK POLKADOT",0.01029,0.442,6.65,237,2.60603618421053,17.2672697368421,105,4713.84
"{JUMBO BAG PINK VINTAGE PAISLEY,JUMBO BAG RED RETROSPOT} => {JUMBO  BAG BAROQUE BLACK WHITE}","JUMBO  BAG BAROQUE BLACK WHITE",0.01127,0.398,7.84,312,2.61653721682848,14.4174757281553,124,4684.4
"{JUMBO BAG APPLES,JUMBO BAG RED RETROSPOT} => {JUMBO BAG ALPHABET}","JUMBO BAG ALPHABET",0.01286,0.43,8.7,311,2.39287610619469,14.6272123893805,134,4680.7
"{JUMBO  BAG BAROQUE BLACK WHITE,JUMBO STORAGE BAG SUKI} => {JUMBO BAG PINK POLKADOT}","JUMBO BAG PINK POLKADOT",0.01292,0.559,8.4,186,2.60603618421053,17.2672697368421,104,4678.74
"{HOT WATER BOTTLE TEA AND SYMPATHY} => {SCOTTIE DOG HOT WATER BOTTLE}","SCOTTIE DOG HOT WATER BOTTLE",0.01078,0.307,7.29,444,5.74779220779221,5.96233766233766,136,4671.31
"{JUMBO BAG ALPHABET,JUMBO BAG RED RETROSPOT} => {JUMBO BAG PINK POLKADOT}","JUMBO BAG PINK POLKADOT",0.01116,0.493,7.4,210,2.60603618421053,17.2672697368421,104,4658.76
"{JUMBO BAG VINTAGE DOILY,LUNCH BAG VINTAGE DOILY} => {JUMBO BAG APPLES}","JUMBO BAG APPLES",0.01084,0.393,7.36,306,2.57344262295082,15.0389344262295,120,4654.21
"{RED RETROSPOT CHARLOTTE BAG} => {LUNCH BAG  BLACK SKULL.}","LUNCH BAG  BLACK SKULL.",0.01926,0.341,4.9,680,2.10808025177026,9.51376868607396,232,4650.54
"{JUMBO BAG RED RETROSPOT,JUMBO BAG VINTAGE DOILY} => {JUMBO BAG ALPHABET}","JUMBO BAG ALPHABET",0.01138,0.36,7.29,369,2.39287610619469,14.6272123893805,133,4649.55
"{JUMBO  BAG BAROQUE BLACK WHITE,JUMBO BAG RED RETROSPOT} => {JUMBO BAG WOODLAND ANIMALS}","JUMBO BAG WOODLAND ANIMALS",0.01275,0.398,8.44,352,2.93349187935035,11.3120649651972,140,4648.92
"{LUNCH BAG PINK POLKADOT} => {LUNCH BAG SPACEBOY DESIGN}","LUNCH BAG SPACEBOY DESIGN",0.02342,0.393,6.21,661,2.00968885047537,8.90060501296456,260,4646.68
"{STRAWBERRY CHARLOTTE BAG} => {LUNCH BAG RED RETROSPOT}","LUNCH BAG RED RETROSPOT",0.01647,0.417,4.87,421,2.13269181585678,12.3925831202046,176,4639.89
"{REGENCY TEAPOT ROSES} => {REGENCY SUGAR BOWL GREEN}","REGENCY SUGAR BOWL GREEN",0.01275,0.561,31.86,182,4.79913043478261,9.46894409937888,102,4639.79
"{RED RETROSPOT CHARLOTTE BAG} => {LUNCH BAG SUKI DESIGN}","LUNCH BAG SUKI DESIGN",0.01751,0.31,4.42,712,2.16708495713172,9.69134840218238,221,4635.56
"{JUMBO  BAG BAROQUE BLACK WHITE,JUMBO SHOPPER VINTAGE RED PAISLEY} => {JUMBO BAG PINK POLKADOT}","JUMBO BAG PINK POLKADOT",0.01319,0.572,8.6,180,2.60603618421053,17.2672697368421,103,4633.11
"{JUMBO BAG PINK VINTAGE PAISLEY,JUMBO SHOPPER VINTAGE RED PAISLEY} => {JUMBO BAG PINK POLKADOT}","JUMBO BAG PINK POLKADOT",0.01275,0.559,8.4,184,2.60603618421053,17.2672697368421,103,4628.43
"{LUNCH BAG VINTAGE DOILY} => {LUNCH BAG PINK POLKADOT}","LUNCH BAG PINK POLKADOT",0.01877,0.313,5.25,753,2.03613406795225,9.59504132231405,236,4604.61
"{JUMBO BAG PINK POLKADOT,JUMBO BAG RED RETROSPOT} => {LUNCH BAG RED RETROSPOT}","LUNCH BAG RED RETROSPOT",0.01363,0.302,3.53,576,2.13269181585678,12.3925831202046,174,4597.47
"{JUMBO  BAG BAROQUE BLACK WHITE,JUMBO BAG RED RETROSPOT} => {JUMBO STORAGE BAG SUKI}","JUMBO STORAGE BAG SUKI",0.0174,0.544,8.39,267,2.7507347972973,11.4966216216216,145,4593.35
"{CHILDRENS CUTLERY RETROSPOT RED} => {CHILDRENS CUTLERY POLKADOT GREEN}","CHILDRENS CUTLERY POLKADOT GREEN",0.01012,0.423,23.8,252,5.22264615384615,8.24307692307692,107,4589.03
"{HAND WARMER OWL DESIGN} => {HAND WARMER SCOTTY DOG DESIGN}","HAND WARMER SCOTTY DOG DESIGN",0.01833,0.513,17.14,318,2.34299817184643,11.9963436928702,163,4585.27
"{JUMBO BAG STRAWBERRY} => {LUNCH BAG RED RETROSPOT}","LUNCH BAG RED RETROSPOT",0.01357,0.302,3.52,574,2.13269181585678,12.3925831202046,173,4581.51
"{JUMBO SHOPPER VINTAGE RED PAISLEY,JUMBO STORAGE BAG SUKI} => {JUMBO BAG SCANDINAVIAN BLUE PAISLEY}","JUMBO BAG SCANDINAVIAN BLUE PAISLEY",0.01357,0.473,10.74,276,2.70037267080745,12.9826086956522,131,4576.74
"{WOOD S/3 CABINET ANT WHITE FINISH} => {WOOD 2 DRAWER CABINET WHITE FINISH}","WOOD 2 DRAWER CABINET WHITE FINISH",0.01538,0.467,15.8,321,6.95790740740741,4.38703703703704,150,4575.85
"{JUMBO BAG RED RETROSPOT,JUMBO BAG SCANDINAVIAN BLUE PAISLEY} => {JUMBO BAG PINK VINTAGE PAISLEY}","JUMBO BAG PINK VINTAGE PAISLEY",0.01571,0.53,11.21,254,2.67275144508671,12.7028901734104,135,4570.57
"{PACK OF 20 NAPKINS PANTRY DESIGN} => {SET OF 3 CAKE TINS PANTRY DESIGN}","SET OF 3 CAKE TINS PANTRY DESIGN",0.01182,0.322,4.28,454,5.84500726744186,5.34811046511628,146,4569.8
"{BEWARE OF THE CAT METAL SIGN} => {GIN + TONIC DIET METAL SIGN}","GIN + TONIC DIET METAL SIGN",0.01034,0.421,9.52,260,2.7705198019802,15.0606435643564,109,4567.31
"{JUMBO BAG RED RETROSPOT,JUMBO BAG SPACEBOY DESIGN} => {JUMBO BAG PINK POLKADOT}","JUMBO BAG PINK POLKADOT",0.01445,0.615,9.25,165,2.60603618421053,17.2672697368421,101,4566.29
"{JUMBO BAG RED RETROSPOT,RECYCLING BAG RETROSPOT} => {JUMBO BAG PINK POLKADOT}","JUMBO BAG PINK POLKADOT",0.0133,0.586,8.8,172,2.60603618421053,17.2672697368421,101,4535.55
"{PINK CREAM FELT CRAFT TRINKET BOX} => {PINK BLUE FELT CRAFT TRINKET BOX}","PINK BLUE FELT CRAFT TRINKET BOX",0.01478,0.438,15.34,346,1.422030651341,21.0421455938697,152,4534.71
"{CHARLOTTE BAG PINK POLKADOT} => {CHARLOTTE BAG SUKI DESIGN}","CHARLOTTE BAG SUKI DESIGN",0.02244,0.553,11.49,332,1.20502844141069,20.4732650739477,184,4529.47
"{LARGE WHITE HEART OF WICKER} => {HEART OF WICKER LARGE}","HEART OF WICKER LARGE",0.01105,0.36,7.13,359,3.2897616468039,10.6533044420368,129,4529.45
"{JUMBO  BAG BAROQUE BLACK WHITE,JUMBO BAG RED RETROSPOT} => {JUMBO BAG PINK VINTAGE PAISLEY}","JUMBO BAG PINK VINTAGE PAISLEY",0.01127,0.352,7.44,379,2.67275144508671,12.7028901734104,133,4529.42
"{JUMBO BAG PINK POLKADOT,JUMBO STORAGE BAG SUKI} => {JUMBO BAG RED RETROSPOT}","JUMBO BAG RED RETROSPOT",0.0226,0.802,7.07,102,2.49391702846117,22.1968162083936,82,4528.43
"{JUMBO BAG RED RETROSPOT,LUNCH BAG SUKI DESIGN} => {JUMBO BAG PINK POLKADOT}","JUMBO BAG PINK POLKADOT",0.01018,0.459,6.9,219,2.60603618421053,17.2672697368421,101,4523.36
"{JUMBO BAG RED RETROSPOT,JUMBO BAG WOODLAND ANIMALS} => {JUMBO BAG SCANDINAVIAN BLUE PAISLEY}","JUMBO BAG SCANDINAVIAN BLUE PAISLEY",0.01193,0.407,9.25,317,2.70037267080745,12.9826086956522,129,4523.13
"{RED RETROSPOT CHARLOTTE BAG} => {PACK OF 72 RETROSPOT CAKE CASES}","PACK OF 72 RETROSPOT CAKE CASES",0.01751,0.31,4.29,712,0.745037878787879,27.4893939393939,221,4520.49
"{LUNCH BAG WOODLAND} => {LUNCH BAG SPACEBOY DESIGN}","LUNCH BAG SPACEBOY DESIGN",0.02621,0.472,7.46,535,2.00968885047537,8.90060501296456,253,4516.94
"{LUNCH BAG APPLE DESIGN} => {LUNCH BAG PINK POLKADOT}","LUNCH BAG PINK POLKADOT",0.0191,0.337,5.66,686,2.03613406795225,9.59504132231405,231,4516.55
"{JUMBO  BAG BAROQUE BLACK WHITE,JUMBO SHOPPER VINTAGE RED PAISLEY} => {JUMBO BAG RED RETROSPOT}","JUMBO BAG RED RETROSPOT",0.01702,0.739,6.51,110,2.49391702846117,22.1968162083936,81,4499.97
"{LUNCH BAG DOLLY GIRL DESIGN} => {LUNCH BAG RED RETROSPOT}","LUNCH BAG RED RETROSPOT",0.01959,0.526,6.14,323,2.13269181585678,12.3925831202046,170,4490.33
"{JUMBO BAG OWLS} => {JUMBO SHOPPER VINTAGE RED PAISLEY}","JUMBO SHOPPER VINTAGE RED PAISLEY",0.01428,0.402,6.25,389,2.68828790459966,10.6746166950596,156,4487.49
"{JUMBO BAG PINK VINTAGE PAISLEY,JUMBO BAG RED RETROSPOT} => {JUMBO BAG SCANDINAVIAN BLUE PAISLEY}","JUMBO BAG SCANDINAVIAN BLUE PAISLEY",0.01571,0.554,12.58,231,2.70037267080745,12.9826086956522,128,4486.5
"{JUMBO BAG PINK POLKADOT,JUMBO BAG RED RETROSPOT} => {JUMBO STORAGE BAG SKULLS}","JUMBO STORAGE BAG SKULLS",0.01396,0.309,8.05,570,2.79534188034188,9.10968660968661,176,4485.1
"{JUMBO BAG RED RETROSPOT,JUMBO STORAGE BAG SUKI} => {RECYCLING BAG RETROSPOT}","RECYCLING BAG RETROSPOT",0.01204,0.304,7.43,504,3.19374832663989,9.15930388219545,153,4481.95
"{HAND WARMER OWL DESIGN} => {HAND WARMER BIRD DESIGN}","HAND WARMER BIRD DESIGN",0.01702,0.476,15.74,342,2.40614828209765,11.4303797468354,163,4477.3
"{LUNCH BAG RED RETROSPOT,LUNCH BAG SUKI DESIGN} => {JUMBO STORAGE BAG SUKI}","JUMBO STORAGE BAG SUKI",0.01127,0.315,4.85,449,2.7507347972973,11.4966216216216,141,4472.76
"{PACK OF 72 RETROSPOT CAKE CASES} => {60 TEATIME FAIRY CAKE CASES}","60 TEATIME FAIRY CAKE CASES",0.02479,0.343,7.57,867,0.690531400966184,21.7596618357488,297,4468.37
"{JUMBO BAG PINK VINTAGE PAISLEY,JUMBO BAG SCANDINAVIAN BLUE PAISLEY} => {JUMBO BAG RED RETROSPOT}","JUMBO BAG RED RETROSPOT",0.01571,0.719,6.34,112,2.49391702846117,22.1968162083936,81,4457.79
"{JUMBO BAG OWLS} => {JUMBO BAG SPACEBOY DESIGN}","JUMBO BAG SPACEBOY DESIGN",0.01078,0.303,8.08,453,2.66170802919708,12.192700729927,137,4454.52
"{JUMBO BAG APPLES,JUMBO BAG RED RETROSPOT} => {JUMBO BAG SCANDINAVIAN BLUE PAISLEY}","JUMBO BAG SCANDINAVIAN BLUE PAISLEY",0.011,0.368,8.36,345,2.70037267080745,12.9826086956522,127,4450.95
"{PACK OF 60 PINK PAISLEY CAKE CASES} => {PACK OF 72 RETROSPOT CAKE CASES}","PACK OF 72 RETROSPOT CAKE CASES",0.02353,0.495,6.85,439,0.745037878787879,27.4893939393939,217,4450.55
"{JUMBO BAG RED RETROSPOT,LUNCH BAG RED RETROSPOT} => {JUMBO STORAGE BAG SUKI}","JUMBO STORAGE BAG SUKI",0.01313,0.415,6.4,339,2.7507347972973,11.4966216216216,141,4449.04
"{JUMBO BAG PINK POLKADOT,JUMBO STORAGE BAG SUKI} => {JUMBO BAG SCANDINAVIAN BLUE PAISLEY}","JUMBO BAG SCANDINAVIAN BLUE PAISLEY",0.01237,0.439,9.96,289,2.70037267080745,12.9826086956522,127,4447.83
"{JUMBO BAG PINK VINTAGE PAISLEY,JUMBO BAG SCANDINAVIAN BLUE PAISLEY} => {JUMBO BAG PINK POLKADOT}","JUMBO BAG PINK POLKADOT",0.01193,0.546,8.21,181,2.60603618421053,17.2672697368421,99,4447.08
"{JUMBO BAG RED RETROSPOT,JUMBO SHOPPER VINTAGE RED PAISLEY} => {JUMBO BAG TOYS}","JUMBO BAG TOYS",0.01188,0.319,11.17,463,3.13097701149425,9.58429118773946,148,4432.12
"{ALARM CLOCK BAKELIKE IVORY} => {ALARM CLOCK BAKELIKE PINK}","ALARM CLOCK BAKELIKE PINK",0.0151,0.486,11.34,292,4.58228607918263,6.81353767560664,142,4430.72
"{GREEN REGENCY TEACUP AND SAUCER,ROSES REGENCY TEACUP AND SAUCER} => {PINK REGENCY TEACUP AND SAUCER}","PINK REGENCY TEACUP AND SAUCER",0.02961,0.705,16.96,226,3.71778947368421,7.46315789473684,159,4420.84
"{HOT BATHS METAL SIGN} => {COOK WITH WINE METAL SIGN}","COOK WITH WINE METAL SIGN",0.01034,0.311,7.9,418,2.39272222222222,14.1958333333333,130,4415.6
"{JUMBO BAG APPLES,JUMBO BAG RED RETROSPOT} => {JUMBO BAG WOODLAND ANIMALS}","JUMBO BAG WOODLAND ANIMALS",0.01259,0.421,8.93,316,2.93349187935035,11.3120649651972,133,4414.65
"{JUMBO BAG PINK POLKADOT,JUMBO SHOPPER VINTAGE RED PAISLEY} => {JUMBO  BAG BAROQUE BLACK WHITE}","JUMBO  BAG BAROQUE BLACK WHITE",0.01319,0.515,10.15,227,2.61653721682848,14.4174757281553,117,4410.11
"{JUMBO SHOPPER VINTAGE RED PAISLEY,JUMBO STORAGE BAG SUKI} => {JUMBO BAG PINK VINTAGE PAISLEY}","JUMBO BAG PINK VINTAGE PAISLEY",0.01302,0.454,9.59,286,2.67275144508671,12.7028901734104,130,4408.42
"{JUMBO BAG RED RETROSPOT,JUMBO STORAGE BAG SKULLS} => {JUMBO BAG PINK POLKADOT}","JUMBO BAG PINK POLKADOT",0.01396,0.616,9.26,159,2.60603618421053,17.2672697368421,98,4407.39
"{LUNCH BAG ALPHABET DESIGN} => {LUNCH BAG APPLE DESIGN}","LUNCH BAG APPLE DESIGN",0.02041,0.505,8.91,366,2.04046376811594,11.6772946859903,185,4403.96
"{JUMBO BAG VINTAGE DOILY,JUMBO BAG VINTAGE LEAF} => {JUMBO BAG ALPHABET}","JUMBO BAG ALPHABET",0.01177,0.417,8.42,301,2.39287610619469,14.6272123893805,126,4393.23
"{JUMBO BAG SCANDINAVIAN BLUE PAISLEY,JUMBO SHOPPER VINTAGE RED PAISLEY} => {JUMBO BAG PINK POLKADOT}","JUMBO BAG PINK POLKADOT",0.01297,0.59,8.86,165,2.60603618421053,17.2672697368421,97,4380.67
"{JUMBO BAG PINK POLKADOT,JUMBO SHOPPER VINTAGE RED PAISLEY} => {JUMBO BAG APPLES}","JUMBO BAG APPLES",0.01045,0.408,7.64,277,2.57344262295082,15.0389344262295,113,4373.93
"{JUMBO BAG OWLS,JUMBO BAG RED RETROSPOT} => {JUMBO BAG PINK POLKADOT}","JUMBO BAG PINK POLKADOT",0.01149,0.537,8.07,181,2.60603618421053,17.2672697368421,97,4373.78
"{LUNCH BAG VINTAGE LEAF DESIGN} => {LUNCH BAG RED RETROSPOT}","LUNCH BAG RED RETROSPOT",0.01669,0.458,5.35,361,2.13269181585678,12.3925831202046,165,4369.81
"{LUNCH BAG APPLE DESIGN} => {LUNCH BAG SPACEBOY DESIGN}","LUNCH BAG SPACEBOY DESIGN",0.02151,0.38,6,642,2.00968885047537,8.90060501296456,244,4363.82
"{SET OF TEA COFFEE SUGAR TINS PANTRY} => {SET OF 3 REGENCY CAKE TINS}","SET OF 3 REGENCY CAKE TINS",0.01018,0.396,8.32,284,5.89278481012658,6.5765247410817,112,4358.43
"{JUMBO BAG RED RETROSPOT,JUMBO BAG STRAWBERRY} => {JUMBO BAG PINK VINTAGE PAISLEY}","JUMBO BAG PINK VINTAGE PAISLEY",0.0116,0.396,8.36,324,2.67275144508671,12.7028901734104,128,4356.13
"{STRAWBERRY CHARLOTTE BAG} => {CHARLOTTE BAG SUKI DESIGN}","CHARLOTTE BAG SUKI DESIGN",0.02271,0.575,11.95,307,1.20502844141069,20.4732650739477,177,4355.02
"{CHARLOTTE BAG SUKI DESIGN} => {LUNCH BAG SUKI DESIGN}","LUNCH BAG SUKI DESIGN",0.01828,0.38,5.41,545,2.16708495713172,9.69134840218238,207,4349.51
"{SET 2 TEA TOWELS I LOVE LONDON} => {LUNCH BOX I LOVE LONDON}","LUNCH BOX I LOVE LONDON",0.01095,0.377,9.8,331,2.32673789173789,14.9729344729345,125,4347.34
"{RECYCLING BAG RETROSPOT} => {LUNCH BAG RED RETROSPOT}","LUNCH BAG RED RETROSPOT",0.01335,0.327,3.82,503,2.13269181585678,12.3925831202046,164,4347.16
"{LUNCH BAG VINTAGE LEAF DESIGN} => {JUMBO BAG VINTAGE LEAF}","JUMBO BAG VINTAGE LEAF",0.01286,0.353,7.34,431,2.29795221843003,12.4334470989761,152,4346.95
"{SET/6 RED SPOTTY PAPER PLATES} => {PAPER BUNTING RETROSPOT}","PAPER BUNTING RETROSPOT",0.01034,0.359,8.22,338,3.78500627352572,9.45671267252196,121,4343.28
"{NO SINGING METAL SIGN} => {PLEASE ONE PERSON METAL SIGN}","PLEASE ONE PERSON METAL SIGN",0.01089,0.366,8.01,345,2.43326946107784,14.1341317365269,126,4342.7
"{JUMBO  BAG BAROQUE BLACK WHITE,JUMBO STORAGE BAG SUKI} => {JUMBO BAG RED RETROSPOT}","JUMBO BAG RED RETROSPOT",0.0174,0.754,6.64,104,2.49391702846117,22.1968162083936,78,4340.88
"{JUMBO SHOPPER VINTAGE RED PAISLEY,JUMBO STORAGE BAG SUKI} => {JUMBO BAG WOODLAND ANIMALS}","JUMBO BAG WOODLAND ANIMALS",0.01505,0.525,11.13,249,2.93349187935035,11.3120649651972,131,4337.96
"{WOOD 2 DRAWER CABINET WHITE FINISH} => {WOOD S/3 CABINET ANT WHITE FINISH}","WOOD S/3 CABINET ANT WHITE FINISH",0.01538,0.52,15.8,259,9.12910299003322,3.5265780730897,135,4335.95
"{JUMBO BAG VINTAGE CHRISTMAS} => {JUMBO BAG VINTAGE DOILY}","JUMBO BAG VINTAGE DOILY",0.011,0.424,6.3,273,2.2780162601626,16.3845528455285,116,4320.36
"{JUMBO BAG RED RETROSPOT,JUMBO BAG SCANDINAVIAN BLUE PAISLEY} => {JUMBO BAG WOODLAND ANIMALS}","JUMBO BAG WOODLAND ANIMALS",0.01193,0.403,8.54,323,2.93349187935035,11.3120649651972,130,4319.51
"{JUMBO BAG RED RETROSPOT,JUMBO BAG WOODLAND ANIMALS} => {JUMBO BAG PINK VINTAGE PAISLEY}","JUMBO BAG PINK VINTAGE PAISLEY",0.01138,0.389,8.21,327,2.67275144508671,12.7028901734104,127,4318.75
"{JUMBO BAG APPLES,JUMBO BAG RED RETROSPOT} => {JUMBO STORAGE BAG SUKI}","JUMBO STORAGE BAG SUKI",0.01538,0.515,7.94,265,2.7507347972973,11.4966216216216,136,4315.91
"{LUNCH BAG RED RETROSPOT,LUNCH BAG VINTAGE DOILY} => {JUMBO BAG VINTAGE DOILY}","JUMBO BAG VINTAGE DOILY",0.01248,0.494,7.33,234,2.2780162601626,16.3845528455285,116,4314.54
"{JUMBO BAG TOYS} => {JUMBO BAG SCANDINAVIAN BLUE PAISLEY}","JUMBO BAG SCANDINAVIAN BLUE PAISLEY",0.01089,0.381,8.65,323,2.70037267080745,12.9826086956522,123,4314.33
"{JUMBO BAG APPLES,JUMBO BAG RED RETROSPOT} => {JUMBO BAG PINK VINTAGE PAISLEY}","JUMBO BAG PINK VINTAGE PAISLEY",0.011,0.368,7.78,345,2.67275144508671,12.7028901734104,127,4310.5
"{LOVE HOT WATER BOTTLE} => {HOT WATER BOTTLE KEEP CALM}","HOT WATER BOTTLE KEEP CALM",0.01292,0.497,11.67,239,5.26492287917738,6.87917737789203,119,4302.12
"{60 TEATIME FAIRY CAKE CASES} => {PACK OF 60 PINK PAISLEY CAKE CASES}","PACK OF 60 PINK PAISLEY CAKE CASES",0.01937,0.428,8.99,474,0.747307249712313,28.3544303797468,203,4298.75
"{JUMBO BAG PINK POLKADOT,JUMBO STORAGE BAG SUKI} => {JUMBO BAG PINK VINTAGE PAISLEY}","JUMBO BAG PINK VINTAGE PAISLEY",0.0122,0.433,9.15,292,2.67275144508671,12.7028901734104,126,4292.71
"{JUMBO BAG TOYS} => {JUMBO BAG WOODLAND ANIMALS}","JUMBO BAG WOODLAND ANIMALS",0.01582,0.554,11.74,233,2.93349187935035,11.3120649651972,129,4283.44
"{SET/20 RED RETROSPOT PAPER NAPKINS} => {PACK OF 72 RETROSPOT CAKE CASES}","PACK OF 72 RETROSPOT CAKE CASES",0.01653,0.307,4.25,681,0.745037878787879,27.4893939393939,209,4281.83
"{JUMBO BAG RED RETROSPOT,JUMBO BAG VINTAGE DOILY} => {JUMBO STORAGE BAG SUKI}","JUMBO STORAGE BAG SUKI",0.01188,0.376,5.8,360,2.7507347972973,11.4966216216216,135,4280.65
"{JUMBO BAG ALPHABET,JUMBO BAG VINTAGE LEAF} => {JUMBO BAG RED RETROSPOT}","JUMBO BAG RED RETROSPOT",0.01001,0.577,5.09,134,2.49391702846117,22.1968162083936,77,4280.09
"{JUMBO BAG VINTAGE LEAF} => {LUNCH BAG VINTAGE DOILY}","LUNCH BAG VINTAGE DOILY",0.01614,0.336,5.6,584,1.82762773722628,11.9306569343066,196,4278.62
"{JUMBO BAG RED RETROSPOT,JUMBO BAG SCANDINAVIAN BLUE PAISLEY} => {JUMBO STORAGE BAG SUKI}","JUMBO STORAGE BAG SUKI",0.01549,0.523,8.07,258,2.7507347972973,11.4966216216216,135,4267.17
"{JUMBO BAG WOODLAND ANIMALS,JUMBO STORAGE BAG SUKI} => {JUMBO BAG APPLES}","JUMBO BAG APPLES",0.01056,0.43,8.05,256,2.57344262295082,15.0389344262295,110,4260.3
"{LUNCH BAG VINTAGE DOILY} => {LUNCH BAG VINTAGE LEAF DESIGN}","LUNCH BAG VINTAGE LEAF DESIGN",0.01872,0.312,8.56,754,1.92492492492492,9.38888888888889,235,4251.62
"{LUNCH BAG APPLE DESIGN} => {LUNCH BAG VINTAGE LEAF DESIGN}","LUNCH BAG VINTAGE LEAF DESIGN",0.01976,0.349,9.57,674,1.92492492492492,9.38888888888889,235,4251.22
"{CHARLOTTE BAG SUKI DESIGN} => {WOODLAND CHARLOTTE BAG}","WOODLAND CHARLOTTE BAG",0.02495,0.519,11.39,423,1.21432692307692,15.9435096153846,220,4250.38
"{JUMBO BAG PINK POLKADOT,JUMBO STORAGE BAG SUKI} => {JUMBO BAG WOODLAND ANIMALS}","JUMBO BAG WOODLAND ANIMALS",0.01521,0.54,11.44,237,2.93349187935035,11.3120649651972,128,4246.87
"{JUMBO BAG RED RETROSPOT,JUMBO STORAGE BAG SUKI} => {JUMBO STORAGE BAG SKULLS}","JUMBO STORAGE BAG SKULLS",0.01417,0.358,9.31,465,2.79534188034188,9.10968660968661,166,4239.11
"{JUMBO BAG RED RETROSPOT,JUMBO STORAGE BAG SUKI} => {LUNCH BAG RED RETROSPOT}","LUNCH BAG RED RETROSPOT",0.01313,0.331,3.87,484,2.13269181585678,12.3925831202046,160,4234.12
"{JUMBO BAG PEARS} => {JUMBO BAG VINTAGE LEAF}","JUMBO BAG VINTAGE LEAF",0.01718,0.529,10.99,280,2.29795221843003,12.4334470989761,148,4232.01
"{PINK REGENCY TEACUP AND SAUCER} => {ROSES REGENCY TEACUP AND SAUCER}","ROSES REGENCY TEACUP AND SAUCER",0.03273,0.787,13.54,162,3.66992467043314,9.04331450094162,127,4231.31
"{JUMBO STORAGE BAG SKULLS,JUMBO STORAGE BAG SUKI} => {JUMBO BAG RED RETROSPOT}","JUMBO BAG RED RETROSPOT",0.01417,0.706,6.22,108,2.49391702846117,22.1968162083936,76,4220.86
"{LUNCH BAG VINTAGE DOILY} => {LUNCH BAG SPACEBOY DESIGN}","LUNCH BAG SPACEBOY DESIGN",0.01877,0.313,4.94,753,2.00968885047537,8.90060501296456,236,4215.87
"{JUMBO BAG PEARS,JUMBO BAG VINTAGE LEAF} => {JUMBO BAG RED RETROSPOT}","JUMBO BAG RED RETROSPOT",0.01012,0.589,5.19,129,2.49391702846117,22.1968162083936,76,4206.08
"{VINTAGE SNAP CARDS} => {VINTAGE HEADS AND TAILS CARD GAME}","VINTAGE HEADS AND TAILS CARD GAME",0.01872,0.37,11.14,582,1.50747940691928,12.9472817133443,215,4202.95
"{JUMBO BAG RED RETROSPOT,LUNCH BAG RED RETROSPOT} => {JUMBO BAG WOODLAND ANIMALS}","JUMBO BAG WOODLAND ANIMALS",0.01023,0.323,6.85,392,2.93349187935035,11.3120649651972,127,4201.61
"{60 TEATIME FAIRY CAKE CASES} => {PACK OF 72 RETROSPOT CAKE CASES}","PACK OF 72 RETROSPOT CAKE CASES",0.02479,0.547,7.57,375,0.745037878787879,27.4893939393939,205,4201.09
"{CHARLOTTE BAG SUKI DESIGN} => {RED RETROSPOT CHARLOTTE BAG}","RED RETROSPOT CHARLOTTE BAG",0.02775,0.577,10.21,372,1.13962209302326,17.1744186046512,215,4201.09
"{JUMBO BAG RED RETROSPOT,JUMBO BAG STRAWBERRY} => {JUMBO STORAGE BAG SUKI}","JUMBO STORAGE BAG SUKI",0.01319,0.45,6.94,295,2.7507347972973,11.4966216216216,133,4198.11
"{RED RETROSPOT CHARLOTTE BAG} => {STRAWBERRY CHARLOTTE BAG}","STRAWBERRY CHARLOTTE BAG",0.0266,0.471,11.92,546,1.20416897506925,13.5470914127424,257,4195.15
"{JUMBO BAG RED RETROSPOT,JUMBO BAG WOODLAND ANIMALS} => {JUMBO BAG SPACEBOY DESIGN}","JUMBO BAG SPACEBOY DESIGN",0.01193,0.407,10.87,317,2.66170802919708,12.192700729927,129,4187.11
"{SMALL WHITE HEART OF WICKER} => {HEART OF WICKER SMALL}","HEART OF WICKER SMALL",0.01226,0.356,5.44,405,1.96453634085213,14.7769423558897,144,4185.52
"{JUMBO  BAG BAROQUE BLACK WHITE,JUMBO BAG RED RETROSPOT} => {JUMBO SHOPPER VINTAGE RED PAISLEY}","JUMBO SHOPPER VINTAGE RED PAISLEY",0.01702,0.532,8.27,274,2.68828790459966,10.6746166950596,146,4183.02
"{JUMBO BAG RED RETROSPOT,JUMBO SHOPPER VINTAGE RED PAISLEY} => {RECYCLING BAG RETROSPOT}","RECYCLING BAG RETROSPOT",0.01116,0.3,7.34,476,3.19374832663989,9.15930388219545,143,4177.26
"{JUMBO BAG WOODLAND ANIMALS,JUMBO STORAGE BAG SUKI} => {JUMBO  BAG BAROQUE BLACK WHITE}","JUMBO  BAG BAROQUE BLACK WHITE",0.01084,0.441,8.69,251,2.61653721682848,14.4174757281553,111,4175.69
"{ALARM CLOCK BAKELIKE IVORY} => {ALARM CLOCK BAKELIKE RED}","ALARM CLOCK BAKELIKE RED",0.02041,0.657,11.43,195,4.40365714285714,7.39809523809524,128,4173.82
"{REGENCY TEA PLATE ROSES} => {SET OF 3 REGENCY CAKE TINS}","SET OF 3 REGENCY CAKE TINS",0.01001,0.412,8.67,261,5.89278481012658,6.5765247410817,108,4167.3
"{JUMBO BAG APPLES,JUMBO STORAGE BAG SUKI} => {JUMBO BAG PINK POLKADOT}","JUMBO BAG PINK POLKADOT",0.0116,0.564,8.47,164,2.60603618421053,17.2672697368421,92,4162.24
"{LUNCH BAG APPLE DESIGN,LUNCH BAG VINTAGE DOILY} => {JUMBO BAG APPLES}","JUMBO BAG APPLES",0.01012,0.42,7.85,256,2.57344262295082,15.0389344262295,108,4161.22
"{CHILDRENS CUTLERY POLKADOT GREEN} => {CHILDRENS CUTLERY RETROSPOT RED}","CHILDRENS CUTLERY RETROSPOT RED",0.01012,0.569,23.8,140,4.98771167048055,10.4439359267735,80,4149.6
"{CHOCOLATE HOT WATER BOTTLE,HOT WATER BOTTLE I AM SO POORLY} => {HOT WATER BOTTLE TEA AND SYMPATHY}","HOT WATER BOTTLE TEA AND SYMPATHY",0.01034,0.482,13.74,203,5.03184087363495,8.42121684867395,98,4146.15
"{JUMBO BAG PINK VINTAGE PAISLEY,JUMBO BAG RED RETROSPOT} => {JUMBO BAG WOODLAND ANIMALS}","JUMBO BAG WOODLAND ANIMALS",0.01138,0.402,8.51,310,2.93349187935035,11.3120649651972,125,4135.37
"{SUKI  SHOULDER BAG} => {JUMBO STORAGE BAG SUKI}","JUMBO STORAGE BAG SUKI",0.01286,0.443,6.84,295,2.7507347972973,11.4966216216216,131,4132.8
"{RED RETROSPOT CHARLOTTE BAG} => {CHARLOTTE BAG PINK POLKADOT}","CHARLOTTE BAG PINK POLKADOT",0.02857,0.506,12.46,510,1.22587601078167,13.0619946091644,258,4132.16
"{HAND WARMER BIRD DESIGN} => {HAND WARMER OWL DESIGN}","HAND WARMER OWL DESIGN",0.01702,0.562,15.74,242,2.36416539050536,12.8269525267994,136,4124.33
"{JUMBO BAG RED RETROSPOT,JUMBO BAG VINTAGE DOILY} => {JUMBO BAG VINTAGE LEAF}","JUMBO BAG VINTAGE LEAF",0.01609,0.51,10.59,283,2.29795221843003,12.4334470989761,144,4123.72
"{JUMBO BAG TOYS} => {JUMBO BAG PINK VINTAGE PAISLEY}","JUMBO BAG PINK VINTAGE PAISLEY",0.0104,0.364,7.69,332,2.67275144508671,12.7028901734104,121,4102.99
"{JUMBO BAG RED RETROSPOT,JUMBO BAG VINTAGE LEAF} => {JUMBO BAG APPLES}","JUMBO BAG APPLES",0.01226,0.527,9.87,201,2.57344262295082,15.0389344262295,106,4099.57
"{JUMBO BAG PINK POLKADOT,JUMBO SHOPPER VINTAGE RED PAISLEY} => {JUMBO BAG SCANDINAVIAN BLUE PAISLEY}","JUMBO BAG SCANDINAVIAN BLUE PAISLEY",0.01297,0.506,11.5,231,2.70037267080745,12.9826086956522,117,4097.78
"{LUNCH BAG APPLE DESIGN,LUNCH BAG VINTAGE DOILY} => {JUMBO BAG VINTAGE DOILY}","JUMBO BAG VINTAGE DOILY",0.01122,0.465,6.91,236,2.2780162601626,16.3845528455285,110,4095.97
"{LADIES & GENTLEMEN METAL SIGN} => {PLEASE ONE PERSON METAL SIGN}","PLEASE ONE PERSON METAL SIGN",0.0127,0.486,10.64,245,2.43326946107784,14.1341317365269,119,4095.07
"{RED RETROSPOT SHOPPER BAG} => {JUMBO STORAGE BAG SUKI}","JUMBO STORAGE BAG SUKI",0.01073,0.341,5.26,379,2.7507347972973,11.4966216216216,129,4087.07
"{JUMBO BAG PINK VINTAGE PAISLEY,JUMBO BAG RED RETROSPOT} => {JUMBO STORAGE BAG SUKI}","JUMBO STORAGE BAG SUKI",0.01472,0.519,8.01,249,2.7507347972973,11.4966216216216,129,4086.82
"{JUMBO BAG PINK POLKADOT,JUMBO BAG WOODLAND ANIMALS} => {JUMBO BAG APPLES}","JUMBO BAG APPLES",0.01018,0.434,8.12,243,2.57344262295082,15.0389344262295,105,4081.57
"{JUMBO STORAGE BAG SKULLS,JUMBO STORAGE BAG SUKI} => {JUMBO BAG PINK POLKADOT}","JUMBO BAG PINK POLKADOT",0.01111,0.553,8.31,164,2.60603618421053,17.2672697368421,91,4081.06
"{PINK REGENCY TEACUP AND SAUCER,ROSES REGENCY TEACUP AND SAUCER} => {REGENCY TEA PLATE ROSES}","REGENCY TEA PLATE ROSES",0.01001,0.306,12.59,415,2.07711711711712,15.4076576576577,127,4064.13
"{JUMBO BAG TOYS} => {JUMBO STORAGE BAG SUKI}","JUMBO STORAGE BAG SUKI",0.01631,0.571,8.81,224,2.7507347972973,11.4966216216216,128,4044.86
"{JUMBO BAG OWLS} => {RECYCLING BAG RETROSPOT}","RECYCLING BAG RETROSPOT",0.01089,0.306,7.49,451,3.19374832663989,9.15930388219545,138,4037.02
"{JUMBO BAG PINK POLKADOT,JUMBO BAG WOODLAND ANIMALS} => {JUMBO  BAG BAROQUE BLACK WHITE}","JUMBO  BAG BAROQUE BLACK WHITE",0.01084,0.462,9.1,231,2.61653721682848,14.4174757281553,107,4025.97
"{JUMBO BAG PINK POLKADOT,JUMBO SHOPPER VINTAGE RED PAISLEY} => {JUMBO BAG RED RETROSPOT}","JUMBO BAG RED RETROSPOT",0.02069,0.808,7.12,90,2.49391702846117,22.1968162083936,73,4025.56
"{JUMBO BAG RED RETROSPOT,JUMBO BAG WOODLAND ANIMALS} => {JUMBO STORAGE BAG SUKI}","JUMBO STORAGE BAG SUKI",0.0179,0.611,9.43,208,2.7507347972973,11.4966216216216,127,4019.05
"{SUKI  SHOULDER BAG} => {JUMBO BAG WOODLAND ANIMALS}","JUMBO BAG WOODLAND ANIMALS",0.01023,0.353,7.48,343,2.93349187935035,11.3120649651972,121,4017.87
"{FELTCRAFT CUSHION OWL} => {FELTCRAFT CUSHION RABBIT}","FELTCRAFT CUSHION RABBIT",0.01188,0.462,21.86,253,4.30194300518135,7.9740932642487,117,4009.67
"{JUMBO BAG PEARS} => {JUMBO STORAGE BAG SUKI}","JUMBO STORAGE BAG SUKI",0.01001,0.308,4.75,411,2.7507347972973,11.4966216216216,127,4003.24
"{ALARM CLOCK BAKELIKE PINK} => {ALARM CLOCK BAKELIKE IVORY}","ALARM CLOCK BAKELIKE IVORY",0.0151,0.352,11.34,507,4.42278169014085,5.06514084507042,178,3997.95
"{CHARLOTTE BAG SUKI DESIGN} => {LUNCH BAG  BLACK SKULL.}","LUNCH BAG  BLACK SKULL.",0.01669,0.347,4.99,574,2.10808025177026,9.51376868607396,199,3994.67
"{JUMBO SHOPPER VINTAGE RED PAISLEY,JUMBO STORAGE BAG SUKI} => {JUMBO BAG SPACEBOY DESIGN}","JUMBO BAG SPACEBOY DESIGN",0.01078,0.376,10.03,327,2.66170802919708,12.192700729927,123,3990.21
"{JUMBO BAG WOODLAND ANIMALS,JUMBO SHOPPER VINTAGE RED PAISLEY} => {JUMBO BAG PINK POLKADOT}","JUMBO BAG PINK POLKADOT",0.0139,0.651,9.79,136,2.60603618421053,17.2672697368421,89,3984.04
"{JUMBO BAG PINK POLKADOT,JUMBO STORAGE BAG SUKI} => {JUMBO BAG SPACEBOY DESIGN}","JUMBO BAG SPACEBOY DESIGN",0.01105,0.392,10.46,313,2.66170802919708,12.192700729927,123,3981.9
"{JUMBO BAG PINK POLKADOT,JUMBO SHOPPER VINTAGE RED PAISLEY} => {JUMBO BAG PINK VINTAGE PAISLEY}","JUMBO BAG PINK VINTAGE PAISLEY",0.01275,0.498,10.52,235,2.67275144508671,12.7028901734104,117,3973.36
"{JUMBO STORAGE BAG SUKI,LUNCH BAG RED RETROSPOT} => {JUMBO BAG RED RETROSPOT}","JUMBO BAG RED RETROSPOT",0.01313,0.702,6.19,102,2.49391702846117,22.1968162083936,72,3963.78
"{JUMBO BAG RED RETROSPOT,JUMBO STORAGE BAG SKULLS} => {JUMBO BAG APPLES}","JUMBO BAG APPLES",0.01012,0.447,8.37,229,2.57344262295082,15.0389344262295,102,3961.64
"{CHARLOTTE BAG SUKI DESIGN} => {LUNCH BAG CARS BLUE}","LUNCH BAG CARS BLUE",0.01489,0.309,4.92,607,2.06529155787641,10.2254134029591,188,3961.04
"{JUMBO BAG VINTAGE DOILY,JUMBO SHOPPER VINTAGE RED PAISLEY} => {JUMBO BAG RED RETROSPOT}","JUMBO BAG RED RETROSPOT",0.01116,0.65,5.73,110,2.49391702846117,22.1968162083936,72,3958.03
"{BOX OF 24 COCKTAIL PARASOLS} => {POPCORN HOLDER}","POPCORN HOLDER",0.01029,0.322,4.3,395,1.05111029948868,29.5924032140248,127,3956.23
"{JUMBO BAG RED RETROSPOT,LUNCH BAG PINK POLKADOT} => {JUMBO BAG PINK POLKADOT}","JUMBO BAG PINK POLKADOT",0.01171,0.59,8.86,149,2.60603618421053,17.2672697368421,88,3955.87
"{JUMBO BAG TOYS} => {JUMBO BAG SPACEBOY DESIGN}","JUMBO BAG SPACEBOY DESIGN",0.01056,0.37,9.86,329,2.66170802919708,12.192700729927,122,3950.55
"{JUMBO BAG PINK VINTAGE PAISLEY,JUMBO STORAGE BAG SUKI} => {JUMBO BAG RED RETROSPOT}","JUMBO BAG RED RETROSPOT",0.01472,0.735,6.48,97,2.49391702846117,22.1968162083936,71,3946.68
"{JUMBO BAG PINK POLKADOT,JUMBO BAG RED RETROSPOT,JUMBO STORAGE BAG SUKI} => {JUMBO BAG APPLES}","JUMBO BAG APPLES",0.01001,0.443,8.3,230,2.57344262295082,15.0389344262295,102,3943.33
"{LUNCH BAG VINTAGE LEAF DESIGN} => {LUNCH BAG APPLE DESIGN}","LUNCH BAG APPLE DESIGN",0.01976,0.542,9.57,305,2.04046376811594,11.6772946859903,165,3938.86
"{JUMBO BAG ALPHABET,JUMBO BAG RED RETROSPOT} => {JUMBO BAG APPLES}","JUMBO BAG APPLES",0.01286,0.568,10.63,179,2.57344262295082,15.0389344262295,102,3934.89
"{HAND WARMER SCOTTY DOG DESIGN} => {HAND WARMER OWL DESIGN}","HAND WARMER OWL DESIGN",0.01833,0.612,17.14,212,2.36416539050536,12.8269525267994,130,3934.49
"{SUKI  SHOULDER BAG} => {POPCORN HOLDER}","POPCORN HOLDER",0.01144,0.394,5.26,321,1.05111029948868,29.5924032140248,126,3933.96
"{WOODLAND CHARLOTTE BAG} => {LUNCH BAG WOODLAND}","LUNCH BAG WOODLAND",0.01532,0.337,6.06,552,2.18364891518738,9.68145956607495,186,3932.72
"{JUMBO BAG APPLES,JUMBO STORAGE BAG SUKI} => {JUMBO BAG RED RETROSPOT}","JUMBO BAG RED RETROSPOT",0.01538,0.747,6.59,95,2.49391702846117,22.1968162083936,71,3928.41
"{ALARM CLOCK BAKELIKE IVORY} => {ALARM CLOCK BAKELIKE GREEN}","ALARM CLOCK BAKELIKE GREEN",0.01828,0.588,11.02,234,4.54470769230769,6.27384615384615,138,3923.13
"{JUMBO BAG WOODLAND ANIMALS,JUMBO SHOPPER VINTAGE RED PAISLEY} => {JUMBO BAG RED RETROSPOT}","JUMBO BAG RED RETROSPOT",0.01625,0.762,6.71,93,2.49391702846117,22.1968162083936,71,3922.93
"{PLASTERS IN TIN WOODLAND ANIMALS} => {PLASTERS IN TIN SPACEBOY}","PLASTERS IN TIN SPACEBOY",0.01861,0.483,13.11,364,1.86276374442793,11.9687964338782,176,3919.74
"{JUMBO BAG PINK VINTAGE PAISLEY,JUMBO STORAGE BAG SUKI} => {JUMBO BAG PINK POLKADOT}","JUMBO BAG PINK POLKADOT",0.0122,0.609,9.16,143,2.60603618421053,17.2672697368421,87,3918.84
"{JUMBO BAG RED RETROSPOT,JUMBO BAG WOODLAND ANIMALS} => {JUMBO BAG TOYS}","JUMBO BAG TOYS",0.01242,0.424,14.85,308,3.13097701149425,9.58429118773946,131,3918.83
"{HOME BUILDING BLOCK WORD} => {LOVE BUILDING BLOCK WORD}","LOVE BUILDING BLOCK WORD",0.01625,0.383,11.12,479,6.70112877583466,3.17965023847377,183,3908.96
"{CANDLEHOLDER PINK HANGING HEART} => {RED HANGING HEART T-LIGHT HOLDER}","RED HANGING HEART T-LIGHT HOLDER",0.01144,0.442,10.94,264,3.16582655826558,10.5677506775068,117,3903.87
"{JUMBO BAG PINK POLKADOT,JUMBO BAG RED RETROSPOT,JUMBO STORAGE BAG SUKI} => {JUMBO  BAG BAROQUE BLACK WHITE}","JUMBO  BAG BAROQUE BLACK WHITE",0.01127,0.499,9.83,207,2.61653721682848,14.4174757281553,103,3896.61
"{JUMBO BAG RED RETROSPOT,JUMBO STORAGE BAG SKULLS} => {JUMBO  BAG BAROQUE BLACK WHITE}","JUMBO  BAG BAROQUE BLACK WHITE",0.01051,0.464,9.14,222,2.61653721682848,14.4174757281553,103,3885.86
"{WOODLAND CHARLOTTE BAG} => {RED RETROSPOT CHARLOTTE BAG}","RED RETROSPOT CHARLOTTE BAG",0.02764,0.607,10.75,327,1.13962209302326,17.1744186046512,198,3884.9
"{JUMBO BAG APPLES,JUMBO BAG RED RETROSPOT} => {JUMBO SHOPPER VINTAGE RED PAISLEY}","JUMBO SHOPPER VINTAGE RED PAISLEY",0.01346,0.451,7.01,300,2.68828790459966,10.6746166950596,135,3882.63
"{HAND WARMER BIRD DESIGN} => {HAND WARMER SCOTTY DOG DESIGN}","HAND WARMER SCOTTY DOG DESIGN",0.0156,0.515,17.22,268,2.34299817184643,11.9963436928702,138,3879.38
"{LUNCH BAG ALPHABET DESIGN} => {LUNCH BAG VINTAGE DOILY}","LUNCH BAG VINTAGE DOILY",0.01631,0.403,6.72,441,1.82762773722628,11.9306569343066,178,3875.21
"{JUMBO BAG PINK POLKADOT,JUMBO BAG WOODLAND ANIMALS} => {JUMBO BAG RED RETROSPOT}","JUMBO BAG RED RETROSPOT",0.01866,0.795,7.01,88,2.49391702846117,22.1968162083936,70,3872.78
"{JUMBO  BAG BAROQUE BLACK WHITE,JUMBO BAG PINK POLKADOT} => {JUMBO BAG RED RETROSPOT}","JUMBO BAG RED RETROSPOT",0.01779,0.785,6.92,89,2.49391702846117,22.1968162083936,70,3867.52
"{CHARLOTTE BAG SUKI DESIGN} => {PACK OF 72 RETROSPOT CAKE CASES}","PACK OF 72 RETROSPOT CAKE CASES",0.01494,0.311,4.3,606,0.745037878787879,27.4893939393939,188,3859.9
"{JUMBO BAG ALPHABET,JUMBO BAG RED RETROSPOT} => {JUMBO BAG VINTAGE DOILY}","JUMBO BAG VINTAGE DOILY",0.01138,0.502,7.46,206,2.2780162601626,16.3845528455285,103,3859.78
"{SET 3 RETROSPOT TEA,COFFEE,SUGAR} => {RED SPOTTY BISCUIT TIN}","RED SPOTTY BISCUIT TIN",0.01023,0.435,20.17,243,5.91959390862944,6.16243654822335,106,3856.03
"{JUMBO BAG PINK POLKADOT,JUMBO SHOPPER VINTAGE RED PAISLEY} => {JUMBO BAG WOODLAND ANIMALS}","JUMBO BAG WOODLAND ANIMALS",0.0139,0.543,11.51,214,2.93349187935035,11.3120649651972,116,3856.03
"{WOODLAND CHARLOTTE BAG} => {LUNCH BAG SUKI DESIGN}","LUNCH BAG SUKI DESIGN",0.01499,0.329,4.69,558,2.16708495713172,9.69134840218238,184,3855.58
"{JUMBO BAG WOODLAND ANIMALS,JUMBO STORAGE BAG SUKI} => {JUMBO BAG SCANDINAVIAN BLUE PAISLEY}","JUMBO BAG SCANDINAVIAN BLUE PAISLEY",0.01045,0.425,9.66,258,2.70037267080745,12.9826086956522,110,3844.1
"{JUMBO BAG SPACEBOY DESIGN} => {JUMBO STORAGE BAG SKULLS}","JUMBO STORAGE BAG SKULLS",0.01226,0.327,8.51,461,2.79534188034188,9.10968660968661,151,3838.73
"{JUMBO BAG RED RETROSPOT,JUMBO SHOPPER VINTAGE RED PAISLEY} => {JUMBO STORAGE BAG SKULLS}","JUMBO STORAGE BAG SKULLS",0.01237,0.332,8.65,454,2.79534188034188,9.10968660968661,151,3838.24
"{JUMBO BAG SCANDINAVIAN BLUE PAISLEY,JUMBO SHOPPER VINTAGE RED PAISLEY} => {JUMBO BAG RED RETROSPOT}","JUMBO BAG RED RETROSPOT",0.01713,0.779,6.86,89,2.49391702846117,22.1968162083936,69,3837.96
"{REGENCY TEAPOT ROSES} => {REGENCY MILK JUG PINK}","REGENCY MILK JUG PINK",0.01237,0.545,30.25,189,3.88261398176292,9.58662613981763,103,3833.97
"{JUMBO BAG SPACEBOY DESIGN} => {LUNCH BAG RED RETROSPOT}","LUNCH BAG RED RETROSPOT",0.01138,0.304,3.55,477,2.13269181585678,12.3925831202046,145,3832.5
"{RECYCLING BAG RETROSPOT} => {TOY TIDY PINK POLKADOT}","TOY TIDY PINK POLKADOT",0.01489,0.364,14.19,475,3.02810234541578,7.31982942430704,173,3832.36
"{LUNCH BAG RED RETROSPOT,LUNCH BAG SUKI DESIGN} => {LUNCH BAG APPLE DESIGN}","LUNCH BAG APPLE DESIGN",0.01543,0.431,7.6,373,2.04046376811594,11.6772946859903,161,3830.52
"{FELTCRAFT CUSHION OWL} => {FELTCRAFT CUSHION BUTTERFLY}","FELTCRAFT CUSHION BUTTERFLY",0.01023,0.398,20.89,283,4.28117816091954,7.91954022988506,113,3818.85
"{LUNCH BAG ALPHABET DESIGN} => {LUNCH BAG SUKI DESIGN}","LUNCH BAG SUKI DESIGN",0.01751,0.433,6.17,419,2.16708495713172,9.69134840218238,181,3810.33
"{JUMBO BAG CHARLIE AND LOLA TOYS} => {JUMBO BAG RED RETROSPOT}","JUMBO BAG RED RETROSPOT",0.01056,0.643,5.67,107,2.49391702846117,22.1968162083936,69,3808.62
"{JUMBO BAG VINTAGE DOILY,JUMBO BAG VINTAGE LEAF} => {JUMBO STORAGE BAG SUKI}","JUMBO STORAGE BAG SUKI",0.01045,0.37,5.71,325,2.7507347972973,11.4966216216216,120,3802.8
"{WOODLAND CHARLOTTE BAG} => {LUNCH BAG CARS BLUE}","LUNCH BAG CARS BLUE",0.01439,0.316,5.03,569,2.06529155787641,10.2254134029591,180,3797.18
"{JUMBO BAG RED RETROSPOT,JUMBO BAG WOODLAND ANIMALS} => {JUMBO SHOPPER VINTAGE RED PAISLEY}","JUMBO SHOPPER VINTAGE RED PAISLEY",0.01625,0.555,8.64,238,2.68828790459966,10.6746166950596,132,3790.51
"{WOODLAND CHARLOTTE BAG} => {PACK OF 72 RETROSPOT CAKE CASES}","PACK OF 72 RETROSPOT CAKE CASES",0.01521,0.334,4.63,554,0.745037878787879,27.4893939393939,185,3789.66
"{JUMBO BAG RED RETROSPOT,JUMBO BAG VINTAGE DOILY} => {JUMBO SHOPPER VINTAGE RED PAISLEY}","JUMBO SHOPPER VINTAGE RED PAISLEY",0.01116,0.354,5.5,373,2.68828790459966,10.6746166950596,132,3789.14
"{JUMBO SHOPPER VINTAGE RED PAISLEY,JUMBO STORAGE BAG SUKI} => {JUMBO BAG TOYS}","JUMBO BAG TOYS",0.01166,0.406,14.23,311,3.13097701149425,9.58429118773946,126,3789.01
"{YOU'RE CONFUSING ME METAL SIGN} => {PLEASE ONE PERSON METAL SIGN}","PLEASE ONE PERSON METAL SIGN",0.01051,0.427,9.34,258,2.43326946107784,14.1341317365269,110,3788.85
"{JUMBO BAG RED RETROSPOT,JUMBO BAG SCANDINAVIAN BLUE PAISLEY} => {JUMBO SHOPPER VINTAGE RED PAISLEY}","JUMBO SHOPPER VINTAGE RED PAISLEY",0.01713,0.579,9.01,228,2.68828790459966,10.6746166950596,132,3788.27
"{JUMBO BAG SCANDINAVIAN BLUE PAISLEY,JUMBO SHOPPER VINTAGE RED PAISLEY} => {JUMBO  BAG BAROQUE BLACK WHITE}","JUMBO  BAG BAROQUE BLACK WHITE",0.01127,0.512,10.1,196,2.61653721682848,14.4174757281553,100,3785.66
"{JUMBO BAG APPLES,JUMBO BAG RED RETROSPOT} => {JUMBO BAG VINTAGE LEAF}","JUMBO BAG VINTAGE LEAF",0.01226,0.41,8.53,322,2.29795221843003,12.4334470989761,132,3772.01
"{JUMBO BAG RED RETROSPOT,JUMBO SHOPPER VINTAGE RED PAISLEY,JUMBO STORAGE BAG SUKI} => {JUMBO BAG PINK POLKADOT}","JUMBO BAG PINK POLKADOT",0.01467,0.687,10.33,122,2.60603618421053,17.2672697368421,84,3771.56
"{SET/20 RED RETROSPOT PAPER NAPKINS} => {SET/6 RED SPOTTY PAPER PLATES}","SET/6 RED SPOTTY PAPER PLATES",0.02025,0.376,13.05,613,0.987324478178368,16.573055028463,230,3771.47
"{JUMBO BAG SPACEBOY DESIGN,JUMBO STORAGE BAG SUKI} => {JUMBO BAG PINK POLKADOT}","JUMBO BAG PINK POLKADOT",0.01105,0.586,8.8,143,2.60603618421053,17.2672697368421,84,3770.84
"{JUMBO BAG RED RETROSPOT,JUMBO BAG VINTAGE DOILY} => {JUMBO BAG PEARS}","JUMBO BAG PEARS",0.01155,0.366,11.25,366,2.43333333333333,11.5488215488215,134,3764.45
"{WOODLAND CHARLOTTE BAG} => {LUNCH BAG  BLACK SKULL.}","LUNCH BAG  BLACK SKULL.",0.0156,0.343,4.92,547,2.10808025177026,9.51376868607396,188,3762.89
"{PACK OF 72 SKULL CAKE CASES} => {LUNCH BAG RED RETROSPOT}","LUNCH BAG RED RETROSPOT",0.01133,0.313,3.66,454,2.13269181585678,12.3925831202046,142,3755.69
"{HAND WARMER SCOTTY DOG DESIGN} => {HAND WARMER BIRD DESIGN}","HAND WARMER BIRD DESIGN",0.0156,0.521,17.22,262,2.40614828209765,11.4303797468354,137,3754.24
"{JUMBO BAG TOYS} => {JUMBO SHOPPER VINTAGE RED PAISLEY}","JUMBO SHOPPER VINTAGE RED PAISLEY",0.01456,0.51,7.93,256,2.68828790459966,10.6746166950596,131,3746.61
"{JUMBO BAG OWLS} => {LUNCH BAG RED RETROSPOT}","LUNCH BAG RED RETROSPOT",0.01138,0.32,3.74,442,2.13269181585678,12.3925831202046,141,3738.2
"{JUMBO BAG APPLES,JUMBO BAG RED RETROSPOT} => {JUMBO BAG PEARS}","JUMBO BAG PEARS",0.01248,0.418,12.85,318,2.43333333333333,11.5488215488215,133,3735.45
"{JUMBO BAG WOODLAND ANIMALS,JUMBO STORAGE BAG SUKI} => {JUMBO BAG PINK VINTAGE PAISLEY}","JUMBO BAG PINK VINTAGE PAISLEY",0.01051,0.428,9.03,257,2.67275144508671,12.7028901734104,110,3734.55
"{SMALL DOLLY MIX DESIGN ORANGE BOWL} => {POPCORN HOLDER}","POPCORN HOLDER",0.01012,0.351,4.69,342,1.05111029948868,29.5924032140248,120,3733.89
"{LUNCH BAG  BLACK SKULL.,LUNCH BAG RED RETROSPOT} => {LUNCH BAG APPLE DESIGN}","LUNCH BAG APPLE DESIGN",0.01489,0.424,7.49,369,2.04046376811594,11.6772946859903,156,3727.89
"{JUMBO BAG RED RETROSPOT,LUNCH BAG RED RETROSPOT} => {JUMBO SHOPPER VINTAGE RED PAISLEY}","JUMBO SHOPPER VINTAGE RED PAISLEY",0.01078,0.34,5.3,382,2.68828790459966,10.6746166950596,130,3727.09
"{GARDENERS KNEELING PAD KEEP CALM} => {GARDENERS KNEELING PAD CUP OF TEA}","GARDENERS KNEELING PAD CUP OF TEA",0.02988,0.599,14.45,366,1.91210039630119,8.88243064729194,219,3723.49
"{JUMBO BAG SCANDINAVIAN BLUE PAISLEY,JUMBO STORAGE BAG SUKI} => {JUMBO BAG PINK POLKADOT}","JUMBO BAG PINK POLKADOT",0.01237,0.635,9.54,130,2.60603618421053,17.2672697368421,83,3714.68
"{JUMBO BAG PINK POLKADOT,JUMBO BAG WOODLAND ANIMALS} => {JUMBO BAG SCANDINAVIAN BLUE PAISLEY}","JUMBO BAG SCANDINAVIAN BLUE PAISLEY",0.01045,0.445,10.11,238,2.70037267080745,12.9826086956522,106,3712.98
"{STRAWBERRY CERAMIC TRINKET BOX} => {SWEETHEART CERAMIC TRINKET BOX}","SWEETHEART CERAMIC TRINKET BOX",0.01828,0.404,14.52,492,1.57206286836935,11.8742632612967,199,3710.42
"{SUKI  SHOULDER BAG} => {RECYCLING BAG RETROSPOT}","RECYCLING BAG RETROSPOT",0.01133,0.391,9.55,323,3.19374832663989,9.15930388219545,126,3694.39
"{JUMBO BAG OWLS,JUMBO BAG RED RETROSPOT} => {JUMBO  BAG BAROQUE BLACK WHITE}","JUMBO  BAG BAROQUE BLACK WHITE",0.01056,0.494,9.73,198,2.61653721682848,14.4174757281553,98,3689.85
"{LUNCH BAG ALPHABET DESIGN} => {LUNCH BAG CARS BLUE}","LUNCH BAG CARS BLUE",0.01543,0.382,6.07,457,2.06529155787641,10.2254134029591,175,3686.73
"{JUMBO  BAG BAROQUE BLACK WHITE,JUMBO SHOPPER VINTAGE RED PAISLEY} => {JUMBO BAG SCANDINAVIAN BLUE PAISLEY}","JUMBO BAG SCANDINAVIAN BLUE PAISLEY",0.01127,0.489,11.11,215,2.70037267080745,12.9826086956522,105,3685.81
"{JUMBO BAG VINTAGE DOILY,JUMBO STORAGE BAG SUKI} => {JUMBO BAG RED RETROSPOT}","JUMBO BAG RED RETROSPOT",0.01188,0.693,6.11,96,2.49391702846117,22.1968162083936,67,3682.79
"{JUMBO BAG RED RETROSPOT,JUMBO BAG WOODLAND ANIMALS} => {RECYCLING BAG RETROSPOT}","RECYCLING BAG RETROSPOT",0.01105,0.378,9.24,333,3.19374832663989,9.15930388219545,126,3682.13
"{JUMBO BAG APPLES,JUMBO BAG VINTAGE DOILY} => {JUMBO BAG ALPHABET}","JUMBO BAG ALPHABET",0.01029,0.44,8.9,239,2.39287610619469,14.6272123893805,105,3680.72
"{JUMBO BAG WOODLAND ANIMALS,JUMBO SHOPPER VINTAGE RED PAISLEY} => {JUMBO  BAG BAROQUE BLACK WHITE}","JUMBO  BAG BAROQUE BLACK WHITE",0.01062,0.497,9.81,196,2.61653721682848,14.4174757281553,97,3674.76
"{JUMBO BAG RED RETROSPOT,JUMBO SHOPPER VINTAGE RED PAISLEY,JUMBO STORAGE BAG SUKI} => {JUMBO  BAG BAROQUE BLACK WHITE}","JUMBO  BAG BAROQUE BLACK WHITE",0.01105,0.518,10.21,188,2.61653721682848,14.4174757281553,97,3673.7
"{JUMBO BAG APPLES,JUMBO SHOPPER VINTAGE RED PAISLEY} => {JUMBO BAG PINK POLKADOT}","JUMBO BAG PINK POLKADOT",0.01045,0.574,8.62,142,2.60603618421053,17.2672697368421,82,3667.79
"{JUMBO BAG PINK POLKADOT,JUMBO STORAGE BAG SUKI} => {JUMBO BAG TOYS}","JUMBO BAG TOYS",0.01095,0.388,13.59,315,3.13097701149425,9.58429118773946,122,3667.6
"{JUMBO BAG VINTAGE DOILY,LUNCH BAG RED RETROSPOT} => {JUMBO BAG RED RETROSPOT}","JUMBO BAG RED RETROSPOT",0.01259,0.712,6.28,93,2.49391702846117,22.1968162083936,66,3665.52
"{LUNCH BAG  BLACK SKULL.,LUNCH BAG SUKI DESIGN} => {LUNCH BAG RED RETROSPOT}","LUNCH BAG RED RETROSPOT",0.01959,0.613,7.16,226,2.13269181585678,12.3925831202046,139,3661.5
"{JUMBO BAG PINK VINTAGE PAISLEY,JUMBO BAG RED RETROSPOT} => {JUMBO SHOPPER VINTAGE RED PAISLEY}","JUMBO SHOPPER VINTAGE RED PAISLEY",0.01593,0.562,8.74,227,2.68828790459966,10.6746166950596,128,3660.92
"{LOVE BUILDING BLOCK WORD} => {HOME BUILDING BLOCK WORD}","HOME BUILDING BLOCK WORD",0.01625,0.472,11.12,332,6.63394329896907,3.52061855670103,157,3659.91
"{JUMBO  BAG BAROQUE BLACK WHITE,JUMBO STORAGE BAG SUKI} => {JUMBO BAG SCANDINAVIAN BLUE PAISLEY}","JUMBO BAG SCANDINAVIAN BLUE PAISLEY",0.01034,0.448,10.17,233,2.70037267080745,12.9826086956522,104,3659.48
"{JUMBO BAG RED RETROSPOT,JUMBO BAG VINTAGE DOILY} => {LUNCH BAG RED RETROSPOT}","LUNCH BAG RED RETROSPOT",0.01259,0.399,4.66,347,2.13269181585678,12.3925831202046,138,3659.25
"{JUMBO BAG SPACEBOY DESIGN,JUMBO STORAGE BAG SUKI} => {JUMBO BAG RED RETROSPOT}","JUMBO BAG RED RETROSPOT",0.01401,0.742,6.54,89,2.49391702846117,22.1968162083936,66,3655.67
"{JUMBO BAG RED RETROSPOT,JUMBO BAG VINTAGE LEAF} => {JUMBO BAG ALPHABET}","JUMBO BAG ALPHABET",0.01001,0.431,8.7,242,2.39287610619469,14.6272123893805,104,3650.69
"{LUNCH BAG DOLLY GIRL DESIGN} => {LUNCH BAG APPLE DESIGN}","LUNCH BAG APPLE DESIGN",0.0127,0.341,6.01,449,2.04046376811594,11.6772946859903,153,3648.14
"{JUMBO BAG ALPHABET,JUMBO BAG APPLES} => {JUMBO BAG VINTAGE DOILY}","JUMBO BAG VINTAGE DOILY",0.01029,0.481,7.14,203,2.2780162601626,16.3845528455285,98,3644.45
"{CHARLOTTE BAG APPLES DESIGN} => {LUNCH BAG RED RETROSPOT}","LUNCH BAG RED RETROSPOT",0.01215,0.381,4.45,361,2.13269181585678,12.3925831202046,138,3635.15
"{STRAWBERRY CHARLOTTE BAG} => {LUNCH BAG APPLE DESIGN}","LUNCH BAG APPLE DESIGN",0.01198,0.303,5.36,503,2.04046376811594,11.6772946859903,152,3631.46
"{LUNCH BAG VINTAGE LEAF DESIGN} => {LUNCH BAG VINTAGE DOILY}","LUNCH BAG VINTAGE DOILY",0.01872,0.514,8.56,324,1.82762773722628,11.9306569343066,167,3631.28
"{JUMBO BAG PINK VINTAGE PAISLEY,JUMBO SHOPPER VINTAGE RED PAISLEY} => {JUMBO BAG SCANDINAVIAN BLUE PAISLEY}","JUMBO BAG SCANDINAVIAN BLUE PAISLEY",0.01237,0.542,12.3,191,2.70037267080745,12.9826086956522,104,3629.26
"{JAM MAKING SET PRINTED,JAM MAKING SET WITH JARS} => {SET OF 3 CAKE TINS PANTRY DESIGN}","SET OF 3 CAKE TINS PANTRY DESIGN",0.01127,0.436,5.8,266,5.84500726744186,5.34811046511628,116,3625.38
"{HAND WARMER UNION JACK} => {HAND WARMER OWL DESIGN}","HAND WARMER OWL DESIGN",0.01292,0.494,13.82,242,2.36416539050536,12.8269525267994,120,3625.3
"{JUMBO BAG PINK POLKADOT,JUMBO BAG PINK VINTAGE PAISLEY} => {JUMBO BAG RED RETROSPOT}","JUMBO BAG RED RETROSPOT",0.01614,0.778,6.86,84,2.49391702846117,22.1968162083936,65,3617.69
"{JUMBO BAG PINK POLKADOT,JUMBO SHOPPER VINTAGE RED PAISLEY} => {JUMBO BAG SPACEBOY DESIGN}","JUMBO BAG SPACEBOY DESIGN",0.01001,0.391,10.43,285,2.66170802919708,12.192700729927,111,3616.45
"{JUMBO BAG PINK POLKADOT,JUMBO BAG RED RETROSPOT,JUMBO STORAGE BAG SUKI} => {JUMBO BAG SCANDINAVIAN BLUE PAISLEY}","JUMBO BAG SCANDINAVIAN BLUE PAISLEY",0.01089,0.482,10.94,214,2.70037267080745,12.9826086956522,103,3616.15
"{RED SPOTTY BISCUIT TIN} => {SET 3 RETROSPOT TEA,COFFEE,SUGAR}","SET 3 RETROSPOT TEA,COFFEE,SUGAR",0.01023,0.475,20.17,207,7.432,4.93023255813953,98,3602.77
"{JUMBO BAG PINK POLKADOT,JUMBO BAG SCANDINAVIAN BLUE PAISLEY} => {JUMBO  BAG BAROQUE BLACK WHITE}","JUMBO  BAG BAROQUE BLACK WHITE",0.01029,0.492,9.7,194,2.61653721682848,14.4174757281553,95,3600.67
"{JUMBO BAG VINTAGE DOILY,LUNCH BAG VINTAGE DOILY} => {JUMBO BAG VINTAGE LEAF}","JUMBO BAG VINTAGE LEAF",0.01346,0.488,10.15,258,2.29795221843003,12.4334470989761,126,3597.26
"{JUMBO  BAG BAROQUE BLACK WHITE,JUMBO BAG PINK POLKADOT} => {JUMBO BAG SCANDINAVIAN BLUE PAISLEY}","JUMBO BAG SCANDINAVIAN BLUE PAISLEY",0.01029,0.454,10.31,226,2.70037267080745,12.9826086956522,103,3597.08
"{CHARLOTTE BAG APPLES DESIGN} => {CHARLOTTE BAG SUKI DESIGN}","CHARLOTTE BAG SUKI DESIGN",0.01642,0.515,10.7,283,1.20502844141069,20.4732650739477,146,3595.66
"{JUMBO BAG VINTAGE DOILY,JUMBO BAG VINTAGE LEAF} => {JUMBO BAG PEARS}","JUMBO BAG PEARS",0.0127,0.45,13.83,284,2.43333333333333,11.5488215488215,128,3591.45
"{SET OF TEA COFFEE SUGAR TINS PANTRY} => {SET OF 3 CAKE TINS PANTRY DESIGN}","SET OF 3 CAKE TINS PANTRY DESIGN",0.01483,0.577,7.66,199,5.84500726744186,5.34811046511628,115,3589.34
"{JUMBO BAG WOODLAND ANIMALS,JUMBO STORAGE BAG SUKI} => {JUMBO BAG SPACEBOY DESIGN}","JUMBO BAG SPACEBOY DESIGN",0.01073,0.437,11.64,253,2.66170802919708,12.192700729927,111,3588.08
"{LUNCH BAG ALPHABET DESIGN} => {LUNCH BAG  BLACK SKULL.}","LUNCH BAG  BLACK SKULL.",0.01658,0.41,5.89,436,2.10808025177026,9.51376868607396,179,3585.17
"{JUMBO BAG DOLLY GIRL DESIGN} => {JUMBO BAG SPACEBOY DESIGN}","JUMBO BAG SPACEBOY DESIGN",0.01067,0.433,11.56,255,2.66170802919708,12.192700729927,110,3583.34
"{JUMBO BAG ALPHABET,JUMBO BAG VINTAGE DOILY} => {JUMBO BAG APPLES}","JUMBO BAG APPLES",0.01029,0.508,9.51,182,2.57344262295082,15.0389344262295,92,3578.22
"{SUKI  SHOULDER BAG} => {JUMBO SHOPPER VINTAGE RED PAISLEY}","JUMBO SHOPPER VINTAGE RED PAISLEY",0.011,0.379,5.9,329,2.68828790459966,10.6746166950596,125,3578.19
"{JUMBO STORAGE BAG SUKI,WHITE HANGING HEART T-LIGHT HOLDER} => {JUMBO BAG RED RETROSPOT}","JUMBO BAG RED RETROSPOT",0.0116,0.695,6.13,93,2.49391702846117,22.1968162083936,65,3578
"{CHARLOTTE BAG PINK POLKADOT} => {WOODLAND CHARLOTTE BAG}","WOODLAND CHARLOTTE BAG",0.02162,0.532,11.69,347,1.21432692307692,15.9435096153846,185,3574.05
"{LUNCH BAG DOLLY GIRL DESIGN} => {LUNCH BAG SUKI DESIGN}","LUNCH BAG SUKI DESIGN",0.0185,0.496,7.07,343,2.16708495713172,9.69134840218238,170,3573.02
"{CHILDRENS CUTLERY POLKADOT BLUE,CHILDRENS CUTLERY POLKADOT PINK} => {CHILDRENS CUTLERY RETROSPOT RED}","CHILDRENS CUTLERY RETROSPOT RED",0.01045,0.641,26.8,107,4.98771167048055,10.4439359267735,69,3572.79
"{CHARLOTTE BAG SUKI DESIGN} => {STRAWBERRY CHARLOTTE BAG}","STRAWBERRY CHARLOTTE BAG",0.02271,0.472,11.95,464,1.20416897506925,13.5470914127424,219,3572.67
"{HAND WARMER OWL DESIGN} => {HAND WARMER RED RETROSPOT}","HAND WARMER RED RETROSPOT",0.01144,0.32,14.92,444,2.21428571428571,11.3494897959184,142,3570.61
"{LUNCH BAG RED RETROSPOT,LUNCH BAG SUKI DESIGN} => {CHARLOTTE BAG SUKI DESIGN}","CHARLOTTE BAG SUKI DESIGN",0.01177,0.328,6.82,440,1.20502844141069,20.4732650739477,144,3560.5
"{JUMBO BAG APPLES,JUMBO SHOPPER VINTAGE RED PAISLEY} => {JUMBO BAG RED RETROSPOT}","JUMBO BAG RED RETROSPOT",0.01346,0.739,6.51,87,2.49391702846117,22.1968162083936,64,3559.07
"{JUMBO BAG RED RETROSPOT,JUMBO BAG SPACEBOY DESIGN} => {JUMBO BAG WOODLAND ANIMALS}","JUMBO BAG WOODLAND ANIMALS",0.01193,0.508,10.77,211,2.93349187935035,11.3120649651972,107,3556.91
"{STRAWBERRY CHARLOTTE BAG} => {LUNCH BAG CARS BLUE}","LUNCH BAG CARS BLUE",0.01461,0.37,5.88,455,2.06529155787641,10.2254134029591,168,3555.29
"{JUMBO BAG DOLLY GIRL DESIGN} => {JUMBO STORAGE BAG SUKI}","JUMBO STORAGE BAG SUKI",0.01259,0.511,7.89,220,2.7507347972973,11.4966216216216,112,3555.19
"{PLASTERS IN TIN SPACEBOY} => {PLASTERS IN TIN WOODLAND ANIMALS}","PLASTERS IN TIN WOODLAND ANIMALS",0.01861,0.505,13.11,333,1.91142045454545,11.0411931818182,168,3549.02
"{JUMBO BAG PINK POLKADOT,JUMBO STORAGE BAG SUKI} => {JUMBO SHOPPER VINTAGE RED PAISLEY}","JUMBO SHOPPER VINTAGE RED PAISLEY",0.01691,0.6,9.34,206,2.68828790459966,10.6746166950596,124,3546.88
"{JUMBO BAG PINK POLKADOT,JUMBO BAG RED RETROSPOT,JUMBO SHOPPER VINTAGE RED PAISLEY} => {JUMBO  BAG BAROQUE BLACK WHITE}","JUMBO  BAG BAROQUE BLACK WHITE",0.01116,0.54,10.64,174,2.61653721682848,14.4174757281553,94,3544.53
"{JUMBO BAG RED RETROSPOT,WHITE HANGING HEART T-LIGHT HOLDER} => {JUMBO STORAGE BAG SUKI}","JUMBO STORAGE BAG SUKI",0.0116,0.473,7.3,236,2.7507347972973,11.4966216216216,112,3530.14
"{JUMBO BAG OWLS,JUMBO STORAGE BAG SUKI} => {JUMBO BAG RED RETROSPOT}","JUMBO BAG RED RETROSPOT",0.01264,0.724,6.38,88,2.49391702846117,22.1968162083936,64,3526.91
"{JUMBO BAG VINTAGE CHRISTMAS} => {JUMBO BAG 50'S CHRISTMAS}","JUMBO BAG 50'S CHRISTMAS",0.01762,0.679,17.41,152,2.42241234221599,14.0743338008415,103,3518.76
"{CHARLOTTE BAG PINK POLKADOT} => {LUNCH BAG CARS BLUE}","LUNCH BAG CARS BLUE",0.01379,0.34,5.4,490,2.06529155787641,10.2254134029591,167,3518.34
"{JUMBO BAG OWLS} => {JUMBO STORAGE BAG SKULLS}","JUMBO STORAGE BAG SKULLS",0.01084,0.305,7.93,452,2.79534188034188,9.10968660968661,138,3510.56
"{LUNCH BAG DOLLY GIRL DESIGN} => {LUNCH BAG WOODLAND}","LUNCH BAG WOODLAND",0.0156,0.419,7.54,396,2.18364891518738,9.68145956607495,166,3507.78
"{LUNCH BAG ALPHABET DESIGN} => {LUNCH BAG WOODLAND}","LUNCH BAG WOODLAND",0.01374,0.34,6.12,488,2.18364891518738,9.68145956607495,166,3507.7
"{CHARLOTTE BAG SUKI DESIGN} => {CHARLOTTE BAG PINK POLKADOT}","CHARLOTTE BAG PINK POLKADOT",0.02244,0.466,11.49,469,1.22587601078167,13.0619946091644,219,3499.57
"{CHARLOTTE BAG PINK POLKADOT} => {LUNCH BAG SUKI DESIGN}","LUNCH BAG SUKI DESIGN",0.01379,0.34,4.84,490,2.16708495713172,9.69134840218238,167,3498.93
"{LUNCH BAG  BLACK SKULL.,LUNCH BAG VINTAGE DOILY} => {JUMBO BAG VINTAGE DOILY}","JUMBO BAG VINTAGE DOILY",0.01012,0.493,7.33,190,2.2780162601626,16.3845528455285,94,3496.17
"{JUMBO  BAG BAROQUE BLACK WHITE,JUMBO STORAGE BAG SUKI} => {JUMBO BAG WOODLAND ANIMALS}","JUMBO BAG WOODLAND ANIMALS",0.01084,0.469,9.95,224,2.93349187935035,11.3120649651972,105,3486.16
"{JUMBO BAG PINK POLKADOT,JUMBO BAG RED RETROSPOT,JUMBO STORAGE BAG SUKI} => {JUMBO BAG PINK VINTAGE PAISLEY}","JUMBO BAG PINK VINTAGE PAISLEY",0.0104,0.46,9.72,223,2.67275144508671,12.7028901734104,103,3482.76
"{RED DINER WALL CLOCK} => {IVORY DINER WALL CLOCK}","IVORY DINER WALL CLOCK",0.01095,0.435,19.14,260,8.85578313253012,3.47469879518072,113,3480.22
"{CHARLOTTE BAG APPLES DESIGN} => {LUNCH BAG APPLE DESIGN}","LUNCH BAG APPLE DESIGN",0.01565,0.491,8.66,297,2.04046376811594,11.6772946859903,146,3474.63
"{JUMBO  BAG BAROQUE BLACK WHITE,JUMBO SHOPPER VINTAGE RED PAISLEY} => {JUMBO BAG WOODLAND ANIMALS}","JUMBO BAG WOODLAND ANIMALS",0.01062,0.461,9.77,227,2.93349187935035,11.3120649651972,105,3472.59
"{REGENCY TEA PLATE ROSES} => {ROSES REGENCY TEACUP AND SAUCER}","ROSES REGENCY TEACUP AND SAUCER",0.01505,0.619,10.66,169,3.66992467043314,9.04331450094162,105,3471.86
"{ALARM CLOCK BAKELIKE ORANGE} => {ALARM CLOCK BAKELIKE PINK}","ALARM CLOCK BAKELIKE PINK",0.01182,0.485,11.33,229,4.58228607918263,6.81353767560664,111,3467.62
"{LUNCH BAG DOLLY GIRL DESIGN} => {LUNCH BAG CARS BLUE}","LUNCH BAG CARS BLUE",0.01505,0.404,6.42,406,2.06529155787641,10.2254134029591,164,3463.93
"{LUNCH BAG RED RETROSPOT,LUNCH BAG SUKI DESIGN} => {LUNCH BAG CARS BLUE}","LUNCH BAG CARS BLUE",0.01855,0.518,8.23,316,2.06529155787641,10.2254134029591,164,3456.84
"{ALARM CLOCK BAKELIKE GREEN,ALARM CLOCK BAKELIKE RED} => {ALARM CLOCK BAKELIKE IVORY}","ALARM CLOCK BAKELIKE IVORY",0.01423,0.406,13.07,380,4.42278169014085,5.06514084507042,154,3456.18
"{LUNCH BAG  BLACK SKULL.,LUNCH BAG SUKI DESIGN} => {LUNCH BAG APPLE DESIGN}","LUNCH BAG APPLE DESIGN",0.01467,0.459,8.1,316,2.04046376811594,11.6772946859903,145,3455.98
"{LUNCH BAG RED RETROSPOT,LUNCH BAG SUKI DESIGN} => {LUNCH BAG WOODLAND}","LUNCH BAG WOODLAND",0.01702,0.475,8.56,344,2.18364891518738,9.68145956607495,163,3454.42
"{LUNCH BAG VINTAGE LEAF DESIGN} => {LUNCH BAG SUKI DESIGN}","LUNCH BAG SUKI DESIGN",0.0162,0.444,6.33,370,2.16708495713172,9.69134840218238,164,3450.2
"{CHARLOTTE BAG PINK POLKADOT} => {PACK OF 72 RETROSPOT CAKE CASES}","PACK OF 72 RETROSPOT CAKE CASES",0.01412,0.348,4.81,484,0.745037878787879,27.4893939393939,168,3449.6
"{WOOD S/3 CABINET ANT WHITE FINISH} => {WOODEN PICTURE FRAME WHITE FINISH}","WOODEN PICTURE FRAME WHITE FINISH",0.01188,0.36,6,385,3.10584699453552,8.01092896174863,139,3448.47
"{CHARLOTTE BAG PINK POLKADOT} => {LUNCH BAG  BLACK SKULL.}","LUNCH BAG  BLACK SKULL.",0.01483,0.365,5.25,471,2.10808025177026,9.51376868607396,172,3447.89
"{JUMBO BAG PINK POLKADOT,JUMBO BAG WOODLAND ANIMALS} => {JUMBO BAG SPACEBOY DESIGN}","JUMBO BAG SPACEBOY DESIGN",0.01056,0.45,12,236,2.66170802919708,12.192700729927,106,3446.55
"{LUNCH BAG PINK POLKADOT,LUNCH BAG RED RETROSPOT} => {LUNCH BAG APPLE DESIGN}","LUNCH BAG APPLE DESIGN",0.01302,0.393,6.93,368,2.04046376811594,11.6772946859903,145,3445.97
"{STRAWBERRY CHARLOTTE BAG} => {LUNCH BAG SUKI DESIGN}","LUNCH BAG SUKI DESIGN",0.01379,0.349,4.97,470,2.16708495713172,9.69134840218238,164,3444.95
"{HEART OF WICKER SMALL,WHITE HANGING HEART T-LIGHT HOLDER} => {HEART OF WICKER LARGE}","HEART OF WICKER LARGE",0.01122,0.52,10.3,189,3.2897616468039,10.6533044420368,98,3444.4
"{JUMBO BAG RED RETROSPOT,RECYCLING BAG RETROSPOT} => {JUMBO BAG WOODLAND ANIMALS}","JUMBO BAG WOODLAND ANIMALS",0.01105,0.487,10.32,213,2.93349187935035,11.3120649651972,104,3442.19
"{STRAWBERRY CHARLOTTE BAG} => {LUNCH BAG  BLACK SKULL.}","LUNCH BAG  BLACK SKULL.",0.01538,0.389,5.6,441,2.10808025177026,9.51376868607396,172,3440.55
"{JUMBO STORAGE BAG SUKI,RED RETROSPOT CHARLOTTE BAG} => {JUMBO BAG RED RETROSPOT}","JUMBO BAG RED RETROSPOT",0.01001,0.661,5.82,94,2.49391702846117,22.1968162083936,62,3439.55
"{STRAWBERRY CHARLOTTE BAG} => {WOODLAND CHARLOTTE BAG}","WOODLAND CHARLOTTE BAG",0.02222,0.562,12.35,316,1.21432692307692,15.9435096153846,178,3438.29
"{JUMBO BAG RED RETROSPOT,JUMBO STORAGE BAG SKULLS} => {JUMBO BAG WOODLAND ANIMALS}","JUMBO BAG WOODLAND ANIMALS",0.011,0.486,10.29,213,2.93349187935035,11.3120649651972,104,3435.13
"{RED RETROSPOT CHARLOTTE BAG} => {CHARLOTTE BAG APPLES DESIGN}","CHARLOTTE BAG APPLES DESIGN",0.018,0.319,9.99,703,1.12058319039451,13.6620926243568,224,3433.27
"{CHARLOTTE BAG PINK POLKADOT,RED RETROSPOT CHARLOTTE BAG} => {LUNCH BAG RED RETROSPOT}","LUNCH BAG RED RETROSPOT",0.01313,0.46,5.37,282,2.13269181585678,12.3925831202046,130,3428.44
"{JUMBO  BAG BAROQUE BLACK WHITE,JUMBO BAG PINK POLKADOT} => {JUMBO BAG WOODLAND ANIMALS}","JUMBO BAG WOODLAND ANIMALS",0.01084,0.478,10.14,216,2.93349187935035,11.3120649651972,103,3426.17
"{RED RETROSPOT PICNIC BAG} => {LUNCH BAG RED RETROSPOT}","LUNCH BAG RED RETROSPOT",0.01248,0.432,5.05,300,2.13269181585678,12.3925831202046,130,3425.27
"{JUMBO BAG PINK POLKADOT,LUNCH BAG PINK POLKADOT} => {JUMBO BAG RED RETROSPOT}","JUMBO BAG RED RETROSPOT",0.01171,0.711,6.27,87,2.49391702846117,22.1968162083936,62,3424.22
"{PAPER CHAIN KIT VINTAGE CHRISTMAS} => {60 CAKE CASES VINTAGE CHRISTMAS}","60 CAKE CASES VINTAGE CHRISTMAS",0.01368,0.306,9.04,566,0.769741518578352,25.6445880452342,173,3418.84
"{JUMBO BAG PINK VINTAGE PAISLEY,JUMBO SHOPPER VINTAGE RED PAISLEY} => {JUMBO BAG WOODLAND ANIMALS}","JUMBO BAG WOODLAND ANIMALS",0.01018,0.446,9.46,231,2.93349187935035,11.3120649651972,103,3418.8
"{WOOD S/3 CABINET ANT WHITE FINISH} => {WOODEN FRAME ANTIQUE WHITE}","WOODEN FRAME ANTIQUE WHITE",0.01084,0.329,6.2,404,3.58291021671827,7.17647058823529,133,3417.62
"{JUMBO BAG WOODLAND ANIMALS,JUMBO SHOPPER VINTAGE RED PAISLEY} => {JUMBO BAG SCANDINAVIAN BLUE PAISLEY}","JUMBO BAG SCANDINAVIAN BLUE PAISLEY",0.01051,0.492,11.18,198,2.70037267080745,12.9826086956522,97,3415.2
"{CHILDRENS CUTLERY POLKADOT BLUE} => {CHILDRENS CUTLERY POLKADOT PINK}","CHILDRENS CUTLERY POLKADOT PINK",0.01631,0.76,25.54,94,4.93301470588235,9.6875,71,3414.02
"{JUMBO BAG OWLS,JUMBO BAG RED RETROSPOT} => {JUMBO BAG SCANDINAVIAN BLUE PAISLEY}","JUMBO BAG SCANDINAVIAN BLUE PAISLEY",0.01001,0.468,10.62,208,2.70037267080745,12.9826086956522,97,3412.67
"{JUMBO BAG RED RETROSPOT,JUMBO SHOPPER VINTAGE RED PAISLEY,JUMBO STORAGE BAG SUKI} => {JUMBO BAG SCANDINAVIAN BLUE PAISLEY}","JUMBO BAG SCANDINAVIAN BLUE PAISLEY",0.01155,0.541,12.28,179,2.70037267080745,12.9826086956522,97,3394.97
"{WOODLAND CHARLOTTE BAG} => {STRAWBERRY CHARLOTTE BAG}","STRAWBERRY CHARLOTTE BAG",0.02222,0.488,12.35,426,1.20416897506925,13.5470914127424,208,3391.27
"{REGENCY CAKESTAND 3 TIER,ROSES REGENCY TEACUP AND SAUCER} => {PINK REGENCY TEACUP AND SAUCER}","PINK REGENCY TEACUP AND SAUCER",0.01811,0.63,15.16,194,3.71778947368421,7.46315789473684,122,3391.17
"{JUMBO BAG APPLES,JUMBO BAG PEARS} => {JUMBO BAG VINTAGE DOILY}","JUMBO BAG VINTAGE DOILY",0.01472,0.663,9.84,137,2.2780162601626,16.3845528455285,91,3390.2
"{JUMBO BAG APPLES,LUNCH BAG APPLE DESIGN} => {JUMBO BAG VINTAGE DOILY}","JUMBO BAG VINTAGE DOILY",0.01067,0.534,7.94,170,2.2780162601626,16.3845528455285,91,3388.3
"{LUNCH BAG  BLACK SKULL.,LUNCH BAG RED RETROSPOT} => {LUNCH BAG CARS BLUE}","LUNCH BAG CARS BLUE",0.01768,0.504,8.01,318,2.06529155787641,10.2254134029591,160,3384.7
"{SUKI  SHOULDER BAG} => {JAM MAKING SET PRINTED}","JAM MAKING SET PRINTED",0.01193,0.411,6.52,312,1.90982638888889,13.8168402777778,128,3383.76
"{JUMBO BAG RED RETROSPOT,JUMBO BAG VINTAGE LEAF} => {JUMBO BAG VINTAGE DOILY}","JUMBO BAG VINTAGE DOILY",0.01609,0.692,10.28,131,2.2780162601626,16.3845528455285,91,3383.52
"{JUMBO BAG PINK POLKADOT,JUMBO BAG VINTAGE DOILY} => {JUMBO BAG RED RETROSPOT}","JUMBO BAG RED RETROSPOT",0.01308,0.745,6.56,82,2.49391702846117,22.1968162083936,61,3381.76
"{JUMBO BAG RED RETROSPOT,JUMBO BAG TOYS} => {JUMBO BAG PINK POLKADOT}","JUMBO BAG PINK POLKADOT",0.01275,0.677,10.18,111,2.60603618421053,17.2672697368421,75,3381.55
"{PLASTERS IN TIN WOODLAND ANIMALS} => {PLASTERS IN TIN STRONGMAN}","PLASTERS IN TIN STRONGMAN",0.01302,0.338,12,466,1.84947572815534,11.5980582524272,158,3378.6
"{STRAWBERRY CHARLOTTE BAG} => {PACK OF 72 RETROSPOT CAKE CASES}","PACK OF 72 RETROSPOT CAKE CASES",0.0139,0.352,4.87,468,0.745037878787879,27.4893939393939,165,3373.9
"{REGENCY TEAPOT ROSES} => {ROSES REGENCY TEACUP AND SAUCER}","ROSES REGENCY TEACUP AND SAUCER",0.01297,0.571,9.83,178,3.66992467043314,9.04331450094162,102,3373.19
"{RED RETROSPOT SHOPPER BAG} => {LUNCH BAG RED RETROSPOT}","LUNCH BAG RED RETROSPOT",0.01045,0.332,3.88,384,2.13269181585678,12.3925831202046,127,3369.45
"{JUMBO BAG PINK POLKADOT,JUMBO BAG RED RETROSPOT,JUMBO STORAGE BAG SUKI} => {JUMBO BAG WOODLAND ANIMALS}","JUMBO BAG WOODLAND ANIMALS",0.01281,0.567,12.01,179,2.93349187935035,11.3120649651972,101,3367.93
"{LUNCH BAG DOLLY GIRL DESIGN} => {LUNCH BAG  BLACK SKULL.}","LUNCH BAG  BLACK SKULL.",0.01653,0.443,6.38,379,2.10808025177026,9.51376868607396,168,3367.31
"{JUMBO SHOPPER VINTAGE RED PAISLEY,LUNCH BAG RED RETROSPOT} => {JUMBO BAG RED RETROSPOT}","JUMBO BAG RED RETROSPOT",0.01078,0.691,6.09,88,2.49391702846117,22.1968162083936,61,3366.15
"{RED KITCHEN SCALES} => {IVORY KITCHEN SCALES}","IVORY KITCHEN SCALES",0.01609,0.543,14.03,247,9.46661016949153,2.65112994350282,134,3366.06
"{LUNCH BAG VINTAGE LEAF DESIGN} => {LUNCH BAG ALPHABET DESIGN}","LUNCH BAG ALPHABET DESIGN",0.01527,0.419,10.36,387,1.97169147496617,10.5209742895805,162,3363.72
"{JUMBO BAG WOODLAND ANIMALS,JUMBO STORAGE BAG SUKI} => {JUMBO BAG TOYS}","JUMBO BAG TOYS",0.01182,0.481,16.84,233,3.13097701149425,9.58429118773946,112,3363.11
"{HANGING HEART ZINC T-LIGHT HOLDER} => {NATURAL SLATE HEART CHALKBOARD}","NATURAL SLATE HEART CHALKBOARD",0.01012,0.307,4.49,418,3.5936217948718,7.29166666666667,128,3362.59
"{JUMBO BAG PINK POLKADOT,JUMBO SHOPPER VINTAGE RED PAISLEY} => {JUMBO BAG TOYS}","JUMBO BAG TOYS",0.01018,0.397,13.91,282,3.13097701149425,9.58429118773946,112,3359.54
"{JUMBO BAG SCANDINAVIAN BLUE PAISLEY,JUMBO SHOPPER VINTAGE RED PAISLEY} => {JUMBO BAG PINK VINTAGE PAISLEY}","JUMBO BAG PINK VINTAGE PAISLEY",0.01237,0.562,11.88,176,2.67275144508671,12.7028901734104,99,3358.23
"{JUMBO BAG ALPHABET,JUMBO STORAGE BAG SUKI} => {JUMBO BAG RED RETROSPOT}","JUMBO BAG RED RETROSPOT",0.01127,0.705,6.22,86,2.49391702846117,22.1968162083936,61,3356.3
"{SUKI  SHOULDER BAG} => {RECIPE BOX PANTRY YELLOW DESIGN}","RECIPE BOX PANTRY YELLOW DESIGN",0.01045,0.36,5.94,339,3.7116862037872,7.40126239855726,122,3352.58
"{LUNCH BAG  BLACK SKULL.,LUNCH BAG RED RETROSPOT} => {LUNCH BAG WOODLAND}","LUNCH BAG WOODLAND",0.01576,0.449,8.1,353,2.18364891518738,9.68145956607495,158,3350.77
"{CHARLOTTE BAG SUKI DESIGN,RED RETROSPOT CHARLOTTE BAG} => {LUNCH BAG RED RETROSPOT}","LUNCH BAG RED RETROSPOT",0.01417,0.511,5.97,248,2.13269181585678,12.3925831202046,127,3349.37
"{JUMBO BAG PEARS} => {LUNCH BAG APPLE DESIGN}","LUNCH BAG APPLE DESIGN",0.01248,0.384,6.78,366,2.04046376811594,11.6772946859903,141,3348.76
"{JUMBO BAG SCANDINAVIAN BLUE PAISLEY,JUMBO STORAGE BAG SUKI} => {JUMBO  BAG BAROQUE BLACK WHITE}","JUMBO  BAG BAROQUE BLACK WHITE",0.01034,0.531,10.47,167,2.61653721682848,14.4174757281553,89,3345.24
"{LUNCH BAG  BLACK SKULL.,LUNCH BAG RED RETROSPOT} => {CHARLOTTE BAG SUKI DESIGN}","CHARLOTTE BAG SUKI DESIGN",0.01067,0.304,6.32,446,1.20502844141069,20.4732650739477,136,3344.97
"{TOY TIDY PINK POLKADOT} => {RECYCLING BAG RETROSPOT}","RECYCLING BAG RETROSPOT",0.01489,0.58,14.19,197,3.19374832663989,9.15930388219545,114,3342.39
"{SUKI  SHOULDER BAG} => {GREEN REGENCY TEACUP AND SAUCER}","GREEN REGENCY TEACUP AND SAUCER",0.01051,0.362,6.53,338,3.84362290227048,7.106614017769,122,3342.17
"{ALARM CLOCK BAKELIKE CHOCOLATE} => {ALARM CLOCK BAKELIKE PINK}","ALARM CLOCK BAKELIKE PINK",0.01204,0.514,12,208,4.58228607918263,6.81353767560664,107,3337.96
"{JUMBO BAG APPLES,JUMBO BAG PINK POLKADOT} => {JUMBO BAG RED RETROSPOT}","JUMBO BAG RED RETROSPOT",0.01582,0.792,6.98,76,2.49391702846117,22.1968162083936,60,3332.05
"{JUMBO BAG SCANDINAVIAN BLUE PAISLEY,JUMBO SHOPPER VINTAGE RED PAISLEY} => {JUMBO BAG WOODLAND ANIMALS}","JUMBO BAG WOODLAND ANIMALS",0.01051,0.478,10.12,210,2.93349187935035,11.3120649651972,100,3330.99
"{PACK OF 72 SKULL CAKE CASES} => {PACK OF 72 RETROSPOT CAKE CASES}","PACK OF 72 RETROSPOT CAKE CASES",0.02041,0.564,7.81,288,0.745037878787879,27.4893939393939,162,3326.71
"{HAND WARMER UNION JACK} => {HAND WARMER SCOTTY DOG DESIGN}","HAND WARMER SCOTTY DOG DESIGN",0.01177,0.45,15.03,263,2.34299817184643,11.9963436928702,118,3326.51
"{LUNCH BAG CARS BLUE,LUNCH BAG SUKI DESIGN} => {LUNCH BAG RED RETROSPOT}","LUNCH BAG RED RETROSPOT",0.01855,0.629,7.35,200,2.13269181585678,12.3925831202046,126,3324.84
"{SET/20 RED RETROSPOT PAPER NAPKINS} => {SET/6 RED SPOTTY PAPER CUPS}","SET/6 RED SPOTTY PAPER CUPS",0.0162,0.301,12.92,687,0.966948356807512,16.6267605633803,207,3324.56
"{WOODLAND CHARLOTTE BAG} => {CHARLOTTE BAG PINK POLKADOT}","CHARLOTTE BAG PINK POLKADOT",0.02162,0.475,11.69,437,1.22587601078167,13.0619946091644,208,3323.77
"{PAINTED METAL PEARS ASSORTED} => {ASSORTED COLOUR BIRD ORNAMENT}","ASSORTED COLOUR BIRD ORNAMENT",0.01417,0.7,8.8,111,1.72325533379215,24.8141775636614,78,3322.54
"{LUNCH BAG  BLACK SKULL.,LUNCH BAG RED RETROSPOT} => {LUNCH BAG SUKI DESIGN}","LUNCH BAG SUKI DESIGN",0.01959,0.559,7.95,283,2.16708495713172,9.69134840218238,158,3322.45
"{LUNCH BAG SPACEBOY DESIGN,LUNCH BAG SUKI DESIGN} => {LUNCH BAG RED RETROSPOT}","LUNCH BAG RED RETROSPOT",0.01806,0.619,7.23,203,2.13269181585678,12.3925831202046,126,3321.06
"{JUMBO BAG PINK POLKADOT,JUMBO SHOPPER VINTAGE RED PAISLEY} => {JUMBO STORAGE BAG SUKI}","JUMBO STORAGE BAG SUKI",0.01691,0.66,10.19,159,2.7507347972973,11.4966216216216,105,3318.64
"{REGENCY TEAPOT ROSES} => {REGENCY TEA PLATE ROSES}","REGENCY TEA PLATE ROSES",0.01089,0.48,19.73,216,2.07711711711712,15.4076576576577,104,3318.12
"{RED RETROSPOT CHARLOTTE BAG,WOODLAND CHARLOTTE BAG} => {LUNCH BAG RED RETROSPOT}","LUNCH BAG RED RETROSPOT",0.01259,0.455,5.32,275,2.13269181585678,12.3925831202046,125,3307
"{ROUND SNACK BOXES SET OF4 WOODLAND} => {LUNCH BAG WOODLAND}","LUNCH BAG WOODLAND",0.01237,0.309,5.56,506,2.18364891518738,9.68145956607495,156,3305.47
"{JUMBO BAG WOODLAND ANIMALS,JUMBO SHOPPER VINTAGE RED PAISLEY} => {JUMBO BAG PINK VINTAGE PAISLEY}","JUMBO BAG PINK VINTAGE PAISLEY",0.01018,0.477,10.07,204,2.67275144508671,12.7028901734104,97,3303.77
"{JUMBO BAG RED RETROSPOT,JUMBO SHOPPER VINTAGE RED PAISLEY,JUMBO STORAGE BAG SUKI} => {JUMBO BAG PINK VINTAGE PAISLEY}","JUMBO BAG PINK VINTAGE PAISLEY",0.01018,0.477,10.07,204,2.67275144508671,12.7028901734104,97,3303.77
"{JUMBO BAG RED RETROSPOT,JUMBO BAG VINTAGE LEAF} => {JUMBO STORAGE BAG SUKI}","JUMBO STORAGE BAG SUKI",0.01012,0.435,6.72,240,2.7507347972973,11.4966216216216,104,3301.56
"{HAND WARMER OWL DESIGN} => {HAND WARMER UNION JACK}","HAND WARMER UNION JACK",0.01292,0.361,13.82,417,2.20046025104603,9.96443514644352,151,3300.73
"{JUMBO BAG RED RETROSPOT,RED RETROSPOT CHARLOTTE BAG} => {JUMBO STORAGE BAG SUKI}","JUMBO STORAGE BAG SUKI",0.01001,0.431,6.65,242,2.7507347972973,11.4966216216216,104,3298.46
"{LUNCH BAG RED RETROSPOT,LUNCH BAG SPACEBOY DESIGN} => {LUNCH BAG APPLE DESIGN}","LUNCH BAG APPLE DESIGN",0.01363,0.445,7.85,311,2.04046376811594,11.6772946859903,138,3297.55
"{JUMBO BAG VINTAGE DOILY,LUNCH BAG VINTAGE DOILY} => {LUNCH BAG RED RETROSPOT}","LUNCH BAG RED RETROSPOT",0.01248,0.452,5.29,276,2.13269181585678,12.3925831202046,125,3297.14
"{LUNCH BAG VINTAGE LEAF DESIGN} => {LUNCH BAG  BLACK SKULL.}","LUNCH BAG  BLACK SKULL.",0.01603,0.44,6.32,373,2.10808025177026,9.51376868607396,164,3291.56
"{JUMBO BAG APPLES,JUMBO STORAGE BAG SUKI} => {JUMBO BAG ALPHABET}","JUMBO BAG ALPHABET",0.01012,0.492,9.95,191,2.39287610619469,14.6272123893805,94,3289.12
"{JUMBO  BAG BAROQUE BLACK WHITE,JUMBO BAG RED RETROSPOT} => {JUMBO STORAGE BAG SKULLS}","JUMBO STORAGE BAG SKULLS",0.01051,0.328,8.54,393,2.79534188034188,9.10968660968661,129,3282.5
"{ALARM CLOCK BAKELIKE GREEN,ALARM CLOCK BAKELIKE RED} => {ALARM CLOCK BAKELIKE ORANGE}","ALARM CLOCK BAKELIKE ORANGE",0.01138,0.325,13.35,432,4.51586516853933,5.1752808988764,140,3281.27
"{LUNCH BAG DOLLY GIRL DESIGN} => {LUNCH BAG VINTAGE DOILY}","LUNCH BAG VINTAGE DOILY",0.01231,0.33,5.51,456,1.82762773722628,11.9306569343066,150,3281.19
"{JUMBO STORAGE BAG SKULLS} => {LUNCH BAG  BLACK SKULL.}","LUNCH BAG  BLACK SKULL.",0.01423,0.37,5.32,442,2.10808025177026,9.51376868607396,164,3279.92
"{STRAWBERRY CHARLOTTE BAG} => {LUNCH BAG WOODLAND}","LUNCH BAG WOODLAND",0.01231,0.312,5.62,497,2.18364891518738,9.68145956607495,155,3278.19
"{LUNCH BAG RED RETROSPOT,LUNCH BAG SUKI DESIGN} => {LUNCH BAG VINTAGE DOILY}","LUNCH BAG VINTAGE DOILY",0.01281,0.357,5.96,421,1.82762773722628,11.9306569343066,150,3277.2
"{JUMBO BAG ALPHABET,JUMBO BAG RED RETROSPOT} => {JUMBO STORAGE BAG SUKI}","JUMBO STORAGE BAG SUKI",0.01127,0.498,7.68,208,2.7507347972973,11.4966216216216,104,3275.76
"{JUMBO BAG PINK POLKADOT,JUMBO BAG RED RETROSPOT,JUMBO SHOPPER VINTAGE RED PAISLEY} => {JUMBO BAG SCANDINAVIAN BLUE PAISLEY}","JUMBO BAG SCANDINAVIAN BLUE PAISLEY",0.01149,0.556,12.61,168,2.70037267080745,12.9826086956522,93,3274.69
"{JUMBO BAG RED RETROSPOT,RECYCLING BAG RETROSPOT} => {JUMBO STORAGE BAG SUKI}","JUMBO STORAGE BAG SUKI",0.01204,0.53,8.18,195,2.7507347972973,11.4966216216216,103,3268.36
"{JAM MAKING SET PRINTED,SET OF 3 CAKE TINS PANTRY DESIGN} => {JAM MAKING SET WITH JARS}","JAM MAKING SET WITH JARS",0.01127,0.594,9.6,141,5.07986725663717,7.67787610619469,84,3266.62
"{JUMBO BAG RED RETROSPOT,JUMBO BAG SPACEBOY DESIGN} => {JUMBO STORAGE BAG SUKI}","JUMBO STORAGE BAG SUKI",0.01401,0.597,9.21,173,2.7507347972973,11.4966216216216,103,3266.17
"{JUMBO  BAG BAROQUE BLACK WHITE,JUMBO BAG RED RETROSPOT,JUMBO STORAGE BAG SUKI} => {JUMBO BAG PINK POLKADOT}","JUMBO BAG PINK POLKADOT",0.01127,0.648,9.73,112,2.60603618421053,17.2672697368421,73,3265.86
"{JUMBO  BAG BAROQUE BLACK WHITE,JUMBO BAG SCANDINAVIAN BLUE PAISLEY} => {JUMBO BAG PINK POLKADOT}","JUMBO BAG PINK POLKADOT",0.01029,0.614,9.23,118,2.60603618421053,17.2672697368421,72,3260.28
"{LUNCH BAG RED RETROSPOT,LUNCH BAG SUKI DESIGN} => {LUNCH BAG  BLACK SKULL.}","LUNCH BAG  BLACK SKULL.",0.01959,0.547,7.86,297,2.10808025177026,9.51376868607396,162,3258.24
"{LUNCH BAG  BLACK SKULL.,LUNCH BAG CARS BLUE} => {LUNCH BAG RED RETROSPOT}","LUNCH BAG RED RETROSPOT",0.01768,0.619,7.23,199,2.13269181585678,12.3925831202046,123,3255.62
"{LUNCH BAG ALPHABET DESIGN} => {LUNCH BAG PINK POLKADOT}","LUNCH BAG PINK POLKADOT",0.01385,0.342,5.74,486,2.03613406795225,9.59504132231405,166,3247.25
"{JUMBO BAG PINK POLKADOT,JUMBO BAG PINK VINTAGE PAISLEY} => {JUMBO BAG SCANDINAVIAN BLUE PAISLEY}","JUMBO BAG SCANDINAVIAN BLUE PAISLEY",0.01193,0.575,13.06,161,2.70037267080745,12.9826086956522,93,3245.48
"{JUMBO BAG APPLES,JUMBO BAG RED RETROSPOT} => {LUNCH BAG RED RETROSPOT}","LUNCH BAG RED RETROSPOT",0.01023,0.342,4,359,2.13269181585678,12.3925831202046,123,3244.97
"{CHARLOTTE BAG PINK POLKADOT} => {LUNCH BAG PINK POLKADOT}","LUNCH BAG PINK POLKADOT",0.01374,0.338,5.68,491,2.03613406795225,9.59504132231405,166,3242.29
"{JUMBO BAG PINK POLKADOT,JUMBO STORAGE BAG SKULLS} => {JUMBO BAG RED RETROSPOT}","JUMBO BAG RED RETROSPOT",0.01396,0.77,6.79,76,2.49391702846117,22.1968162083936,59,3239.49
"{JUMBO  BAG BAROQUE BLACK WHITE,JUMBO SHOPPER VINTAGE RED PAISLEY} => {JUMBO STORAGE BAG SUKI}","JUMBO STORAGE BAG SUKI",0.01341,0.582,8.98,176,2.7507347972973,11.4966216216216,102,3239.33
"{JUMBO BAG OWLS,JUMBO BAG RED RETROSPOT} => {JUMBO BAG WOODLAND ANIMALS}","JUMBO BAG WOODLAND ANIMALS",0.01111,0.519,11.01,188,2.93349187935035,11.3120649651972,98,3237.81
"{JUMBO BAG RED RETROSPOT,JUMBO BAG STRAWBERRY} => {LUNCH BAG RED RETROSPOT}","LUNCH BAG RED RETROSPOT",0.01034,0.353,4.12,347,2.13269181585678,12.3925831202046,122,3237.38
"{LUNCH BAG VINTAGE LEAF DESIGN} => {LUNCH BAG CARS BLUE}","LUNCH BAG CARS BLUE",0.01308,0.359,5.71,427,2.06529155787641,10.2254134029591,153,3237.31
"{JUMBO BAG PINK POLKADOT,JUMBO BAG SPACEBOY DESIGN} => {JUMBO BAG RED RETROSPOT}","JUMBO BAG RED RETROSPOT",0.01445,0.779,6.86,75,2.49391702846117,22.1968162083936,58,3234.23
"{JUMBO BAG APPLES,JUMBO BAG WOODLAND ANIMALS} => {JUMBO BAG PINK POLKADOT}","JUMBO BAG PINK POLKADOT",0.01018,0.614,9.22,117,2.60603618421053,17.2672697368421,72,3232.65
"{JUMBO BAG PINK VINTAGE PAISLEY,JUMBO SHOPPER VINTAGE RED PAISLEY} => {JUMBO STORAGE BAG SUKI}","JUMBO STORAGE BAG SUKI",0.01302,0.571,8.81,179,2.7507347972973,11.4966216216216,102,3232.27
"{PLASTERS IN TIN WOODLAND ANIMALS} => {PLASTERS IN TIN CIRCUS PARADE}","PLASTERS IN TIN CIRCUS PARADE",0.01549,0.402,12.86,421,1.7876357267951,10.6760070052539,169,3229.95
"{WOOD 2 DRAWER CABINET WHITE FINISH} => {WOODEN FRAME ANTIQUE WHITE}","WOODEN FRAME ANTIQUE WHITE",0.01084,0.367,6.91,342,3.58291021671827,7.17647058823529,126,3227.3
"{HAND WARMER OWL DESIGN} => {HAND WARMER RED LOVE HEART}","HAND WARMER RED LOVE HEART",0.01193,0.334,15.37,435,2.23141057934509,9.93702770780856,145,3221.6
"{JUMBO BAG RED RETROSPOT,JUMBO BAG WOODLAND ANIMALS} => {LUNCH BAG RED RETROSPOT}","LUNCH BAG RED RETROSPOT",0.01023,0.35,4.08,348,2.13269181585678,12.3925831202046,122,3219.12
"{LUNCH BAG  BLACK SKULL.,LUNCH BAG RED RETROSPOT} => {LUNCH BAG VINTAGE DOILY}","LUNCH BAG VINTAGE DOILY",0.01264,0.36,6.01,410,1.82762773722628,11.9306569343066,148,3218.39
"{JUMBO SHOPPER VINTAGE RED PAISLEY,JUMBO STORAGE BAG SUKI} => {JUMBO STORAGE BAG SKULLS}","JUMBO STORAGE BAG SKULLS",0.0116,0.405,10.53,312,2.79534188034188,9.10968660968661,126,3217.72
"{HAND WARMER SCOTTY DOG DESIGN} => {HAND WARMER RED RETROSPOT}","HAND WARMER RED RETROSPOT",0.01116,0.373,17.38,343,2.21428571428571,11.3494897959184,128,3215.24
"{JUMBO BAG SCANDINAVIAN BLUE PAISLEY,JUMBO STORAGE BAG SUKI} => {JUMBO BAG RED RETROSPOT}","JUMBO BAG RED RETROSPOT",0.01549,0.795,7.01,73,2.49391702846117,22.1968162083936,58,3212.64
"{WOOD 2 DRAWER CABINET WHITE FINISH} => {WOODEN PICTURE FRAME WHITE FINISH}","WOODEN PICTURE FRAME WHITE FINISH",0.01171,0.396,6.6,326,3.10584699453552,8.01092896174863,129,3212
"{LUNCH BAG  BLACK SKULL.,LUNCH BAG PINK POLKADOT} => {LUNCH BAG RED RETROSPOT}","LUNCH BAG RED RETROSPOT",0.01976,0.664,7.75,183,2.13269181585678,12.3925831202046,122,3211.51
"{JUMBO  BAG BAROQUE BLACK WHITE,JUMBO BAG PINK POLKADOT} => {JUMBO STORAGE BAG SUKI}","JUMBO STORAGE BAG SUKI",0.01292,0.57,8.8,178,2.7507347972973,11.4966216216216,101,3208.59
"{JUMBO BAG APPLES,LUNCH BAG RED RETROSPOT} => {JUMBO BAG RED RETROSPOT}","JUMBO BAG RED RETROSPOT",0.01023,0.69,6.08,84,2.49391702846117,22.1968162083936,58,3208.49
"{JUMBO BAG PINK POLKADOT,JUMBO BAG RED RETROSPOT,JUMBO SHOPPER VINTAGE RED PAISLEY} => {JUMBO BAG PINK VINTAGE PAISLEY}","JUMBO BAG PINK VINTAGE PAISLEY",0.01073,0.519,10.95,182,2.67275144508671,12.7028901734104,94,3207.01
"{JUMBO BAG PINK POLKADOT,JUMBO BAG WOODLAND ANIMALS} => {JUMBO BAG TOYS}","JUMBO BAG TOYS",0.01095,0.466,16.32,229,3.13097701149425,9.58429118773946,107,3202.29
"{LUNCH BAG CARS BLUE,LUNCH BAG RED RETROSPOT} => {LUNCH BAG APPLE DESIGN}","LUNCH BAG APPLE DESIGN",0.01248,0.411,7.25,327,2.04046376811594,11.6772946859903,134,3202.29
"{RED RETROSPOT CHARLOTTE BAG,STRAWBERRY CHARLOTTE BAG} => {LUNCH BAG RED RETROSPOT}","LUNCH BAG RED RETROSPOT",0.01259,0.473,5.53,256,2.13269181585678,12.3925831202046,121,3200.3
"{LUNCH BAG ALPHABET DESIGN} => {LUNCH BAG SPACEBOY DESIGN}","LUNCH BAG SPACEBOY DESIGN",0.01664,0.411,6.5,435,2.00968885047537,8.90060501296456,179,3198.01
"{JUMBO BAG RED RETROSPOT,JUMBO BAG WOODLAND ANIMALS} => {JUMBO STORAGE BAG SKULLS}","JUMBO STORAGE BAG SKULLS",0.011,0.376,9.78,334,2.79534188034188,9.10968660968661,126,3197.96
"{ALARM CLOCK BAKELIKE GREEN,ALARM CLOCK BAKELIKE RED} => {ALARM CLOCK BAKELIKE CHOCOLATE}","ALARM CLOCK BAKELIKE CHOCOLATE",0.01231,0.352,15.01,415,4.75672897196262,4.60046728971963,146,3196.69
"{LUNCH BAG RED RETROSPOT,LUNCH BAG SUKI DESIGN} => {LUNCH BAG PINK POLKADOT}","LUNCH BAG PINK POLKADOT",0.01811,0.505,8.48,324,2.03613406795225,9.59504132231405,164,3196.61
"{PLASTERS IN TIN SPACEBOY} => {PLASTERS IN TIN STRONGMAN}","PLASTERS IN TIN STRONGMAN",0.0122,0.331,11.76,450,1.84947572815534,11.5980582524272,149,3195.03
"{FELTCRAFT CUSHION RABBIT} => {FELTCRAFT CUSHION BUTTERFLY}","FELTCRAFT CUSHION BUTTERFLY",0.0122,0.578,30.34,163,4.28117816091954,7.91954022988506,94,3194.32
"{LUNCH BAG PINK POLKADOT,LUNCH BAG RED RETROSPOT} => {LUNCH BAG WOODLAND}","LUNCH BAG WOODLAND",0.01549,0.467,8.42,323,2.18364891518738,9.68145956607495,151,3188.92
"{JUMBO BAG WOODLAND ANIMALS,JUMBO STORAGE BAG SUKI} => {RECYCLING BAG RETROSPOT}","RECYCLING BAG RETROSPOT",0.01023,0.416,10.19,262,3.19374832663989,9.15930388219545,109,3188.29
"{JUMBO BAG PINK VINTAGE PAISLEY,JUMBO STORAGE BAG SUKI} => {JUMBO BAG SCANDINAVIAN BLUE PAISLEY}","JUMBO BAG SCANDINAVIAN BLUE PAISLEY",0.01084,0.541,12.28,168,2.70037267080745,12.9826086956522,91,3186.34
"{LUNCH BAG PINK POLKADOT,LUNCH BAG RED RETROSPOT} => {LUNCH BAG CARS BLUE}","LUNCH BAG CARS BLUE",0.01762,0.531,8.45,284,2.06529155787641,10.2254134029591,151,3184.75
"{LUNCH BAG  BLACK SKULL.,LUNCH BAG SPACEBOY DESIGN} => {LUNCH BAG RED RETROSPOT}","LUNCH BAG RED RETROSPOT",0.0174,0.621,7.26,194,2.13269181585678,12.3925831202046,120,3184.07
"{LUNCH BAG  BLACK SKULL.,LUNCH BAG SUKI DESIGN} => {CHARLOTTE BAG SUKI DESIGN}","CHARLOTTE BAG SUKI DESIGN",0.01056,0.33,6.87,391,1.20502844141069,20.4732650739477,129,3183.28
"{JUMBO BAG RED RETROSPOT,LUNCH BAG SUKI DESIGN} => {JUMBO STORAGE BAG SUKI}","JUMBO STORAGE BAG SUKI",0.01193,0.538,8.31,187,2.7507347972973,11.4966216216216,101,3181.58
"{JUMBO BAG PINK POLKADOT,JUMBO BAG SCANDINAVIAN BLUE PAISLEY} => {JUMBO BAG PINK VINTAGE PAISLEY}","JUMBO BAG PINK VINTAGE PAISLEY",0.01193,0.571,12.06,164,2.67275144508671,12.7028901734104,94,3179.37
"{LUNCH BAG CARS BLUE,LUNCH BAG SUKI DESIGN} => {LUNCH BAG APPLE DESIGN}","LUNCH BAG APPLE DESIGN",0.01324,0.449,7.93,297,2.04046376811594,11.6772946859903,133,3177.41
"{JUMBO BAG RED RETROSPOT,JUMBO SHOPPER VINTAGE RED PAISLEY,JUMBO STORAGE BAG SUKI} => {JUMBO BAG WOODLAND ANIMALS}","JUMBO BAG WOODLAND ANIMALS",0.01215,0.569,12.07,168,2.93349187935035,11.3120649651972,96,3172.11
"{PLASTERS IN TIN CIRCUS PARADE} => {PLASTERS IN TIN SPACEBOY}","PLASTERS IN TIN SPACEBOY",0.01472,0.471,12.79,302,1.86276374442793,11.9687964338782,142,3171.29
"{JUMBO BAG PINK POLKADOT,JUMBO BAG SCANDINAVIAN BLUE PAISLEY} => {JUMBO BAG WOODLAND ANIMALS}","JUMBO BAG WOODLAND ANIMALS",0.01045,0.5,10.6,191,2.93349187935035,11.3120649651972,96,3169.06
"{JAM MAKING SET PRINTED,JAM MAKING SET WITH JARS} => {RECIPE BOX PANTRY YELLOW DESIGN}","RECIPE BOX PANTRY YELLOW DESIGN",0.01095,0.424,6.98,272,3.7116862037872,7.40126239855726,115,3168.19
"{ALARM CLOCK BAKELIKE ORANGE} => {ALARM CLOCK BAKELIKE RED}","ALARM CLOCK BAKELIKE RED",0.01653,0.679,11.81,143,4.40365714285714,7.39809523809524,97,3163.29
"{LUNCH BAG DOLLY GIRL DESIGN} => {LUNCH BAG PINK POLKADOT}","LUNCH BAG PINK POLKADOT",0.0145,0.389,6.53,416,2.03613406795225,9.59504132231405,162,3161.52
"{JUMBO  BAG BAROQUE BLACK WHITE,JUMBO BAG RED RETROSPOT,JUMBO SHOPPER VINTAGE RED PAISLEY} => {JUMBO BAG PINK POLKADOT}","JUMBO BAG PINK POLKADOT",0.01116,0.656,9.86,107,2.60603618421053,17.2672697368421,70,3158.58
"{JUMBO BAG PINK POLKADOT,LUNCH BAG RED RETROSPOT} => {JUMBO BAG RED RETROSPOT}","JUMBO BAG RED RETROSPOT",0.01363,0.771,6.8,74,2.49391702846117,22.1968162083936,57,3158.34
"{RECIPE BOX RETROSPOT} => {RECIPE BOX PANTRY YELLOW DESIGN}","RECIPE BOX PANTRY YELLOW DESIGN",0.01177,0.465,7.67,247,3.7116862037872,7.40126239855726,115,3155.2
"{SUKI  SHOULDER BAG} => {NATURAL SLATE HEART CHALKBOARD}","NATURAL SLATE HEART CHALKBOARD",0.01012,0.349,5.11,345,3.5936217948718,7.29166666666667,120,3155.03
"{LUNCH BAG PINK POLKADOT,LUNCH BAG RED RETROSPOT} => {LUNCH BAG SUKI DESIGN}","LUNCH BAG SUKI DESIGN",0.01811,0.546,7.78,275,2.16708495713172,9.69134840218238,150,3153.45
"{JUMBO BAG PINK VINTAGE PAISLEY,JUMBO BAG SCANDINAVIAN BLUE PAISLEY} => {JUMBO STORAGE BAG SUKI}","JUMBO STORAGE BAG SUKI",0.01084,0.496,7.66,201,2.7507347972973,11.4966216216216,100,3152.8
"{LUNCH BAG VINTAGE LEAF DESIGN} => {LUNCH BAG WOODLAND}","LUNCH BAG WOODLAND",0.01231,0.338,6.09,441,2.18364891518738,9.68145956607495,149,3151.22
"{PACK OF 60 PINK PAISLEY CAKE CASES} => {60 TEATIME FAIRY CAKE CASES}","60 TEATIME FAIRY CAKE CASES",0.01937,0.407,8.99,515,0.690531400966184,21.7596618357488,210,3149.47
"{JUMBO BAG OWLS,JUMBO BAG WOODLAND ANIMALS} => {JUMBO BAG RED RETROSPOT}","JUMBO BAG RED RETROSPOT",0.01111,0.72,6.35,79,2.49391702846117,22.1968162083936,57,3148.71
"{LUNCH BAG PINK POLKADOT,LUNCH BAG RED RETROSPOT} => {LUNCH BAG VINTAGE DOILY}","LUNCH BAG VINTAGE DOILY",0.01297,0.391,6.52,369,1.82762773722628,11.9306569343066,144,3145.97
"{JUMBO BAG VINTAGE LEAF,JUMBO STORAGE BAG SUKI} => {JUMBO BAG RED RETROSPOT}","JUMBO BAG RED RETROSPOT",0.01012,0.693,6.11,82,2.49391702846117,22.1968162083936,57,3145.72
"{72 SWEETHEART FAIRY CAKE CASES} => {PACK OF 72 RETROSPOT CAKE CASES}","PACK OF 72 RETROSPOT CAKE CASES",0.01647,0.489,6.78,314,0.745037878787879,27.4893939393939,154,3144.72
"{LUNCH BAG ALPHABET DESIGN} => {LUNCH BAG VINTAGE LEAF DESIGN}","LUNCH BAG VINTAGE LEAF DESIGN",0.01527,0.378,10.36,460,1.92492492492492,9.38888888888889,174,3142.52
"{LUNCH BAG SPACEBOY DESIGN,LUNCH BAG SUKI DESIGN} => {LUNCH BAG APPLE DESIGN}","LUNCH BAG APPLE DESIGN",0.01313,0.45,7.95,293,2.04046376811594,11.6772946859903,132,3141.6
"{JUMBO BAG PINK POLKADOT,JUMBO STORAGE BAG SUKI} => {JUMBO STORAGE BAG SKULLS}","JUMBO STORAGE BAG SKULLS",0.01111,0.394,10.26,312,2.79534188034188,9.10968660968661,123,3130.32
"{72 SWEETHEART FAIRY CAKE CASES} => {PACK OF 60 PINK PAISLEY CAKE CASES}","PACK OF 60 PINK PAISLEY CAKE CASES",0.01346,0.4,8.41,369,0.747307249712313,28.3544303797468,148,3127.57
"{JUMBO STORAGE BAG SUKI,RECYCLING BAG RETROSPOT} => {JUMBO BAG RED RETROSPOT}","JUMBO BAG RED RETROSPOT",0.01204,0.743,6.55,76,2.49391702846117,22.1968162083936,56,3125.9
"{HAND WARMER UNION JACK} => {HAND WARMER BIRD DESIGN}","HAND WARMER BIRD DESIGN",0.01012,0.387,12.79,293,2.40614828209765,11.4303797468354,113,3118.61
"{JUMBO SHOPPER VINTAGE RED PAISLEY,JUMBO STORAGE BAG SKULLS} => {JUMBO BAG RED RETROSPOT}","JUMBO BAG RED RETROSPOT",0.01237,0.751,6.62,75,2.49391702846117,22.1968162083936,56,3117.98
"{JUMBO BAG APPLES,JUMBO BAG RED RETROSPOT} => {JUMBO STORAGE BAG SKULLS}","JUMBO STORAGE BAG SKULLS",0.01012,0.339,8.82,361,2.79534188034188,9.10968660968661,122,3116.34
"{JUMBO BAG APPLES,JUMBO STORAGE BAG SUKI} => {JUMBO BAG WOODLAND ANIMALS}","JUMBO BAG WOODLAND ANIMALS",0.01056,0.513,10.88,183,2.93349187935035,11.3120649651972,94,3115.27
"{BOX OF 24 COCKTAIL PARASOLS} => {CHARLOTTE BAG SUKI DESIGN}","CHARLOTTE BAG SUKI DESIGN",0.01007,0.316,6.56,399,1.20502844141069,20.4732650739477,126,3110.6
"{JUMBO BAG RED RETROSPOT,JUMBO BAG SCANDINAVIAN BLUE PAISLEY,JUMBO SHOPPER VINTAGE RED PAISLEY} => {JUMBO BAG PINK POLKADOT}","JUMBO BAG PINK POLKADOT",0.01149,0.671,10.08,103,2.60603618421053,17.2672697368421,69,3110.02
"{JUMBO BAG WOODLAND ANIMALS,JUMBO STORAGE BAG SKULLS} => {JUMBO BAG RED RETROSPOT}","JUMBO BAG RED RETROSPOT",0.011,0.72,6.35,78,2.49391702846117,22.1968162083936,56,3108.85
"{STRAWBERRY CHARLOTTE BAG} => {RED RETROSPOT CHARLOTTE BAG}","RED RETROSPOT CHARLOTTE BAG",0.0266,0.673,11.92,236,1.13962209302326,17.1744186046512,159,3108.64
"{JUMBO  BAG BAROQUE BLACK WHITE,JUMBO BAG APPLES} => {JUMBO BAG RED RETROSPOT}","JUMBO BAG RED RETROSPOT",0.01133,0.729,6.42,77,2.49391702846117,22.1968162083936,56,3107.36
"{JUMBO  BAG BAROQUE BLACK WHITE,JUMBO BAG WOODLAND ANIMALS} => {JUMBO BAG PINK POLKADOT}","JUMBO BAG PINK POLKADOT",0.01084,0.651,9.79,106,2.60603618421053,17.2672697368421,69,3105.21
"{GREEN REGENCY TEACUP AND SAUCER,REGENCY CAKESTAND 3 TIER} => {PINK REGENCY TEACUP AND SAUCER}","PINK REGENCY TEACUP AND SAUCER",0.01877,0.674,16.2,166,3.71778947368421,7.46315789473684,112,3104.38
"{SUKI  SHOULDER BAG} => {CHARLOTTE BAG SUKI DESIGN}","CHARLOTTE BAG SUKI DESIGN",0.01122,0.387,8.04,325,1.20502844141069,20.4732650739477,126,3102.98
"{LUNCH BAG RED RETROSPOT,LUNCH BAG WOODLAND} => {LUNCH BAG APPLE DESIGN}","LUNCH BAG APPLE DESIGN",0.01292,0.449,7.92,290,2.04046376811594,11.6772946859903,130,3102.53
"{JUMBO BAG PINK VINTAGE PAISLEY,JUMBO BAG STRAWBERRY} => {JUMBO BAG RED RETROSPOT}","JUMBO BAG RED RETROSPOT",0.0116,0.736,6.49,76,2.49391702846117,22.1968162083936,56,3096.45
"{JUMBO BAG PINK POLKADOT,LUNCH BAG SUKI DESIGN} => {JUMBO BAG RED RETROSPOT}","JUMBO BAG RED RETROSPOT",0.01018,0.699,6.16,80,2.49391702846117,22.1968162083936,56,3095.56
"{JUMBO BAG PINK POLKADOT,JUMBO BAG WOODLAND ANIMALS} => {JUMBO STORAGE BAG SUKI}","JUMBO STORAGE BAG SUKI",0.01521,0.648,10,151,2.7507347972973,11.4966216216216,98,3094.36
"{JUMBO BAG RED RETROSPOT,JUMBO BAG VINTAGE DOILY} => {LUNCH BAG VINTAGE DOILY}","LUNCH BAG VINTAGE DOILY",0.01363,0.432,7.19,328,1.82762773722628,11.9306569343066,142,3089.65
"{PLASTERS IN TIN SPACEBOY} => {PLASTERS IN TIN CIRCUS PARADE}","PLASTERS IN TIN CIRCUS PARADE",0.01472,0.4,12.79,404,1.7876357267951,10.6760070052539,162,3084.11
"{JUMBO BAG ALPHABET,JUMBO BAG APPLES} => {JUMBO STORAGE BAG SUKI}","JUMBO STORAGE BAG SUKI",0.01012,0.473,7.3,206,2.7507347972973,11.4966216216216,97,3081.39
"{LUNCH BAG  BLACK SKULL.,LUNCH BAG RED RETROSPOT} => {LUNCH BAG PINK POLKADOT}","LUNCH BAG PINK POLKADOT",0.01976,0.563,9.45,280,2.03613406795225,9.59504132231405,158,3079.78
"{JUMBO BAG RED RETROSPOT,JUMBO BAG SPACEBOY DESIGN} => {JUMBO SHOPPER VINTAGE RED PAISLEY}","JUMBO SHOPPER VINTAGE RED PAISLEY",0.01155,0.492,7.66,218,2.68828790459966,10.6746166950596,107,3077.87
"{CHOCOLATE THIS WAY METAL SIGN} => {HAND OVER THE CHOCOLATE   SIGN}","HAND OVER THE CHOCOLATE   SIGN",0.01034,0.404,10.97,279,2.36270430906389,11.55720653789,113,3077.85
"{JAM MAKING SET PRINTED,RECIPE BOX PANTRY YELLOW DESIGN} => {JAM MAKING SET WITH JARS}","JAM MAKING SET WITH JARS",0.01095,0.606,9.8,130,5.07986725663717,7.67787610619469,79,3072.62
"{JUMBO BAG STRAWBERRY,JUMBO STORAGE BAG SUKI} => {JUMBO BAG RED RETROSPOT}","JUMBO BAG RED RETROSPOT",0.01319,0.77,6.79,72,2.49391702846117,22.1968162083936,55,3068.99
"{JUMBO BAG RED RETROSPOT,JUMBO STORAGE BAG SKULLS} => {JUMBO STORAGE BAG SUKI}","JUMBO STORAGE BAG SUKI",0.01417,0.626,9.66,155,2.7507347972973,11.4966216216216,97,3068.49
"{RED  HARMONICA IN BOX} => {BLUE HARMONICA IN BOX}","BLUE HARMONICA IN BOX",0.01729,0.48,14.55,342,1.43364842454395,13.0331674958541,164,3067.33
"{JUMBO BAG APPLES,JUMBO BAG WOODLAND ANIMALS} => {JUMBO BAG RED RETROSPOT}","JUMBO BAG RED RETROSPOT",0.01259,0.759,6.69,73,2.49391702846117,22.1968162083936,55,3067.17
"{LUNCH BAG  BLACK SKULL.,LUNCH BAG SUKI DESIGN} => {LUNCH BAG WOODLAND}","LUNCH BAG WOODLAND",0.01478,0.462,8.33,314,2.18364891518738,9.68145956607495,145,3066.87
"{JUMBO BAG PINK POLKADOT,JUMBO BAG RED RETROSPOT,JUMBO SHOPPER VINTAGE RED PAISLEY} => {JUMBO BAG WOODLAND ANIMALS}","JUMBO BAG WOODLAND ANIMALS",0.01188,0.574,12.17,161,2.93349187935035,11.3120649651972,92,3066.65
"{JUMBO BAG PINK POLKADOT,JUMBO BAG STRAWBERRY} => {JUMBO BAG RED RETROSPOT}","JUMBO BAG RED RETROSPOT",0.01527,0.802,7.07,69,2.49391702846117,22.1968162083936,55,3063.35
"{60 TEATIME FAIRY CAKE CASES} => {PACK OF 72 SKULL CAKE CASES}","PACK OF 72 SKULL CAKE CASES",0.01363,0.301,8.31,579,0.792087745839637,22.1906202723147,174,3063.29
"{LUNCH BAG  BLACK SKULL.,LUNCH BAG SUKI DESIGN} => {LUNCH BAG CARS BLUE}","LUNCH BAG CARS BLUE",0.01724,0.539,8.58,269,2.06529155787641,10.2254134029591,145,3061.99
"{PACK OF 60 DINOSAUR CAKE CASES} => {PACK OF 72 RETROSPOT CAKE CASES}","PACK OF 72 RETROSPOT CAKE CASES",0.01746,0.532,7.36,281,0.745037878787879,27.4893939393939,149,3061.69
"{JUMBO BAG SPACEBOY DESIGN,JUMBO BAG WOODLAND ANIMALS} => {JUMBO BAG RED RETROSPOT}","JUMBO BAG RED RETROSPOT",0.01193,0.747,6.58,74,2.49391702846117,22.1968162083936,55,3060.03
"{REGENCY TEA PLATE ROSES} => {PINK REGENCY TEACUP AND SAUCER}","PINK REGENCY TEACUP AND SAUCER",0.01111,0.457,10.99,241,3.71778947368421,7.46315789473684,110,3055.91
"{JUMBO BAG WOODLAND ANIMALS,JUMBO STORAGE BAG SUKI} => {JUMBO SHOPPER VINTAGE RED PAISLEY}","JUMBO SHOPPER VINTAGE RED PAISLEY",0.01505,0.612,9.53,174,2.68828790459966,10.6746166950596,106,3055.83
"{LUNCH BAG CARS BLUE,LUNCH BAG PINK POLKADOT} => {LUNCH BAG RED RETROSPOT}","LUNCH BAG RED RETROSPOT",0.01762,0.641,7.49,180,2.13269181585678,12.3925831202046,115,3049.44
"{PACK OF 60 DINOSAUR CAKE CASES} => {PACK OF 60 PINK PAISLEY CAKE CASES}","PACK OF 60 PINK PAISLEY CAKE CASES",0.01302,0.397,8.34,362,0.747307249712313,28.3544303797468,144,3045.22
"{LUNCH BAG  BLACK SKULL.,LUNCH BAG PINK POLKADOT} => {LUNCH BAG APPLE DESIGN}","LUNCH BAG APPLE DESIGN",0.01122,0.377,6.65,339,2.04046376811594,11.6772946859903,128,3045.17
"{LUNCH BAG  BLACK SKULL.,LUNCH BAG CARS BLUE} => {LUNCH BAG APPLE DESIGN}","LUNCH BAG APPLE DESIGN",0.0122,0.427,7.54,299,2.04046376811594,11.6772946859903,128,3042.08
"{LUNCH BAG CARS BLUE,LUNCH BAG SPACEBOY DESIGN} => {LUNCH BAG RED RETROSPOT}","LUNCH BAG RED RETROSPOT",0.01609,0.609,7.11,189,2.13269181585678,12.3925831202046,115,3042.07
"{JUMBO BAG PEARS} => {LUNCH BAG VINTAGE DOILY}","LUNCH BAG VINTAGE DOILY",0.01226,0.377,6.29,370,1.82762773722628,11.9306569343066,139,3041.55
"{JUMBO STORAGE BAG SKULLS,JUMBO STORAGE BAG SUKI} => {JUMBO BAG WOODLAND ANIMALS}","JUMBO BAG WOODLAND ANIMALS",0.01045,0.52,11.03,176,2.93349187935035,11.3120649651972,92,3036.99
"{STRAWBERRY CHARLOTTE BAG} => {LUNCH BAG PINK POLKADOT}","LUNCH BAG PINK POLKADOT",0.01242,0.314,5.28,495,2.03613406795225,9.59504132231405,155,3036.6
"{NATURAL SLATE CHALKBOARD LARGE} => {NATURAL SLATE HEART CHALKBOARD}","NATURAL SLATE HEART CHALKBOARD",0.01122,0.434,6.36,267,3.5936217948718,7.29166666666667,116,3036.41
"{REGENCY TEA PLATE ROSES} => {GREEN REGENCY TEACUP AND SAUCER}","GREEN REGENCY TEACUP AND SAUCER",0.01226,0.505,9.1,220,3.84362290227048,7.106614017769,111,3034.71
"{CHARLOTTE BAG PINK POLKADOT} => {RED RETROSPOT CHARLOTTE BAG}","RED RETROSPOT CHARLOTTE BAG",0.02857,0.704,12.46,220,1.13962209302326,17.1744186046512,155,3031.37
"{JUMBO BAG PINK VINTAGE PAISLEY,JUMBO STORAGE BAG SUKI} => {JUMBO BAG WOODLAND ANIMALS}","JUMBO BAG WOODLAND ANIMALS",0.01051,0.525,11.12,174,2.93349187935035,11.3120649651972,91,3031.34
"{JUMBO BAG APPLES,JUMBO BAG PINK POLKADOT} => {JUMBO BAG WOODLAND ANIMALS}","JUMBO BAG WOODLAND ANIMALS",0.01018,0.51,10.8,179,2.93349187935035,11.3120649651972,91,3029.35
"{REGENCY TEA PLATE GREEN} => {ROSES REGENCY TEACUP AND SAUCER}","ROSES REGENCY TEACUP AND SAUCER",0.01248,0.6,10.32,152,3.66992467043314,9.04331450094162,91,3026.77
"{CHARLOTTE BAG PINK POLKADOT} => {STRAWBERRY CHARLOTTE BAG}","STRAWBERRY CHARLOTTE BAG",0.02074,0.511,12.93,363,1.20416897506925,13.5470914127424,185,3025.94
"{LUNCH BAG  BLACK SKULL.,LUNCH BAG SPACEBOY DESIGN} => {LUNCH BAG APPLE DESIGN}","LUNCH BAG APPLE DESIGN",0.01275,0.455,8.03,279,2.04046376811594,11.6772946859903,127,3024.73
"{CHARLOTTE BAG SUKI DESIGN} => {CHARLOTTE BAG APPLES DESIGN}","CHARLOTTE BAG APPLES DESIGN",0.01642,0.341,10.7,579,1.12058319039451,13.6620926243568,197,3022.69
"{ALARM CLOCK BAKELIKE CHOCOLATE} => {ALARM CLOCK BAKELIKE RED}","ALARM CLOCK BAKELIKE RED",0.01598,0.682,11.87,136,4.40365714285714,7.39809523809524,93,3021.74
"{PLASTERS IN TIN CIRCUS PARADE} => {PLASTERS IN TIN WOODLAND ANIMALS}","PLASTERS IN TIN WOODLAND ANIMALS",0.01549,0.496,12.86,288,1.91142045454545,11.0411931818182,143,3014.72
"{JUMBO  BAG BAROQUE BLACK WHITE,JUMBO BAG WOODLAND ANIMALS} => {JUMBO BAG RED RETROSPOT}","JUMBO BAG RED RETROSPOT",0.01275,0.766,6.76,71,2.49391702846117,22.1968162083936,54,3010.65
"{SET OF 60 PANTRY DESIGN CAKE CASES} => {PACK OF 72 RETROSPOT CAKE CASES}","PACK OF 72 RETROSPOT CAKE CASES",0.01286,0.374,5.18,393,0.745037878787879,27.4893939393939,147,3010.29
"{ALARM CLOCK BAKELIKE ORANGE} => {ALARM CLOCK BAKELIKE GREEN}","ALARM CLOCK BAKELIKE GREEN",0.01494,0.613,11.5,172,4.54470769230769,6.27384615384615,105,3006.28
"{JUMBO BAG SCANDINAVIAN BLUE PAISLEY,JUMBO SHOPPER VINTAGE RED PAISLEY} => {JUMBO STORAGE BAG SUKI}","JUMBO STORAGE BAG SUKI",0.01357,0.617,9.52,154,2.7507347972973,11.4966216216216,95,3004.86
"{CHARLOTTE BAG PINK POLKADOT,RED RETROSPOT CHARLOTTE BAG} => {CHARLOTTE BAG SUKI DESIGN}","CHARLOTTE BAG SUKI DESIGN",0.018,0.63,13.1,193,1.20502844141069,20.4732650739477,122,2999.73
"{CHARLOTTE BAG SUKI DESIGN,WOODLAND CHARLOTTE BAG} => {LUNCH BAG RED RETROSPOT}","LUNCH BAG RED RETROSPOT",0.01166,0.467,5.46,243,2.13269181585678,12.3925831202046,113,2999.25
"{JUMBO BAG RED RETROSPOT,JUMBO BAG WOODLAND ANIMALS,JUMBO STORAGE BAG SUKI} => {JUMBO BAG PINK POLKADOT}","JUMBO BAG PINK POLKADOT",0.01281,0.716,10.75,93,2.60603618421053,17.2672697368421,67,2996.4
"{COOK WITH WINE METAL SIGN,PLEASE ONE PERSON METAL SIGN} => {GIN + TONIC DIET METAL SIGN}","GIN + TONIC DIET METAL SIGN",0.01001,0.608,13.75,118,2.7705198019802,15.0606435643564,72,2993.58
"{JUMBO BAG OWLS,JUMBO BAG RED RETROSPOT} => {JUMBO STORAGE BAG SUKI}","JUMBO STORAGE BAG SUKI",0.01264,0.591,9.12,160,2.7507347972973,11.4966216216216,95,2990.38
"{LUNCH BAG DOLLY GIRL DESIGN} => {LUNCH BAG SPACEBOY DESIGN}","LUNCH BAG SPACEBOY DESIGN",0.02123,0.57,9,293,2.00968885047537,8.90060501296456,167,2987.38
"{JUMBO BAG RED RETROSPOT,LUNCH BAG RED RETROSPOT} => {LUNCH BAG SUKI DESIGN}","LUNCH BAG SUKI DESIGN",0.01368,0.432,6.15,329,2.16708495713172,9.69134840218238,142,2984.97
"{JUMBO BAG SCANDINAVIAN BLUE PAISLEY,JUMBO STORAGE BAG SUKI} => {JUMBO BAG PINK VINTAGE PAISLEY}","JUMBO BAG PINK VINTAGE PAISLEY",0.01084,0.556,11.75,158,2.67275144508671,12.7028901734104,88,2982.59
"{PLASTERS IN TIN CIRCUS PARADE} => {PLASTERS IN TIN STRONGMAN}","PLASTERS IN TIN STRONGMAN",0.01313,0.42,14.91,331,1.84947572815534,11.5980582524272,139,2982.02
"{ALARM CLOCK BAKELIKE PINK,ALARM CLOCK BAKELIKE RED} => {ALARM CLOCK BAKELIKE GREEN}","ALARM CLOCK BAKELIKE GREEN",0.01713,0.666,12.48,157,4.54470769230769,6.27384615384615,105,2981.36
"{HAND WARMER RED LOVE HEART} => {HAND WARMER OWL DESIGN}","HAND WARMER OWL DESIGN",0.01193,0.549,15.37,179,2.36416539050536,12.8269525267994,98,2980.07
"{JUMBO BAG RED RETROSPOT,RECYCLING BAG RETROSPOT} => {JUMBO SHOPPER VINTAGE RED PAISLEY}","JUMBO SHOPPER VINTAGE RED PAISLEY",0.01116,0.492,7.65,211,2.68828790459966,10.6746166950596,104,2979.04
"{PLASTERS IN TIN VINTAGE PAISLEY} => {PLASTERS IN TIN SPACEBOY}","PLASTERS IN TIN SPACEBOY",0.01177,0.38,10.31,351,1.86276374442793,11.9687964338782,133,2973.71
"{SET OF 20 VINTAGE CHRISTMAS NAPKINS} => {60 CAKE CASES VINTAGE CHRISTMAS}","60 CAKE CASES VINTAGE CHRISTMAS",0.01478,0.443,13.07,340,0.769741518578352,25.6445880452342,151,2973.19
"{JUMBO BAG PINK POLKADOT,JUMBO BAG WOODLAND ANIMALS} => {JUMBO SHOPPER VINTAGE RED PAISLEY}","JUMBO SHOPPER VINTAGE RED PAISLEY",0.0139,0.592,9.22,175,2.68828790459966,10.6746166950596,104,2972.95
"{JUMBO BAG PINK VINTAGE PAISLEY,JUMBO BAG WOODLAND ANIMALS} => {JUMBO BAG RED RETROSPOT}","JUMBO BAG RED RETROSPOT",0.01138,0.743,6.55,72,2.49391702846117,22.1968162083936,53,2961.38
"{JUMBO BAG TOYS,JUMBO STORAGE BAG SUKI} => {JUMBO BAG PINK POLKADOT}","JUMBO BAG PINK POLKADOT",0.01095,0.671,10.09,98,2.60603618421053,17.2672697368421,66,2959.05
"{HAND WARMER RED RETROSPOT} => {HAND WARMER OWL DESIGN}","HAND WARMER OWL DESIGN",0.01144,0.533,14.92,183,2.36416539050536,12.8269525267994,98,2957.87
"{JUMBO  BAG BAROQUE BLACK WHITE,JUMBO STORAGE BAG SUKI} => {JUMBO SHOPPER VINTAGE RED PAISLEY}","JUMBO SHOPPER VINTAGE RED PAISLEY",0.01341,0.581,9.04,177,2.68828790459966,10.6746166950596,103,2951.06
"{LUNCH BAG RED RETROSPOT,LUNCH BAG SPACEBOY DESIGN} => {LUNCH BAG CARS BLUE}","LUNCH BAG CARS BLUE",0.01609,0.525,8.35,266,2.06529155787641,10.2254134029591,140,2949.19
"{PACK OF 72 SKULL CAKE CASES} => {PACK OF 60 PINK PAISLEY CAKE CASES}","PACK OF 60 PINK PAISLEY CAKE CASES",0.01089,0.301,6.33,462,0.747307249712313,28.3544303797468,139,2946.65
"{JUMBO BAG RED RETROSPOT,JUMBO STORAGE BAG SKULLS} => {JUMBO SHOPPER VINTAGE RED PAISLEY}","JUMBO SHOPPER VINTAGE RED PAISLEY",0.01237,0.546,8.5,188,2.68828790459966,10.6746166950596,103,2945.63
"{JUMBO BAG PINK VINTAGE PAISLEY,JUMBO BAG RED RETROSPOT,JUMBO BAG SCANDINAVIAN BLUE PAISLEY} => {JUMBO BAG PINK POLKADOT}","JUMBO BAG PINK POLKADOT",0.01018,0.648,9.74,101,2.60603618421053,17.2672697368421,65,2945.1
"{JUMBO BAG SPACEBOY DESIGN,JUMBO BAG WOODLAND ANIMALS} => {JUMBO BAG PINK POLKADOT}","JUMBO BAG PINK POLKADOT",0.01056,0.661,9.93,99,2.60603618421053,17.2672697368421,65,2944.7
"{JUMBO BAG APPLES,JUMBO BAG VINTAGE DOILY} => {JUMBO BAG VINTAGE LEAF}","JUMBO BAG VINTAGE LEAF",0.0139,0.595,12.37,173,2.29795221843003,12.4334470989761,103,2941
"{JUMBO BAG SCANDINAVIAN BLUE PAISLEY,JUMBO STORAGE BAG SUKI} => {JUMBO BAG WOODLAND ANIMALS}","JUMBO BAG WOODLAND ANIMALS",0.01045,0.537,11.37,165,2.93349187935035,11.3120649651972,89,2940.26
"{LUNCH BAG RED RETROSPOT,LUNCH BAG SPACEBOY DESIGN} => {LUNCH BAG WOODLAND}","LUNCH BAG WOODLAND",0.01669,0.545,9.81,255,2.18364891518738,9.68145956607495,139,2938.06
"{JUMBO BAG WOODLAND ANIMALS,RECYCLING BAG RETROSPOT} => {JUMBO BAG RED RETROSPOT}","JUMBO BAG RED RETROSPOT",0.01105,0.737,6.5,72,2.49391702846117,22.1968162083936,53,2937.46
"{JUMBO BAG ALPHABET,JUMBO BAG RED RETROSPOT} => {JUMBO SHOPPER VINTAGE RED PAISLEY}","JUMBO SHOPPER VINTAGE RED PAISLEY",0.01012,0.447,6.96,229,2.68828790459966,10.6746166950596,102,2937.45
"{LUNCH BAG CARS BLUE,LUNCH BAG RED RETROSPOT} => {LUNCH BAG WOODLAND}","LUNCH BAG WOODLAND",0.01521,0.501,9.03,277,2.18364891518738,9.68145956607495,139,2933.87
"{JUMBO BAG RED RETROSPOT,JUMBO BAG VINTAGE LEAF} => {JUMBO BAG PEARS}","JUMBO BAG PEARS",0.01012,0.435,13.39,240,2.43333333333333,11.5488215488215,104,2933.86
"{PLASTERS IN TIN SKULLS} => {PLASTERS IN TIN SPACEBOY}","PLASTERS IN TIN SPACEBOY",0.01155,0.377,10.23,349,1.86276374442793,11.9687964338782,132,2933.43
"{LUNCH BAG RED RETROSPOT,LUNCH BAG SUKI DESIGN} => {LUNCH BAG SPACEBOY DESIGN}","LUNCH BAG SPACEBOY DESIGN",0.01806,0.504,7.96,325,2.00968885047537,8.90060501296456,164,2929.96
"{JUMBO  BAG BAROQUE BLACK WHITE,JUMBO STORAGE BAG SKULLS} => {JUMBO BAG RED RETROSPOT}","JUMBO BAG RED RETROSPOT",0.01051,0.725,6.39,73,2.49391702846117,22.1968162083936,53,2929.77
"{LUNCH BAG SPACEBOY DESIGN,LUNCH BAG WOODLAND} => {LUNCH BAG RED RETROSPOT}","LUNCH BAG RED RETROSPOT",0.01669,0.637,7.44,174,2.13269181585678,12.3925831202046,111,2929.4
"{LUNCH BAG PINK POLKADOT,LUNCH BAG RED RETROSPOT} => {LUNCH BAG  BLACK SKULL.}","LUNCH BAG  BLACK SKULL.",0.01976,0.596,8.56,245,2.10808025177026,9.51376868607396,146,2928.55
"{JUMBO BAG WOODLAND ANIMALS,JUMBO SHOPPER VINTAGE RED PAISLEY} => {JUMBO BAG TOYS}","JUMBO BAG TOYS",0.01084,0.508,17.77,192,3.13097701149425,9.58429118773946,98,2926.88
"{JUMBO BAG PINK POLKADOT,WHITE HANGING HEART T-LIGHT HOLDER} => {JUMBO BAG RED RETROSPOT}","JUMBO BAG RED RETROSPOT",0.01007,0.713,6.29,74,2.49391702846117,22.1968162083936,53,2920.75
"{JUMBO BAG PINK POLKADOT,JUMBO BAG SCANDINAVIAN BLUE PAISLEY} => {JUMBO STORAGE BAG SUKI}","JUMBO STORAGE BAG SUKI",0.01237,0.592,9.13,156,2.7507347972973,11.4966216216216,92,2920.55
"{JUMBO BAG ALPHABET,JUMBO BAG RED RETROSPOT} => {JUMBO BAG VINTAGE LEAF}","JUMBO BAG VINTAGE LEAF",0.01001,0.442,9.19,231,2.29795221843003,12.4334470989761,102,2917.2
"{REGENCY MILK JUG PINK,REGENCY SUGAR BOWL GREEN} => {REGENCY TEAPOT ROSES}","REGENCY TEAPOT ROSES",0.01056,0.794,34.97,50,11.1413253012048,6.59036144578313,40,2914.99
"{IVORY DINER WALL CLOCK} => {RED DINER WALL CLOCK}","RED DINER WALL CLOCK",0.01095,0.482,19.14,215,9.24141304347826,3.04347826086957,104,2914.7
"{JUMBO BAG PINK POLKADOT,JUMBO BAG SCANDINAVIAN BLUE PAISLEY} => {JUMBO BAG RED RETROSPOT}","JUMBO BAG RED RETROSPOT",0.01746,0.835,7.36,63,2.49391702846117,22.1968162083936,53,2912.06
"{LUNCH BAG  BLACK SKULL.,LUNCH BAG SUKI DESIGN} => {LUNCH BAG VINTAGE DOILY}","LUNCH BAG VINTAGE DOILY",0.01127,0.353,5.88,378,1.82762773722628,11.9306569343066,133,2909.5
"{PINK REGENCY TEACUP AND SAUCER} => {GREEN REGENCY TEACUP AND SAUCER}","GREEN REGENCY TEACUP AND SAUCER",0.03459,0.832,15,128,3.84362290227048,7.106614017769,106,2908.95
"{JUMBO BAG OWLS,JUMBO BAG PINK POLKADOT} => {JUMBO BAG RED RETROSPOT}","JUMBO BAG RED RETROSPOT",0.01149,0.75,6.61,70,2.49391702846117,22.1968162083936,52,2906.24
"{JUMBO BAG PINK POLKADOT,JUMBO BAG PINK VINTAGE PAISLEY} => {JUMBO STORAGE BAG SUKI}","JUMBO STORAGE BAG SUKI",0.0122,0.588,9.08,156,2.7507347972973,11.4966216216216,92,2900.82
"{JUMBO BAG VINTAGE DOILY,LUNCH BAG VINTAGE DOILY} => {LUNCH BAG APPLE DESIGN}","LUNCH BAG APPLE DESIGN",0.01122,0.407,7.18,299,2.04046376811594,11.6772946859903,122,2899.59
"{PLASTERS IN TIN VINTAGE PAISLEY} => {PLASTERS IN TIN WOODLAND ANIMALS}","PLASTERS IN TIN WOODLAND ANIMALS",0.01286,0.415,10.78,331,1.91142045454545,11.0411931818182,137,2899
"{WOODLAND CHARLOTTE BAG} => {CHARLOTTE BAG APPLES DESIGN}","CHARLOTTE BAG APPLES DESIGN",0.01587,0.349,10.92,542,1.12058319039451,13.6620926243568,189,2895.92
"{JUMBO  BAG BAROQUE BLACK WHITE,JUMBO BAG PINK POLKADOT} => {JUMBO SHOPPER VINTAGE RED PAISLEY}","JUMBO SHOPPER VINTAGE RED PAISLEY",0.01319,0.582,9.06,173,2.68828790459966,10.6746166950596,101,2889.33
"{REGENCY MILK JUG PINK} => {REGENCY SUGAR BOWL GREEN}","REGENCY SUGAR BOWL GREEN",0.0133,0.739,41.91,86,4.79913043478261,9.46894409937888,64,2888.07
"{LUNCH BAG VINTAGE LEAF DESIGN} => {LUNCH BAG PINK POLKADOT}","LUNCH BAG PINK POLKADOT",0.01209,0.332,5.57,445,2.03613406795225,9.59504132231405,148,2886.37
"{STRAWBERRY CHARLOTTE BAG} => {CHARLOTTE BAG PINK POLKADOT}","CHARLOTTE BAG PINK POLKADOT",0.02074,0.525,12.93,343,1.22587601078167,13.0619946091644,180,2883.43
"{JUMBO BAG PINK VINTAGE PAISLEY,JUMBO BAG RED RETROSPOT,JUMBO SHOPPER VINTAGE RED PAISLEY} => {JUMBO BAG PINK POLKADOT}","JUMBO BAG PINK POLKADOT",0.01073,0.674,10.12,95,2.60603618421053,17.2672697368421,64,2881.29
"{PACK OF 72 SKULL CAKE CASES} => {LUNCH BAG  BLACK SKULL.}","LUNCH BAG  BLACK SKULL.",0.01155,0.319,4.59,450,2.10808025177026,9.51376868607396,144,2879.01
"{ALARM CLOCK BAKELIKE IVORY,ALARM CLOCK BAKELIKE RED} => {ALARM CLOCK BAKELIKE PINK}","ALARM CLOCK BAKELIKE PINK",0.01127,0.552,12.89,167,4.58228607918263,6.81353767560664,92,2878.13
"{BLUE HAPPY BIRTHDAY BUNTING} => {PINK HAPPY BIRTHDAY BUNTING}","PINK HAPPY BIRTHDAY BUNTING",0.01434,0.675,30.77,126,5.93800498753117,5.69576059850374,85,2876.51
"{JUMBO  BAG BAROQUE BLACK WHITE,JUMBO BAG STRAWBERRY} => {JUMBO BAG RED RETROSPOT}","JUMBO BAG RED RETROSPOT",0.011,0.742,6.54,70,2.49391702846117,22.1968162083936,52,2875.24
"{CHARLOTTE BAG VINTAGE ALPHABET} => {CHARLOTTE BAG SUKI DESIGN}","CHARLOTTE BAG SUKI DESIGN",0.01335,0.522,10.86,223,1.20502844141069,20.4732650739477,116,2871.84
"{PLASTERS IN TIN SKULLS} => {PLASTERS IN TIN WOODLAND ANIMALS}","PLASTERS IN TIN WOODLAND ANIMALS",0.01275,0.416,10.8,327,1.91142045454545,11.0411931818182,136,2870.87
"{JUMBO BAG APPLES,JUMBO BAG RED RETROSPOT,JUMBO STORAGE BAG SUKI} => {JUMBO BAG PINK POLKADOT}","JUMBO BAG PINK POLKADOT",0.01001,0.651,9.79,98,2.60603618421053,17.2672697368421,64,2870.85
"{STRAWBERRY LUNCH BOX WITH CUTLERY} => {LUNCH BOX WITH CUTLERY RETROSPOT}","LUNCH BOX WITH CUTLERY RETROSPOT",0.01193,0.381,14.45,354,3.3251244813278,6.39419087136929,135,2867.62
"{JUMBO BAG APPLES,JUMBO BAG VINTAGE LEAF} => {JUMBO BAG VINTAGE DOILY}","JUMBO BAG VINTAGE DOILY",0.0139,0.698,10.37,110,2.2780162601626,16.3845528455285,77,2865.76
"{LUNCH BAG  BLACK SKULL.,LUNCH BAG RED RETROSPOT} => {LUNCH BAG SPACEBOY DESIGN}","LUNCH BAG SPACEBOY DESIGN",0.0174,0.496,7.84,323,2.00968885047537,8.90060501296456,160,2865.71
"{JUMBO  BAG BAROQUE BLACK WHITE,JUMBO BAG PINK VINTAGE PAISLEY} => {JUMBO BAG RED RETROSPOT}","JUMBO BAG RED RETROSPOT",0.01127,0.749,6.6,69,2.49391702846117,22.1968162083936,52,2860.91
"{HAND WARMER SCOTTY DOG DESIGN} => {HAND WARMER UNION JACK}","HAND WARMER UNION JACK",0.01177,0.393,15.03,332,2.20046025104603,9.96443514644352,130,2860.86
"{LUNCH BAG RED RETROSPOT,LUNCH BAG SUKI DESIGN} => {LUNCH BAG ALPHABET DESIGN}","LUNCH BAG ALPHABET DESIGN",0.01078,0.301,7.44,458,1.97169147496617,10.5209742895805,138,2859.74
"{SET OF 60 PANTRY DESIGN CAKE CASES} => {PACK OF 60 PINK PAISLEY CAKE CASES}","PACK OF 60 PINK PAISLEY CAKE CASES",0.01073,0.312,6.56,432,0.747307249712313,28.3544303797468,135,2856
"{BOX OF 24 COCKTAIL PARASOLS} => {PACK OF 72 RETROSPOT CAKE CASES}","PACK OF 72 RETROSPOT CAKE CASES",0.01259,0.395,5.46,353,0.745037878787879,27.4893939393939,139,2855.72
"{CHARLOTTE BAG PINK POLKADOT} => {LUNCH BAG SPACEBOY DESIGN}","LUNCH BAG SPACEBOY DESIGN",0.0127,0.313,4.94,510,2.00968885047537,8.90060501296456,160,2855.37
"{LUNCH BAG  BLACK SKULL.,LUNCH BAG SUKI DESIGN} => {LUNCH BAG PINK POLKADOT}","LUNCH BAG PINK POLKADOT",0.01582,0.495,8.3,295,2.03613406795225,9.59504132231405,146,2852.86
"{LUNCH BAG  BLACK SKULL.,LUNCH BAG PINK POLKADOT} => {LUNCH BAG WOODLAND}","LUNCH BAG WOODLAND",0.01346,0.452,8.15,298,2.18364891518738,9.68145956607495,135,2847.6
"{LUNCH BAG VINTAGE LEAF DESIGN} => {LUNCH BAG SPACEBOY DESIGN}","LUNCH BAG SPACEBOY DESIGN",0.01439,0.395,6.24,403,2.00968885047537,8.90060501296456,159,2847.41
"{LUNCH BAG RED RETROSPOT,LUNCH BAG SPACEBOY DESIGN} => {LUNCH BAG SUKI DESIGN}","LUNCH BAG SUKI DESIGN",0.01806,0.589,8.39,230,2.16708495713172,9.69134840218238,135,2845.14
"{LUNCH BAG  BLACK SKULL.,LUNCH BAG PINK POLKADOT} => {LUNCH BAG SUKI DESIGN}","LUNCH BAG SUKI DESIGN",0.01582,0.531,7.57,255,2.16708495713172,9.69134840218238,135,2843.77
"{LUNCH BAG CARS BLUE,LUNCH BAG SUKI DESIGN} => {LUNCH BAG WOODLAND}","LUNCH BAG WOODLAND",0.01406,0.477,8.59,282,2.18364891518738,9.68145956607495,135,2843.75
"{JUMBO BAG PEARS,JUMBO BAG VINTAGE DOILY} => {JUMBO BAG APPLES}","JUMBO BAG APPLES",0.01472,0.727,13.61,101,2.57344262295082,15.0389344262295,73,2841.76
"{LUNCH BAG APPLE DESIGN,LUNCH BAG VINTAGE DOILY} => {LUNCH BAG RED RETROSPOT}","LUNCH BAG RED RETROSPOT",0.01396,0.578,6.76,186,2.13269181585678,12.3925831202046,108,2841.39
"{LUNCH BAG RED RETROSPOT,LUNCH BAG SUKI DESIGN} => {LUNCH BAG DOLLY GIRL DESIGN}","LUNCH BAG DOLLY GIRL DESIGN",0.01253,0.35,9.38,426,1.93801762114537,9.81497797356828,149,2836.12
"{LUNCH BAG RED RETROSPOT,LUNCH BAG SPACEBOY DESIGN} => {LUNCH BAG VINTAGE DOILY}","LUNCH BAG VINTAGE DOILY",0.01122,0.366,6.1,355,1.82762773722628,11.9306569343066,130,2833.1
"{STRAWBERRY CHARLOTTE BAG} => {LUNCH BAG SPACEBOY DESIGN}","LUNCH BAG SPACEBOY DESIGN",0.01281,0.324,5.12,488,2.00968885047537,8.90060501296456,158,2828.22
"{FELTCRAFT CUSHION RABBIT} => {FELTCRAFT CUSHION OWL}","FELTCRAFT CUSHION OWL",0.01188,0.562,21.86,169,4.15770212765957,7.15957446808511,95,2827.25
"{LUNCH BAG SPACEBOY DESIGN,LUNCH BAG WOODLAND} => {LUNCH BAG APPLE DESIGN}","LUNCH BAG APPLE DESIGN",0.01182,0.451,7.96,263,2.04046376811594,11.6772946859903,119,2826.2
"{JUMBO BAG ALPHABET,JUMBO BAG PINK POLKADOT} => {JUMBO BAG RED RETROSPOT}","JUMBO BAG RED RETROSPOT",0.01116,0.75,6.61,68,2.49391702846117,22.1968162083936,51,2823.21
"{LUNCH BAG CARS BLUE,LUNCH BAG PINK POLKADOT} => {LUNCH BAG APPLE DESIGN}","LUNCH BAG APPLE DESIGN",0.01051,0.382,6.75,310,2.04046376811594,11.6772946859903,118,2821.6
"{LUNCH BAG CARS BLUE,LUNCH BAG SPACEBOY DESIGN} => {LUNCH BAG APPLE DESIGN}","LUNCH BAG APPLE DESIGN",0.01133,0.429,7.57,276,2.04046376811594,11.6772946859903,118,2821.22
"{CHARLOTTE BAG APPLES DESIGN} => {WOODLAND CHARLOTTE BAG}","WOODLAND CHARLOTTE BAG",0.01587,0.497,10.92,293,1.21432692307692,15.9435096153846,146,2819.31
"{REGENCY TEAPOT ROSES} => {GREEN REGENCY TEACUP AND SAUCER}","GREEN REGENCY TEACUP AND SAUCER",0.01062,0.467,8.43,221,3.84362290227048,7.106614017769,103,2819.11
"{PLASTERS IN TIN STRONGMAN} => {PLASTERS IN TIN SPACEBOY}","PLASTERS IN TIN SPACEBOY",0.0122,0.433,11.76,292,1.86276374442793,11.9687964338782,126,2818.9
"{LUNCH BAG  BLACK SKULL.,LUNCH BAG PINK POLKADOT} => {LUNCH BAG CARS BLUE}","LUNCH BAG CARS BLUE",0.01696,0.57,9.06,234,2.06529155787641,10.2254134029591,133,2816.78
"{LUNCH BAG SPACEBOY DESIGN,LUNCH BAG SUKI DESIGN} => {LUNCH BAG WOODLAND}","LUNCH BAG WOODLAND",0.01423,0.488,8.79,273,2.18364891518738,9.68145956607495,133,2816.48
"{JUMBO BAG APPLES,JUMBO BAG PINK POLKADOT} => {JUMBO STORAGE BAG SUKI}","JUMBO STORAGE BAG SUKI",0.0116,0.581,8.96,153,2.7507347972973,11.4966216216216,89,2811.17
"{JUMBO BAG PINK VINTAGE PAISLEY,JUMBO BAG SCANDINAVIAN BLUE PAISLEY} => {JUMBO SHOPPER VINTAGE RED PAISLEY}","JUMBO SHOPPER VINTAGE RED PAISLEY",0.01237,0.566,8.82,173,2.68828790459966,10.6746166950596,98,2809.9
"{JUMBO BAG ALPHABET,JUMBO SHOPPER VINTAGE RED PAISLEY} => {JUMBO BAG RED RETROSPOT}","JUMBO BAG RED RETROSPOT",0.01012,0.725,6.4,70,2.49391702846117,22.1968162083936,51,2809.37
"{HAND WARMER SCOTTY DOG DESIGN} => {HAND WARMER RED LOVE HEART}","HAND WARMER RED LOVE HEART",0.01089,0.364,16.74,348,2.23141057934509,9.93702770780856,127,2808.77
"{JUMBO BAG SPACEBOY DESIGN,JUMBO STORAGE BAG SUKI} => {JUMBO BAG WOODLAND ANIMALS}","JUMBO BAG WOODLAND ANIMALS",0.01073,0.568,12.04,149,2.93349187935035,11.3120649651972,85,2808.42
"{JUMBO BAG VINTAGE DOILY,JUMBO BAG VINTAGE LEAF} => {LUNCH BAG VINTAGE DOILY}","LUNCH BAG VINTAGE DOILY",0.01346,0.477,7.95,270,1.82762773722628,11.9306569343066,129,2808.24
"{CHARLOTTE BAG APPLES DESIGN} => {RED RETROSPOT CHARLOTTE BAG}","RED RETROSPOT CHARLOTTE BAG",0.018,0.564,9.99,254,1.13962209302326,17.1744186046512,143,2803.86
"{JUMBO BAG OWLS,JUMBO BAG RED RETROSPOT} => {JUMBO SHOPPER VINTAGE RED PAISLEY}","JUMBO SHOPPER VINTAGE RED PAISLEY",0.01073,0.501,7.8,195,2.68828790459966,10.6746166950596,98,2803.5
"{GARDENERS KNEELING PAD CUP OF TEA} => {GARDENERS KNEELING PAD KEEP CALM}","GARDENERS KNEELING PAD KEEP CALM",0.02988,0.721,14.45,211,1.94404605263158,9.4594298245614,152,2797.62
"{JUMBO BAG APPLES,JUMBO BAG VINTAGE DOILY} => {JUMBO BAG PEARS}","JUMBO BAG PEARS",0.01472,0.63,19.38,158,2.43333333333333,11.5488215488215,100,2797.29
"{JUMBO BAG APPLES,JUMBO BAG PEARS} => {JUMBO BAG VINTAGE LEAF}","JUMBO BAG VINTAGE LEAF",0.01324,0.596,12.39,164,2.29795221843003,12.4334470989761,98,2792.69
"{JUMBO BAG WOODLAND ANIMALS,JUMBO STORAGE BAG SUKI} => {JUMBO STORAGE BAG SKULLS}","JUMBO STORAGE BAG SKULLS",0.01045,0.425,11.07,258,2.79534188034188,9.10968660968661,110,2792.2
"{LUNCH BAG  BLACK SKULL.,LUNCH BAG RED RETROSPOT} => {RED RETROSPOT CHARLOTTE BAG}","RED RETROSPOT CHARLOTTE BAG",0.01171,0.334,5.91,427,1.13962209302326,17.1744186046512,143,2791.37
"{LUNCH BAG CARS BLUE,LUNCH BAG WOODLAND} => {LUNCH BAG RED RETROSPOT}","LUNCH BAG RED RETROSPOT",0.01521,0.621,7.25,170,2.13269181585678,12.3925831202046,106,2790.17
"{HAND WARMER RED LOVE HEART} => {HAND WARMER SCOTTY DOG DESIGN}","HAND WARMER SCOTTY DOG DESIGN",0.01089,0.501,16.74,198,2.34299817184643,11.9963436928702,99,2788.2
"{ALARM CLOCK BAKELIKE CHOCOLATE} => {ALARM CLOCK BAKELIKE GREEN}","ALARM CLOCK BAKELIKE GREEN",0.01516,0.647,12.13,151,4.54470769230769,6.27384615384615,98,2785.61
"{COOK WITH WINE METAL SIGN,GIN + TONIC DIET METAL SIGN} => {PLEASE ONE PERSON METAL SIGN}","PLEASE ONE PERSON METAL SIGN",0.01001,0.558,12.21,145,2.43326946107784,14.1341317365269,81,2782.67
"{JUMBO BAG RED RETROSPOT,LUNCH BAG RED RETROSPOT} => {LUNCH BAG VINTAGE DOILY}","LUNCH BAG VINTAGE DOILY",0.0104,0.328,5.47,389,1.82762773722628,11.9306569343066,128,2782.12
"{REGENCY TEA PLATE ROSES} => {REGENCY TEA PLATE PINK}","REGENCY TEA PLATE PINK",0.01472,0.606,36.3,175,2.06783606557377,12.6590163934426,106,2776.05
"{RED RETROSPOT CHARLOTTE BAG,WOODLAND CHARLOTTE BAG} => {CHARLOTTE BAG SUKI DESIGN}","CHARLOTTE BAG SUKI DESIGN",0.01839,0.665,13.83,169,1.20502844141069,20.4732650739477,112,2772.64
"{LUNCH BAG APPLE DESIGN,LUNCH BAG SUKI DESIGN} => {LUNCH BAG RED RETROSPOT}","LUNCH BAG RED RETROSPOT",0.01543,0.628,7.34,167,2.13269181585678,12.3925831202046,105,2771.83
"{LUNCH BAG CARS BLUE,LUNCH BAG RED RETROSPOT} => {LUNCH BAG SUKI DESIGN}","LUNCH BAG SUKI DESIGN",0.01855,0.611,8.7,216,2.16708495713172,9.69134840218238,132,2771.76
"{JUMBO BAG TOYS,JUMBO BAG WOODLAND ANIMALS} => {JUMBO BAG PINK POLKADOT}","JUMBO BAG PINK POLKADOT",0.01095,0.692,10.4,89,2.60603618421053,17.2672697368421,62,2771.41
"{LUNCH BAG RED RETROSPOT,LUNCH BAG SUKI DESIGN} => {RED RETROSPOT CHARLOTTE BAG}","RED RETROSPOT CHARLOTTE BAG",0.01133,0.316,5.6,448,1.13962209302326,17.1744186046512,142,2770.82
"{LUNCH BAG RED RETROSPOT,LUNCH BAG WOODLAND} => {LUNCH BAG CARS BLUE}","LUNCH BAG CARS BLUE",0.01521,0.529,8.41,248,2.06529155787641,10.2254134029591,131,2770.57
"{LUNCH BAG SPACEBOY DESIGN,LUNCH BAG SUKI DESIGN} => {LUNCH BAG CARS BLUE}","LUNCH BAG CARS BLUE",0.01642,0.563,8.95,233,2.06529155787641,10.2254134029591,131,2770.3
"{CHARLOTTE BAG APPLES DESIGN} => {LUNCH BAG SUKI DESIGN}","LUNCH BAG SUKI DESIGN",0.01105,0.346,4.93,381,2.16708495713172,9.69134840218238,132,2768.61
"{JUMBO BAG RED RETROSPOT,RED RETROSPOT CHARLOTTE BAG} => {LUNCH BAG RED RETROSPOT}","LUNCH BAG RED RETROSPOT",0.01029,0.442,5.17,237,2.13269181585678,12.3925831202046,105,2768.6
"{BOX OF 6 MINI 50'S CRACKERS} => {BOX OF 6 MINI VINTAGE CRACKERS}","BOX OF 6 MINI VINTAGE CRACKERS",0.01023,0.465,22.61,215,2.74566489361702,10.0664893617021,100,2763.23
"{ALARM CLOCK BAKELIKE IVORY} => {ALARM CLOCK BAKELIKE CHOCOLATE}","ALARM CLOCK BAKELIKE CHOCOLATE",0.01034,0.333,14.21,379,4.75672897196262,4.60046728971963,126,2761.81
"{LUNCH BAG  BLACK SKULL.,LUNCH BAG PINK POLKADOT} => {LUNCH BAG VINTAGE DOILY}","LUNCH BAG VINTAGE DOILY",0.01095,0.368,6.13,344,1.82762773722628,11.9306569343066,127,2760.31
"{LUNCH BAG RED RETROSPOT,LUNCH BAG SPACEBOY DESIGN} => {LUNCH BAG  BLACK SKULL.}","LUNCH BAG  BLACK SKULL.",0.0174,0.568,8.16,242,2.10808025177026,9.51376868607396,137,2756.79
"{JUMBO BAG PINK POLKADOT,JUMBO BAG SPACEBOY DESIGN} => {JUMBO BAG WOODLAND ANIMALS}","JUMBO BAG WOODLAND ANIMALS",0.01056,0.569,12.07,146,2.93349187935035,11.3120649651972,83,2756.72
"{LUNCH BAG  BLACK SKULL.,LUNCH BAG CARS BLUE} => {LUNCH BAG WOODLAND}","LUNCH BAG WOODLAND",0.01401,0.49,8.84,266,2.18364891518738,9.68145956607495,130,2755.51
"{SET OF 12 FAIRY CAKE BAKING CASES} => {SET OF 6 TEA TIME BAKING CASES}","SET OF 6 TEA TIME BAKING CASES",0.01417,0.471,22.82,291,1.52787798408488,13.1564986737401,137,2755.14
"{CHARLOTTE BAG APPLES DESIGN} => {LUNCH BAG VINTAGE DOILY}","LUNCH BAG VINTAGE DOILY",0.01012,0.317,5.29,398,1.82762773722628,11.9306569343066,126,2751.02
"{LUNCH BAG PINK POLKADOT,LUNCH BAG SUKI DESIGN} => {LUNCH BAG APPLE DESIGN}","LUNCH BAG APPLE DESIGN",0.01133,0.442,7.81,261,2.04046376811594,11.6772946859903,115,2748.74
"{FELTCRAFT CUSHION BUTTERFLY} => {FELTCRAFT CUSHION RABBIT}","FELTCRAFT CUSHION RABBIT",0.0122,0.641,30.34,125,4.30194300518135,7.9740932642487,80,2748.62
"{HAND WARMER RED RETROSPOT} => {HAND WARMER SCOTTY DOG DESIGN}","HAND WARMER SCOTTY DOG DESIGN",0.01116,0.52,17.38,188,2.34299817184643,11.9963436928702,98,2747.78
"{60 TEATIME FAIRY CAKE CASES} => {72 SWEETHEART FAIRY CAKE CASES}","72 SWEETHEART FAIRY CAKE CASES",0.01516,0.335,9.94,551,0.688471544715447,21.5626016260163,185,2740.21
"{CHARLOTTE BAG SUKI DESIGN,STRAWBERRY CHARLOTTE BAG} => {LUNCH BAG RED RETROSPOT}","LUNCH BAG RED RETROSPOT",0.011,0.484,5.66,214,2.13269181585678,12.3925831202046,104,2737.47
"{JUMBO BAG SPACEBOY DESIGN,JUMBO SHOPPER VINTAGE RED PAISLEY} => {JUMBO BAG PINK POLKADOT}","JUMBO BAG PINK POLKADOT",0.01001,0.668,10.04,91,2.60603618421053,17.2672697368421,61,2735.41
"{LUNCH BAG RED RETROSPOT,LUNCH BAG SPACEBOY DESIGN} => {LUNCH BAG PINK POLKADOT}","LUNCH BAG PINK POLKADOT",0.01593,0.52,8.72,269,2.03613406795225,9.59504132231405,140,2732.81
"{PINK HAPPY BIRTHDAY BUNTING} => {BLUE HAPPY BIRTHDAY BUNTING}","BLUE HAPPY BIRTHDAY BUNTING",0.01434,0.653,30.77,139,5.86685567010309,5.12371134020619,91,2728.46
"{PLASTERS IN TIN VINTAGE PAISLEY} => {PLASTERS IN TIN STRONGMAN}","PLASTERS IN TIN STRONGMAN",0.01056,0.341,12.1,373,1.84947572815534,11.5980582524272,127,2728.33
"{LUNCH BAG  BLACK SKULL.,LUNCH BAG SUKI DESIGN} => {LUNCH BAG ALPHABET DESIGN}","LUNCH BAG ALPHABET DESIGN",0.01089,0.341,8.43,385,1.97169147496617,10.5209742895805,131,2723.39
"{LUNCH BAG RED RETROSPOT,LUNCH BAG VINTAGE DOILY} => {LUNCH BAG APPLE DESIGN}","LUNCH BAG APPLE DESIGN",0.01396,0.552,9.74,207,2.04046376811594,11.6772946859903,114,2722.58
"{JUMBO BAG VINTAGE DOILY,LUNCH BAG APPLE DESIGN} => {JUMBO BAG APPLES}","JUMBO BAG APPLES",0.01067,0.639,11.97,110,2.57344262295082,15.0389344262295,70,2720.35
"{JUMBO BAG TOYS,JUMBO STORAGE BAG SUKI} => {JUMBO BAG RED RETROSPOT}","JUMBO BAG RED RETROSPOT",0.01292,0.792,6.98,62,2.49391702846117,22.1968162083936,49,2718.25
"{CHARLOTTE BAG PINK POLKADOT,CHARLOTTE BAG SUKI DESIGN} => {LUNCH BAG RED RETROSPOT}","LUNCH BAG RED RETROSPOT",0.01095,0.488,5.7,210,2.13269181585678,12.3925831202046,102,2708.5
"{LUNCH BAG CARS BLUE,LUNCH BAG RED RETROSPOT} => {LUNCH BAG  BLACK SKULL.}","LUNCH BAG  BLACK SKULL.",0.01768,0.582,8.37,232,2.10808025177026,9.51376868607396,135,2708.01
"{JUMBO BAG RED RETROSPOT,LUNCH BAG RED RETROSPOT} => {LUNCH BAG PINK POLKADOT}","LUNCH BAG PINK POLKADOT",0.01259,0.397,6.67,349,2.03613406795225,9.59504132231405,139,2706.88
"{LUNCH BAG  BLACK SKULL.,LUNCH BAG SPACEBOY DESIGN} => {LUNCH BAG WOODLAND}","LUNCH BAG WOODLAND",0.01434,0.512,9.22,250,2.18364891518738,9.68145956607495,128,2706.04
"{60 CAKE CASES VINTAGE CHRISTMAS,PAPER CHAIN KIT VINTAGE CHRISTMAS} => {PAPER CHAIN KIT 50'S CHRISTMAS}","PAPER CHAIN KIT 50'S CHRISTMAS",0.01001,0.732,11.6,67,3.37515177797051,16.3399826539462,49,2704.77
"{LUNCH BAG PINK POLKADOT,LUNCH BAG RED RETROSPOT} => {LUNCH BAG SPACEBOY DESIGN}","LUNCH BAG SPACEBOY DESIGN",0.01593,0.48,7.58,315,2.00968885047537,8.90060501296456,151,2704.58
"{HAND WARMER BIRD DESIGN} => {HAND WARMER UNION JACK}","HAND WARMER UNION JACK",0.01012,0.335,12.79,368,2.20046025104603,9.96443514644352,123,2703.08
"{JUMBO BAG OWLS,JUMBO SHOPPER VINTAGE RED PAISLEY} => {JUMBO BAG RED RETROSPOT}","JUMBO BAG RED RETROSPOT",0.01073,0.751,6.62,65,2.49391702846117,22.1968162083936,49,2702.25
"{PLASTERS IN TIN STRONGMAN} => {PLASTERS IN TIN WOODLAND ANIMALS}","PLASTERS IN TIN WOODLAND ANIMALS",0.01302,0.462,12,277,1.91142045454545,11.0411931818182,128,2700.81
"{JUMBO BAG PINK POLKADOT,JUMBO BAG RED RETROSPOT,JUMBO STORAGE BAG SUKI} => {JUMBO SHOPPER VINTAGE RED PAISLEY}","JUMBO SHOPPER VINTAGE RED PAISLEY",0.01467,0.649,10.1,145,2.68828790459966,10.6746166950596,94,2700.48
"{SWEETHEART CERAMIC TRINKET BOX} => {STRAWBERRY CERAMIC TRINKET BOX}","STRAWBERRY CERAMIC TRINKET BOX",0.01828,0.656,14.52,175,1.6821186440678,13.9624697336562,115,2696.25
"{JUMBO BAG TOYS,JUMBO BAG WOODLAND ANIMALS} => {JUMBO BAG RED RETROSPOT}","JUMBO BAG RED RETROSPOT",0.01242,0.785,6.92,62,2.49391702846117,22.1968162083936,49,2694.23
"{REGENCY MILK JUG PINK} => {ROSES REGENCY TEACUP AND SAUCER}","ROSES REGENCY TEACUP AND SAUCER",0.01007,0.559,9.62,145,3.66992467043314,9.04331450094162,81,2690.08
"{GREEN REGENCY TEACUP AND SAUCER,REGENCY CAKESTAND 3 TIER} => {ROSES REGENCY TEACUP AND SAUCER}","ROSES REGENCY TEACUP AND SAUCER",0.02233,0.802,13.79,101,3.66992467043314,9.04331450094162,81,2688.32
"{JUMBO BAG SPACEBOY DESIGN,JUMBO SHOPPER VINTAGE RED PAISLEY} => {JUMBO BAG RED RETROSPOT}","JUMBO BAG RED RETROSPOT",0.01155,0.77,6.79,63,2.49391702846117,22.1968162083936,49,2685.37
"{LUNCH BAG  BLACK SKULL.,LUNCH BAG WOODLAND} => {LUNCH BAG RED RETROSPOT}","LUNCH BAG RED RETROSPOT",0.01576,0.649,7.58,156,2.13269181585678,12.3925831202046,101,2675.83
"{JUMBO BAG APPLES,JUMBO STORAGE BAG SUKI} => {JUMBO SHOPPER VINTAGE RED PAISLEY}","JUMBO SHOPPER VINTAGE RED PAISLEY",0.01122,0.545,8.49,171,2.68828790459966,10.6746166950596,93,2674.37
"{STRAWBERRY CHARLOTTE BAG,WOODLAND CHARLOTTE BAG} => {LUNCH BAG RED RETROSPOT}","LUNCH BAG RED RETROSPOT",0.01056,0.475,5.55,213,2.13269181585678,12.3925831202046,101,2674.01
"{LUNCH BAG SUKI DESIGN,LUNCH BAG WOODLAND} => {LUNCH BAG APPLE DESIGN}","LUNCH BAG APPLE DESIGN",0.01177,0.479,8.45,234,2.04046376811594,11.6772946859903,112,2670.68
"{LUNCH BAG  BLACK SKULL.,LUNCH BAG SPACEBOY DESIGN} => {LUNCH BAG CARS BLUE}","LUNCH BAG CARS BLUE",0.0156,0.557,8.85,227,2.06529155787641,10.2254134029591,126,2670.2
"{CHARLOTTE BAG VINTAGE ALPHABET} => {LUNCH BAG APPLE DESIGN}","LUNCH BAG APPLE DESIGN",0.01023,0.4,7.07,280,2.04046376811594,11.6772946859903,112,2668.63
"{LUNCH BAG RED RETROSPOT,LUNCH BAG WOODLAND} => {LUNCH BAG SUKI DESIGN}","LUNCH BAG SUKI DESIGN",0.01702,0.591,8.42,215,2.16708495713172,9.69134840218238,127,2668.62
"{JUMBO  BAG BAROQUE BLACK WHITE,JUMBO BAG OWLS} => {JUMBO BAG RED RETROSPOT}","JUMBO BAG RED RETROSPOT",0.01056,0.751,6.62,64,2.49391702846117,22.1968162083936,48,2660.68
"{JUMBO BAG RED RETROSPOT,JUMBO BAG SCANDINAVIAN BLUE PAISLEY,JUMBO STORAGE BAG SUKI} => {JUMBO BAG PINK POLKADOT}","JUMBO BAG PINK POLKADOT",0.01089,0.703,10.57,84,2.60603618421053,17.2672697368421,59,2657.29
"{LUNCH BAG APPLE DESIGN,LUNCH BAG RED RETROSPOT} => {LUNCH BAG VINTAGE DOILY}","LUNCH BAG VINTAGE DOILY",0.01396,0.524,8.73,232,1.82762773722628,11.9306569343066,122,2650.77
"{CHARLOTTE BAG PINK POLKADOT,RED RETROSPOT CHARLOTTE BAG} => {LUNCH BAG CARS BLUE}","LUNCH BAG CARS BLUE",0.01149,0.402,6.4,312,2.06529155787641,10.2254134029591,125,2648.76
"{JUMBO BAG SCANDINAVIAN BLUE PAISLEY,JUMBO BAG WOODLAND ANIMALS} => {JUMBO BAG PINK POLKADOT}","JUMBO BAG PINK POLKADOT",0.01045,0.692,10.4,85,2.60603618421053,17.2672697368421,59,2646.85
"{LUNCH BAG CARS BLUE,LUNCH BAG PINK POLKADOT} => {LUNCH BAG WOODLAND}","LUNCH BAG WOODLAND",0.01302,0.474,8.54,264,2.18364891518738,9.68145956607495,125,2645.49
"{SMALL WHITE HEART OF WICKER} => {LARGE WHITE HEART OF WICKER}","LARGE WHITE HEART OF WICKER",0.01631,0.474,15.43,331,3.12358288770053,5.39750445632799,157,2645.16
"{LUNCH BAG RED RETROSPOT,LUNCH BAG WOODLAND} => {LUNCH BAG VINTAGE DOILY}","LUNCH BAG VINTAGE DOILY",0.0104,0.361,6.02,336,1.82762773722628,11.9306569343066,121,2644.83
"{LUNCH BAG  BLACK SKULL.,LUNCH BAG WOODLAND} => {LUNCH BAG APPLE DESIGN}","LUNCH BAG APPLE DESIGN",0.01177,0.484,8.55,229,2.04046376811594,11.6772946859903,111,2640.9
"{LUNCH BAG SPACEBOY DESIGN,LUNCH BAG SUKI DESIGN} => {LUNCH BAG VINTAGE DOILY}","LUNCH BAG VINTAGE DOILY",0.01018,0.349,5.82,347,1.82762773722628,11.9306569343066,121,2640.63
"{LUNCH BAG CARS BLUE,LUNCH BAG RED RETROSPOT} => {LUNCH BAG PINK POLKADOT}","LUNCH BAG PINK POLKADOT",0.01762,0.58,9.74,233,2.03613406795225,9.59504132231405,135,2640.2
"{RED DINER WALL CLOCK} => {BLUE DINER WALL CLOCK}","BLUE DINER WALL CLOCK",0.0104,0.413,20.74,270,9.04527472527472,2.61538461538462,112,2637.98
"{LUNCH BAG  BLACK SKULL.,LUNCH BAG SPACEBOY DESIGN} => {LUNCH BAG VINTAGE DOILY}","LUNCH BAG VINTAGE DOILY",0.01067,0.381,6.35,317,1.82762773722628,11.9306569343066,121,2633.52
"{JUMBO BAG PINK POLKADOT,JUMBO BAG RED RETROSPOT,JUMBO BAG SCANDINAVIAN BLUE PAISLEY} => {JUMBO BAG PINK VINTAGE PAISLEY}","JUMBO BAG PINK VINTAGE PAISLEY",0.01018,0.583,12.32,133,2.67275144508671,12.7028901734104,78,2632.58
"{JUMBO BAG RED RETROSPOT,JUMBO BAG WOODLAND ANIMALS,JUMBO SHOPPER VINTAGE RED PAISLEY} => {JUMBO BAG PINK POLKADOT}","JUMBO BAG PINK POLKADOT",0.01188,0.731,10.98,80,2.60603618421053,17.2672697368421,58,2631.55
"{LUNCH BAG CARS BLUE,LUNCH BAG SUKI DESIGN} => {LUNCH BAG PINK POLKADOT}","LUNCH BAG PINK POLKADOT",0.01467,0.497,8.34,271,2.03613406795225,9.59504132231405,135,2631.35
"{REGENCY TEA PLATE GREEN} => {PINK REGENCY TEACUP AND SAUCER}","PINK REGENCY TEACUP AND SAUCER",0.01084,0.521,12.53,182,3.71778947368421,7.46315789473684,95,2630.97
"{CHARLOTTE BAG SUKI DESIGN,RED RETROSPOT CHARLOTTE BAG} => {LUNCH BAG SUKI DESIGN}","LUNCH BAG SUKI DESIGN",0.01231,0.444,6.32,282,2.16708495713172,9.69134840218238,125,2629.62
"{JUMBO BAG ALPHABET,JUMBO STORAGE BAG SUKI} => {JUMBO BAG APPLES}","JUMBO BAG APPLES",0.01012,0.634,11.86,107,2.57344262295082,15.0389344262295,68,2625.46
"{LUNCH BAG CARS BLUE,LUNCH BAG PINK POLKADOT} => {LUNCH BAG SUKI DESIGN}","LUNCH BAG SUKI DESIGN",0.01467,0.534,7.6,234,2.16708495713172,9.69134840218238,125,2624.32
"{LUNCH BAG CARS BLUE,LUNCH BAG SUKI DESIGN} => {LUNCH BAG  BLACK SKULL.}","LUNCH BAG  BLACK SKULL.",0.01724,0.584,8.4,224,2.10808025177026,9.51376868607396,131,2623.62
"{BAKING SET SPACEBOY DESIGN} => {BAKING SET 9 PIECE RETROSPOT}","BAKING SET 9 PIECE RETROSPOT",0.01828,0.721,14.17,129,5.35661290322581,5.26236559139785,93,2621.78
"{LUNCH BAG  BLACK SKULL.,LUNCH BAG CARS BLUE} => {LUNCH BAG SUKI DESIGN}","LUNCH BAG SUKI DESIGN",0.01724,0.603,8.59,207,2.16708495713172,9.69134840218238,125,2621.49
"{CHARLOTTE BAG PINK POLKADOT,RED RETROSPOT CHARLOTTE BAG} => {LUNCH BAG SUKI DESIGN}","LUNCH BAG SUKI DESIGN",0.01127,0.395,5.62,316,2.16708495713172,9.69134840218238,125,2621.47
"{LUNCH BAG CARS BLUE,LUNCH BAG WOODLAND} => {LUNCH BAG APPLE DESIGN}","LUNCH BAG APPLE DESIGN",0.01056,0.431,7.61,255,2.04046376811594,11.6772946859903,110,2618.72
"{JUMBO BAG RED RETROSPOT,RED RETROSPOT CHARLOTTE BAG} => {CHARLOTTE BAG SUKI DESIGN}","CHARLOTTE BAG SUKI DESIGN",0.01155,0.496,10.32,214,1.20502844141069,20.4732650739477,106,2618.66
"{LUNCH BAG RED RETROSPOT,LUNCH BAG WOODLAND} => {LUNCH BAG  BLACK SKULL.}","LUNCH BAG  BLACK SKULL.",0.01576,0.548,7.87,238,2.10808025177026,9.51376868607396,130,2615.76
"{JUMBO BAG APPLES,JUMBO BAG PINK POLKADOT} => {JUMBO SHOPPER VINTAGE RED PAISLEY}","JUMBO SHOPPER VINTAGE RED PAISLEY",0.01045,0.523,8.14,174,2.68828790459966,10.6746166950596,91,2611.43
"{WHITE HANGING HEART T-LIGHT HOLDER,WOODEN PICTURE FRAME WHITE FINISH} => {WOODEN FRAME ANTIQUE WHITE}","WOODEN FRAME ANTIQUE WHITE",0.01193,0.534,10.08,190,3.58291021671827,7.17647058823529,101,2608.81
"{PACK OF 60 SPACEBOY CAKE CASES} => {PACK OF 72 RETROSPOT CAKE CASES}","PACK OF 72 RETROSPOT CAKE CASES",0.01636,0.575,7.96,221,0.745037878787879,27.4893939393939,127,2602.58
"{CHARLOTTE BAG PINK POLKADOT,WOODLAND CHARLOTTE BAG} => {LUNCH BAG RED RETROSPOT}","LUNCH BAG RED RETROSPOT",0.01034,0.478,5.59,206,2.13269181585678,12.3925831202046,98,2602.47
"{CHARLOTTE BAG SUKI DESIGN,RED RETROSPOT CHARLOTTE BAG} => {LUNCH BAG CARS BLUE}","LUNCH BAG CARS BLUE",0.01155,0.416,6.62,296,2.06529155787641,10.2254134029591,123,2600.44
"{CHARLOTTE BAG APPLES DESIGN} => {LUNCH BAG  BLACK SKULL.}","LUNCH BAG  BLACK SKULL.",0.01067,0.334,4.81,388,2.10808025177026,9.51376868607396,130,2599.07
"{LUNCH BAG  BLACK SKULL.,LUNCH BAG SUKI DESIGN} => {LUNCH BAG SPACEBOY DESIGN}","LUNCH BAG SPACEBOY DESIGN",0.01713,0.536,8.46,271,2.00968885047537,8.90060501296456,145,2598.26
"{CHARLOTTE BAG PINK POLKADOT,RED RETROSPOT CHARLOTTE BAG} => {PACK OF 72 RETROSPOT CAKE CASES}","PACK OF 72 RETROSPOT CAKE CASES",0.01182,0.414,5.73,306,0.745037878787879,27.4893939393939,127,2594.57
"{LUNCH BAG RED RETROSPOT,LUNCH BAG SPACEBOY DESIGN} => {LUNCH BAG DOLLY GIRL DESIGN}","LUNCH BAG DOLLY GIRL DESIGN",0.01281,0.418,11.21,326,1.93801762114537,9.81497797356828,136,2592.04
"{ALARM CLOCK BAKELIKE PINK,ALARM CLOCK BAKELIKE RED} => {ALARM CLOCK BAKELIKE IVORY}","ALARM CLOCK BAKELIKE IVORY",0.01127,0.438,14.1,264,4.42278169014085,5.06514084507042,116,2590.39
"{LUNCH BAG SPACEBOY DESIGN,LUNCH BAG SUKI DESIGN} => {LUNCH BAG  BLACK SKULL.}","LUNCH BAG  BLACK SKULL.",0.01713,0.587,8.44,220,2.10808025177026,9.51376868607396,129,2590
"{GREEN REGENCY TEACUP AND SAUCER,PINK REGENCY TEACUP AND SAUCER} => {ROSES REGENCY TEACUP AND SAUCER}","ROSES REGENCY TEACUP AND SAUCER",0.02961,0.856,14.73,91,3.66992467043314,9.04331450094162,78,2585.23
"{ALARM CLOCK BAKELIKE GREEN,ALARM CLOCK BAKELIKE IVORY} => {ALARM CLOCK BAKELIKE PINK}","ALARM CLOCK BAKELIKE PINK",0.01001,0.548,12.79,151,4.58228607918263,6.81353767560664,83,2583.52
"{JUMBO BAG PINK POLKADOT,JUMBO BAG SPACEBOY DESIGN} => {JUMBO STORAGE BAG SUKI}","JUMBO STORAGE BAG SUKI",0.01105,0.596,9.2,137,2.7507347972973,11.4966216216216,82,2582.18
"{JUMBO BAG ALPHABET,JUMBO BAG VINTAGE LEAF} => {JUMBO BAG VINTAGE DOILY}","JUMBO BAG VINTAGE DOILY",0.01177,0.678,10.08,102,2.2780162601626,16.3845528455285,69,2581.2
"{JUMBO BAG PINK POLKADOT,JUMBO BAG SCANDINAVIAN BLUE PAISLEY} => {JUMBO SHOPPER VINTAGE RED PAISLEY}","JUMBO SHOPPER VINTAGE RED PAISLEY",0.01297,0.62,9.66,145,2.68828790459966,10.6746166950596,90,2579.81
"{LUNCH BAG  BLACK SKULL.,LUNCH BAG RED RETROSPOT} => {LUNCH BAG DOLLY GIRL DESIGN}","LUNCH BAG DOLLY GIRL DESIGN",0.01067,0.304,8.16,446,1.93801762114537,9.81497797356828,136,2579.02
"{JUMBO BAG PINK POLKADOT,JUMBO BAG PINK VINTAGE PAISLEY} => {JUMBO SHOPPER VINTAGE RED PAISLEY}","JUMBO SHOPPER VINTAGE RED PAISLEY",0.01275,0.615,9.57,146,2.68828790459966,10.6746166950596,90,2576.65
"{RED RETROSPOT CHARLOTTE BAG,STRAWBERRY CHARLOTTE BAG} => {CHARLOTTE BAG SUKI DESIGN}","CHARLOTTE BAG SUKI DESIGN",0.01828,0.687,14.29,152,1.20502844141069,20.4732650739477,104,2576.23
"{CHILDRENS CUTLERY POLKADOT PINK,CHILDRENS CUTLERY RETROSPOT RED} => {CHILDRENS CUTLERY POLKADOT BLUE}","CHILDRENS CUTLERY POLKADOT BLUE",0.01045,0.723,33.73,73,4.89961734693878,9.95663265306122,53,2574.75
"{FELTCRAFT CUSHION BUTTERFLY} => {FELTCRAFT CUSHION OWL}","FELTCRAFT CUSHION OWL",0.01023,0.537,20.89,161,4.15770212765957,7.15957446808511,86,2573.6
"{LUNCH BAG APPLE DESIGN,LUNCH BAG RED RETROSPOT} => {LUNCH BAG WOODLAND}","LUNCH BAG WOODLAND",0.01292,0.485,8.73,251,2.18364891518738,9.68145956607495,122,2573.59
"{JUMBO BAG ALPHABET,JUMBO BAG VINTAGE DOILY} => {JUMBO BAG VINTAGE LEAF}","JUMBO BAG VINTAGE LEAF",0.01177,0.581,12.08,155,2.29795221843003,12.4334470989761,90,2573
"{REGENCY SUGAR BOWL GREEN} => {ROSES REGENCY TEACUP AND SAUCER}","ROSES REGENCY TEACUP AND SAUCER",0.01051,0.596,10.26,130,3.66992467043314,9.04331450094162,77,2571.43
"{JUMBO STORAGE BAG SKULLS,JUMBO STORAGE BAG SUKI} => {JUMBO SHOPPER VINTAGE RED PAISLEY}","JUMBO SHOPPER VINTAGE RED PAISLEY",0.0116,0.578,8.99,155,2.68828790459966,10.6746166950596,90,2570.91
"{60 CAKE CASES VINTAGE CHRISTMAS,PAPER CHAIN KIT 50'S CHRISTMAS} => {PAPER CHAIN KIT VINTAGE CHRISTMAS}","PAPER CHAIN KIT VINTAGE CHRISTMAS",0.01001,0.675,15.12,88,3.36859068627451,12.8480392156863,59,2570.82
"{CHARLOTTE BAG PINK POLKADOT,RED RETROSPOT CHARLOTTE BAG} => {LUNCH BAG  BLACK SKULL.}","LUNCH BAG  BLACK SKULL.",0.01231,0.431,6.2,297,2.10808025177026,9.51376868607396,128,2567.28
"{LUNCH BAG SPACEBOY DESIGN,LUNCH BAG SUKI DESIGN} => {LUNCH BAG ALPHABET DESIGN}","LUNCH BAG ALPHABET DESIGN",0.01067,0.366,9.05,338,1.97169147496617,10.5209742895805,124,2566.21
"{LUNCH BAG SPACEBOY DESIGN,LUNCH BAG SUKI DESIGN} => {LUNCH BAG PINK POLKADOT}","LUNCH BAG PINK POLKADOT",0.01281,0.439,7.37,299,2.03613406795225,9.59504132231405,131,2564.42
"{JUMBO BAG WOODLAND ANIMALS,JUMBO SHOPPER VINTAGE RED PAISLEY} => {JUMBO STORAGE BAG SUKI}","JUMBO STORAGE BAG SUKI",0.01505,0.705,10.88,115,2.7507347972973,11.4966216216216,81,2563.93
"{JUMBO BAG RED RETROSPOT,JUMBO BAG TOYS} => {JUMBO BAG WOODLAND ANIMALS}","JUMBO BAG WOODLAND ANIMALS",0.01242,0.66,13.99,117,2.93349187935035,11.3120649651972,77,2562.46
"{ALARM CLOCK BAKELIKE GREEN,ALARM CLOCK BAKELIKE PINK} => {ALARM CLOCK BAKELIKE RED}","ALARM CLOCK BAKELIKE RED",0.01713,0.749,13.03,105,4.40365714285714,7.39809523809524,79,2562.15
"{JUMBO BAG RED RETROSPOT,LUNCH BAG APPLE DESIGN} => {JUMBO BAG APPLES}","JUMBO BAG APPLES",0.01073,0.662,12.4,100,2.57344262295082,15.0389344262295,66,2562.06
"{LUNCH BAG PINK POLKADOT,LUNCH BAG SUKI DESIGN} => {LUNCH BAG RED RETROSPOT}","LUNCH BAG RED RETROSPOT",0.01811,0.707,8.26,137,2.13269181585678,12.3925831202046,97,2559.94
"{LUNCH BAG APPLE DESIGN,LUNCH BAG RED RETROSPOT} => {LUNCH BAG CARS BLUE}","LUNCH BAG CARS BLUE",0.01248,0.468,7.45,259,2.06529155787641,10.2254134029591,121,2559.81
"{LUNCH BOX WITH CUTLERY RETROSPOT} => {STRAWBERRY LUNCH BOX WITH CUTLERY}","STRAWBERRY LUNCH BOX WITH CUTLERY",0.01193,0.452,14.45,264,3.13536713286713,6.83916083916084,119,2558.78
"{BLUE DINER WALL CLOCK} => {RED DINER WALL CLOCK}","RED DINER WALL CLOCK",0.0104,0.522,20.74,174,9.24141304347826,3.04347826086957,91,2554.63
"{LUNCH BAG RED RETROSPOT,LUNCH BAG WOODLAND} => {LUNCH BAG PINK POLKADOT}","LUNCH BAG PINK POLKADOT",0.01549,0.538,9.03,243,2.03613406795225,9.59504132231405,131,2554.12
"{LUNCH BAG  BLACK SKULL.,LUNCH BAG SPACEBOY DESIGN} => {LUNCH BAG SUKI DESIGN}","LUNCH BAG SUKI DESIGN",0.01713,0.611,8.71,199,2.16708495713172,9.69134840218238,122,2553.61
"{HEART OF WICKER LARGE,WHITE HANGING HEART T-LIGHT HOLDER} => {HEART OF WICKER SMALL}","HEART OF WICKER SMALL",0.01122,0.571,8.72,154,1.96453634085213,14.7769423558897,88,2552.71
"{RED RETROSPOT CHARLOTTE BAG,WOODLAND CHARLOTTE BAG} => {LUNCH BAG WOODLAND}","LUNCH BAG WOODLAND",0.01089,0.394,7.1,306,2.18364891518738,9.68145956607495,121,2548.83
"{LUNCH BAG PINK POLKADOT,LUNCH BAG RED RETROSPOT} => {LUNCH BAG DOLLY GIRL DESIGN}","LUNCH BAG DOLLY GIRL DESIGN",0.01095,0.33,8.86,406,1.93801762114537,9.81497797356828,134,2548.51
"{LUNCH BAG CARS BLUE,LUNCH BAG SUKI DESIGN} => {LUNCH BAG ALPHABET DESIGN}","LUNCH BAG ALPHABET DESIGN",0.01034,0.351,8.67,350,1.97169147496617,10.5209742895805,123,2548.41
"{HANGING HEART ZINC T-LIGHT HOLDER} => {SINGLE HEART ZINC T-LIGHT HOLDER}","SINGLE HEART ZINC T-LIGHT HOLDER",0.01532,0.464,16.77,323,1.38422924901186,12.2588932806324,150,2543.2
"{LUNCH BAG  BLACK SKULL.,LUNCH BAG SUKI DESIGN} => {RED RETROSPOT CHARLOTTE BAG}","RED RETROSPOT CHARLOTTE BAG",0.01067,0.334,5.91,389,1.13962209302326,17.1744186046512,130,2542.96
"{PACK OF 60 SPACEBOY CAKE CASES} => {PACK OF 60 PINK PAISLEY CAKE CASES}","PACK OF 60 PINK PAISLEY CAKE CASES",0.01023,0.36,7.56,333,0.747307249712313,28.3544303797468,120,2540.19
"{RED RETROSPOT CHARLOTTE BAG,WOODLAND CHARLOTTE BAG} => {LUNCH BAG CARS BLUE}","LUNCH BAG CARS BLUE",0.01078,0.39,6.2,308,2.06529155787641,10.2254134029591,120,2536.75
"{JUMBO BAG SCANDINAVIAN BLUE PAISLEY,JUMBO BAG WOODLAND ANIMALS} => {JUMBO BAG RED RETROSPOT}","JUMBO BAG RED RETROSPOT",0.01193,0.79,6.96,58,2.49391702846117,22.1968162083936,46,2536.46
"{STRAWBERRY CHARLOTTE BAG} => {CHARLOTTE BAG APPLES DESIGN}","CHARLOTTE BAG APPLES DESIGN",0.01412,0.357,11.2,464,1.12058319039451,13.6620926243568,166,2535.99
"{CHARLOTTE BAG PINK POLKADOT} => {CHARLOTTE BAG APPLES DESIGN}","CHARLOTTE BAG APPLES DESIGN",0.01363,0.336,10.52,493,1.12058319039451,13.6620926243568,166,2535.99
"{HAND WARMER UNION JACK} => {HAND WARMER RED LOVE HEART}","HAND WARMER RED LOVE HEART",0.0104,0.397,18.3,288,2.23141057934509,9.93702770780856,114,2535.24
"{JUMBO BAG WOODLAND ANIMALS,JUMBO SHOPPER VINTAGE RED PAISLEY,JUMBO STORAGE BAG SUKI} => {JUMBO BAG PINK POLKADOT}","JUMBO BAG PINK POLKADOT",0.01073,0.713,10.71,79,2.60603618421053,17.2672697368421,56,2534.67
"{LUNCH BAG CARS BLUE,LUNCH BAG SPACEBOY DESIGN} => {LUNCH BAG WOODLAND}","LUNCH BAG WOODLAND",0.01428,0.54,9.74,222,2.18364891518738,9.68145956607495,120,2534.37
"{JUMBO BAG RED RETROSPOT,LUNCH BAG SUKI DESIGN} => {LUNCH BAG RED RETROSPOT}","LUNCH BAG RED RETROSPOT",0.01368,0.617,7.21,155,2.13269181585678,12.3925831202046,96,2527.59
"{LUNCH BAG SUKI DESIGN,LUNCH BAG WOODLAND} => {LUNCH BAG RED RETROSPOT}","LUNCH BAG RED RETROSPOT",0.01702,0.693,8.09,138,2.13269181585678,12.3925831202046,96,2527.56
"{RED RETROSPOT CHARLOTTE BAG,WOODLAND CHARLOTTE BAG} => {LUNCH BAG SUKI DESIGN}","LUNCH BAG SUKI DESIGN",0.01084,0.392,5.58,307,2.16708495713172,9.69134840218238,120,2527.46
"{JUMBO BAG APPLES,JUMBO BAG VINTAGE DOILY} => {LUNCH BAG APPLE DESIGN}","LUNCH BAG APPLE DESIGN",0.01067,0.457,8.06,232,2.04046376811594,11.6772946859903,106,2526.24
"{SKULL SHOULDER BAG} => {CHARLOTTE BAG SUKI DESIGN}","CHARLOTTE BAG SUKI DESIGN",0.01067,0.476,9.89,215,1.20502844141069,20.4732650739477,102,2524.82
"{CHARLOTTE BAG DOLLY GIRL DESIGN} => {CHARLOTTE BAG SUKI DESIGN}","CHARLOTTE BAG SUKI DESIGN",0.0127,0.559,11.62,183,1.20502844141069,20.4732650739477,102,2523.76
"{REGENCY SUGAR BOWL GREEN} => {REGENCY TEA PLATE ROSES}","REGENCY TEA PLATE ROSES",0.01012,0.575,23.65,137,2.07711711711712,15.4076576576577,79,2521.08
"{RED RETROSPOT CHARLOTTE BAG,WOODLAND CHARLOTTE BAG} => {PACK OF 72 RETROSPOT CAKE CASES}","PACK OF 72 RETROSPOT CAKE CASES",0.0116,0.42,5.81,293,0.745037878787879,27.4893939393939,123,2520.35
"{JUMBO BAG PINK POLKADOT,RECYCLING BAG RETROSPOT} => {JUMBO BAG RED RETROSPOT}","JUMBO BAG RED RETROSPOT",0.0133,0.813,7.16,56,2.49391702846117,22.1968162083936,46,2520.29
"{JUMBO BAG TOYS,JUMBO SHOPPER VINTAGE RED PAISLEY} => {JUMBO BAG PINK POLKADOT}","JUMBO BAG PINK POLKADOT",0.01018,0.699,10.51,80,2.60603618421053,17.2672697368421,56,2516.35
"{CHARLOTTE BAG SUKI DESIGN,RED RETROSPOT CHARLOTTE BAG} => {PACK OF 72 RETROSPOT CAKE CASES}","PACK OF 72 RETROSPOT CAKE CASES",0.01144,0.412,5.71,298,0.745037878787879,27.4893939393939,123,2514.53
"{RED RETROSPOT CHARLOTTE BAG,STRAWBERRY CHARLOTTE BAG} => {LUNCH BAG CARS BLUE}","LUNCH BAG CARS BLUE",0.01138,0.428,6.81,278,2.06529155787641,10.2254134029591,119,2512.76
"{CHARLOTTE BAG SUKI DESIGN,RED RETROSPOT CHARLOTTE BAG} => {LUNCH BAG  BLACK SKULL.}","LUNCH BAG  BLACK SKULL.",0.01231,0.444,6.38,282,2.10808025177026,9.51376868607396,125,2511.15
"{JUMBO BAG PINK VINTAGE PAISLEY,JUMBO BAG RED RETROSPOT,JUMBO STORAGE BAG SUKI} => {JUMBO BAG PINK POLKADOT}","JUMBO BAG PINK POLKADOT",0.0104,0.706,10.61,79,2.60603618421053,17.2672697368421,56,2509.78
"{LUNCH BAG SPACEBOY DESIGN,LUNCH BAG WOODLAND} => {LUNCH BAG CARS BLUE}","LUNCH BAG CARS BLUE",0.01428,0.545,8.67,218,2.06529155787641,10.2254134029591,119,2509.08
"{CHARLOTTE BAG PINK POLKADOT,STRAWBERRY CHARLOTTE BAG} => {LUNCH BAG RED RETROSPOT}","LUNCH BAG RED RETROSPOT",0.01012,0.488,5.7,194,2.13269181585678,12.3925831202046,95,2502.14
"{CHOCOLATE HOT WATER BOTTLE,HOT WATER BOTTLE TEA AND SYMPATHY} => {HOT WATER BOTTLE I AM SO POORLY}","HOT WATER BOTTLE I AM SO POORLY",0.01034,0.566,15.74,145,5.8789802130898,5.18569254185693,82,2502.03
"{LUNCH BAG  BLACK SKULL.,LUNCH BAG SPACEBOY DESIGN} => {LUNCH BAG PINK POLKADOT}","LUNCH BAG PINK POLKADOT",0.0145,0.518,8.68,247,2.03613406795225,9.59504132231405,128,2499.65
"{LUNCH BAG SPACEBOY DESIGN,LUNCH BAG WOODLAND} => {LUNCH BAG SUKI DESIGN}","LUNCH BAG SUKI DESIGN",0.01423,0.543,7.73,219,2.16708495713172,9.69134840218238,119,2497.49
"{JUMBO BAG APPLES,JUMBO SHOPPER VINTAGE RED PAISLEY} => {JUMBO STORAGE BAG SUKI}","JUMBO STORAGE BAG SUKI",0.01122,0.616,9.5,128,2.7507347972973,11.4966216216216,79,2493.5
"{LUNCH BAG APPLE DESIGN,LUNCH BAG RED RETROSPOT} => {LUNCH BAG SUKI DESIGN}","LUNCH BAG SUKI DESIGN",0.01543,0.579,8.25,205,2.16708495713172,9.69134840218238,119,2492.83
"{RED RETROSPOT CHARLOTTE BAG,WOODLAND CHARLOTTE BAG} => {LUNCH BAG  BLACK SKULL.}","LUNCH BAG  BLACK SKULL.",0.01198,0.434,6.23,286,2.10808025177026,9.51376868607396,124,2489.4
"{JUMBO BAG STRAWBERRY,LUNCH BAG RED RETROSPOT} => {JUMBO BAG RED RETROSPOT}","JUMBO BAG RED RETROSPOT",0.01034,0.762,6.72,59,2.49391702846117,22.1968162083936,45,2488.74
"{JAM MAKING SET WITH JARS,SET OF 3 CAKE TINS PANTRY DESIGN} => {JAM MAKING SET PRINTED}","JAM MAKING SET PRINTED",0.01127,0.542,8.6,174,1.90982638888889,13.8168402777778,94,2488.58
"{BOX OF 24 COCKTAIL PARASOLS} => {RED RETROSPOT CHARLOTTE BAG}","RED RETROSPOT CHARLOTTE BAG",0.01023,0.321,5.68,396,1.13962209302326,17.1744186046512,127,2487.96
"{JUMBO BAG RED RETROSPOT,LUNCH BAG RED RETROSPOT} => {RED RETROSPOT CHARLOTTE BAG}","RED RETROSPOT CHARLOTTE BAG",0.01029,0.325,5.75,391,1.13962209302326,17.1744186046512,127,2487.16
"{REGENCY CAKESTAND 3 TIER,ROSES REGENCY TEACUP AND SAUCER} => {GREEN REGENCY TEACUP AND SAUCER}","GREEN REGENCY TEACUP AND SAUCER",0.02233,0.777,14.02,117,3.84362290227048,7.106614017769,91,2483.19
"{JUMBO BAG PINK POLKADOT,JUMBO STORAGE BAG SKULLS} => {JUMBO STORAGE BAG SUKI}","JUMBO STORAGE BAG SUKI",0.01111,0.613,9.47,128,2.7507347972973,11.4966216216216,78,2481.36
"{LUNCH BAG  BLACK SKULL.,LUNCH BAG APPLE DESIGN} => {LUNCH BAG RED RETROSPOT}","LUNCH BAG RED RETROSPOT",0.01489,0.655,7.66,143,2.13269181585678,12.3925831202046,94,2475.52
"{LUNCH BAG CARS BLUE,LUNCH BAG RED RETROSPOT} => {LUNCH BAG SPACEBOY DESIGN}","LUNCH BAG SPACEBOY DESIGN",0.01609,0.53,8.37,261,2.00968885047537,8.90060501296456,138,2474.37
"{REGENCY TEA PLATE ROSES} => {REGENCY TEA PLATE GREEN}","REGENCY TEA PLATE GREEN",0.01746,0.718,34.55,125,2.13326315789474,12.9184210526316,90,2473.37
"{JUMBO BAG PEARS,JUMBO BAG VINTAGE DOILY} => {JUMBO BAG VINTAGE LEAF}","JUMBO BAG VINTAGE LEAF",0.0127,0.627,13.03,138,2.29795221843003,12.4334470989761,87,2472.17
"{LUNCH BAG  BLACK SKULL.,LUNCH BAG SUKI DESIGN} => {LUNCH BAG DOLLY GIRL DESIGN}","LUNCH BAG DOLLY GIRL DESIGN",0.01067,0.334,8.96,389,1.93801762114537,9.81497797356828,130,2471.4
"{LUNCH BAG PINK POLKADOT,LUNCH BAG SUKI DESIGN} => {LUNCH BAG WOODLAND}","LUNCH BAG WOODLAND",0.01297,0.506,9.13,231,2.18364891518738,9.68145956607495,117,2471.08
"{PLASTERS IN TIN WOODLAND ANIMALS} => {PLASTERS IN TIN VINTAGE PAISLEY}","PLASTERS IN TIN VINTAGE PAISLEY",0.01286,0.334,10.78,469,1.90159010600707,8.29505300353357,157,2470.9
"{RED RETROSPOT SHOPPER BAG} => {RED RETROSPOT CHARLOTTE BAG}","RED RETROSPOT CHARLOTTE BAG",0.01023,0.325,5.76,388,1.13962209302326,17.1744186046512,126,2468.07
"{JUMBO BAG PINK POLKADOT,JUMBO BAG RED RETROSPOT,JUMBO SHOPPER VINTAGE RED PAISLEY} => {JUMBO STORAGE BAG SUKI}","JUMBO STORAGE BAG SUKI",0.01467,0.709,10.94,110,2.7507347972973,11.4966216216216,78,2466.37
"{JUMBO  BAG BAROQUE BLACK WHITE,JUMBO BAG SCANDINAVIAN BLUE PAISLEY} => {JUMBO BAG RED RETROSPOT}","JUMBO BAG RED RETROSPOT",0.01379,0.824,7.26,54,2.49391702846117,22.1968162083936,44,2463.17
"{LUNCH BAG SPACEBOY DESIGN,LUNCH BAG SUKI DESIGN} => {LUNCH BAG DOLLY GIRL DESIGN}","LUNCH BAG DOLLY GIRL DESIGN",0.01209,0.415,11.13,312,1.93801762114537,9.81497797356828,129,2462.92
"{LUNCH BAG PINK POLKADOT,LUNCH BAG SPACEBOY DESIGN} => {LUNCH BAG RED RETROSPOT}","LUNCH BAG RED RETROSPOT",0.01593,0.68,7.94,137,2.13269181585678,12.3925831202046,93,2462.18
"{LUNCH BAG  BLACK SKULL.,LUNCH BAG CARS BLUE} => {LUNCH BAG PINK POLKADOT}","LUNCH BAG PINK POLKADOT",0.01696,0.594,9.96,212,2.03613406795225,9.59504132231405,126,2460.23
"{LUNCH BAG DOLLY GIRL DESIGN,LUNCH BAG SPACEBOY DESIGN} => {LUNCH BAG RED RETROSPOT}","LUNCH BAG RED RETROSPOT",0.01281,0.603,7.05,154,2.13269181585678,12.3925831202046,93,2454.3
"{LUNCH BAG APPLE DESIGN,LUNCH BAG RED RETROSPOT} => {LUNCH BAG ALPHABET DESIGN}","LUNCH BAG ALPHABET DESIGN",0.011,0.413,10.21,286,1.97169147496617,10.5209742895805,118,2450.25
"{LUNCH BAG ALPHABET DESIGN,LUNCH BAG APPLE DESIGN} => {LUNCH BAG RED RETROSPOT}","LUNCH BAG RED RETROSPOT",0.011,0.539,6.3,172,2.13269181585678,12.3925831202046,93,2450.23
"{PLASTERS IN TIN STRONGMAN} => {PLASTERS IN TIN CIRCUS PARADE}","PLASTERS IN TIN CIRCUS PARADE",0.01313,0.466,14.91,275,1.7876357267951,10.6760070052539,128,2445.72
"{LUNCH BAG APPLE DESIGN,LUNCH BAG SUKI DESIGN} => {LUNCH BAG VINTAGE DOILY}","LUNCH BAG VINTAGE DOILY",0.01215,0.494,8.24,227,1.82762773722628,11.9306569343066,112,2445.15
"{SET/6 RED SPOTTY PAPER PLATES} => {PACK OF 72 RETROSPOT CAKE CASES}","PACK OF 72 RETROSPOT CAKE CASES",0.01001,0.347,4.81,344,0.745037878787879,27.4893939393939,119,2444.73
"{JUMBO BAG APPLES,JUMBO STORAGE BAG SKULLS} => {JUMBO BAG RED RETROSPOT}","JUMBO BAG RED RETROSPOT",0.01012,0.761,6.71,58,2.49391702846117,22.1968162083936,44,2443.35
"{BOX OF 24 COCKTAIL PARASOLS} => {WOODLAND CHARLOTTE BAG}","WOODLAND CHARLOTTE BAG",0.01012,0.317,6.97,398,1.21432692307692,15.9435096153846,126,2442.65
"{RED RETROSPOT CHARLOTTE BAG,STRAWBERRY CHARLOTTE BAG} => {LUNCH BAG SUKI DESIGN}","LUNCH BAG SUKI DESIGN",0.01051,0.395,5.63,294,2.16708495713172,9.69134840218238,116,2438.96
"{SET OF 3 HEART COOKIE CUTTERS} => {SET OF 3 BUTTERFLY COOKIE CUTTERS}","SET OF 3 BUTTERFLY COOKIE CUTTERS",0.01702,0.455,12.08,373,1.71933139534884,8.35755813953488,170,2438.7
"{RECIPE BOX BLUE SKETCHBOOK DESIGN} => {RECIPE BOX PANTRY YELLOW DESIGN}","RECIPE BOX PANTRY YELLOW DESIGN",0.01023,0.525,8.66,169,3.7116862037872,7.40126239855726,89,2437.38
"{LUNCH BAG  BLACK SKULL.,LUNCH BAG RED RETROSPOT} => {LUNCH BAG VINTAGE LEAF DESIGN}","LUNCH BAG VINTAGE LEAF DESIGN",0.01056,0.301,8.26,448,1.92492492492492,9.38888888888889,135,2437.1
"{PACK OF 60 DINOSAUR CAKE CASES} => {PACK OF 72 SKULL CAKE CASES}","PACK OF 72 SKULL CAKE CASES",0.01188,0.362,10,383,0.792087745839637,22.1906202723147,139,2436.97
"{LUNCH BAG  BLACK SKULL.,LUNCH BAG SPACEBOY DESIGN} => {LUNCH BAG ALPHABET DESIGN}","LUNCH BAG ALPHABET DESIGN",0.01001,0.357,8.84,329,1.97169147496617,10.5209742895805,117,2436.46
"{LUNCH BAG PINK POLKADOT,LUNCH BAG SUKI DESIGN} => {LUNCH BAG VINTAGE DOILY}","LUNCH BAG VINTAGE DOILY",0.01007,0.393,6.55,284,1.82762773722628,11.9306569343066,112,2433.68
"{LUNCH BAG  BLACK SKULL.,LUNCH BAG PINK POLKADOT} => {LUNCH BAG SPACEBOY DESIGN}","LUNCH BAG SPACEBOY DESIGN",0.0145,0.487,7.69,279,2.00968885047537,8.90060501296456,136,2430.42
"{JUMBO BAG SPACEBOY DESIGN,JUMBO STORAGE BAG SUKI} => {JUMBO SHOPPER VINTAGE RED PAISLEY}","JUMBO SHOPPER VINTAGE RED PAISLEY",0.01078,0.571,8.89,148,2.68828790459966,10.6746166950596,85,2425.08
"{RED RETROSPOT CHARLOTTE BAG,STRAWBERRY CHARLOTTE BAG} => {LUNCH BAG  BLACK SKULL.}","LUNCH BAG  BLACK SKULL.",0.01231,0.463,6.66,261,2.10808025177026,9.51376868607396,121,2423.6
"{LUNCH BAG RED RETROSPOT,LUNCH BAG VINTAGE DOILY} => {LUNCH BAG SUKI DESIGN}","LUNCH BAG SUKI DESIGN",0.01281,0.506,7.21,228,2.16708495713172,9.69134840218238,115,2422.96
"{RED RETROSPOT CHARLOTTE BAG,STRAWBERRY CHARLOTTE BAG} => {PACK OF 72 RETROSPOT CAKE CASES}","PACK OF 72 RETROSPOT CAKE CASES",0.01111,0.418,5.78,283,0.745037878787879,27.4893939393939,118,2422.74
"{LUNCH BAG PINK POLKADOT,LUNCH BAG SUKI DESIGN} => {LUNCH BAG CARS BLUE}","LUNCH BAG CARS BLUE",0.01467,0.573,9.11,200,2.06529155787641,10.2254134029591,115,2420.18
"{PAPER CHAIN KIT 50'S CHRISTMAS,PAPER CHAIN KIT VINTAGE CHRISTMAS} => {60 CAKE CASES VINTAGE CHRISTMAS}","60 CAKE CASES VINTAGE CHRISTMAS",0.01001,0.332,9.79,369,0.769741518578352,25.6445880452342,123,2418.27
"{JUMBO BAG PINK POLKADOT,JUMBO BAG SPACEBOY DESIGN} => {JUMBO SHOPPER VINTAGE RED PAISLEY}","JUMBO SHOPPER VINTAGE RED PAISLEY",0.01001,0.54,8.4,156,2.68828790459966,10.6746166950596,84,2417.39
"{LUNCH BAG APPLE DESIGN,LUNCH BAG SPACEBOY DESIGN} => {LUNCH BAG RED RETROSPOT}","LUNCH BAG RED RETROSPOT",0.01363,0.634,7.4,144,2.13269181585678,12.3925831202046,91,2412.91
"{REGENCY TEA PLATE GREEN,REGENCY TEA PLATE ROSES} => {ROSES REGENCY TEACUP AND SAUCER}","ROSES REGENCY TEACUP AND SAUCER",0.01133,0.649,11.17,112,3.66992467043314,9.04331450094162,73,2412.39
"{LUNCH BAG CARS BLUE,LUNCH BAG RED RETROSPOT} => {RED RETROSPOT CHARLOTTE BAG}","RED RETROSPOT CHARLOTTE BAG",0.01012,0.333,5.9,370,1.13962209302326,17.1744186046512,123,2411.51
"{JUMBO BAG PINK POLKADOT,JUMBO BAG PINK VINTAGE PAISLEY,JUMBO BAG RED RETROSPOT} => {JUMBO BAG SCANDINAVIAN BLUE PAISLEY}","JUMBO BAG SCANDINAVIAN BLUE PAISLEY",0.01018,0.631,14.31,109,2.70037267080745,12.9826086956522,69,2411.25
"{LUNCH BAG APPLE DESIGN,LUNCH BAG RED RETROSPOT} => {LUNCH BAG  BLACK SKULL.}","LUNCH BAG  BLACK SKULL.",0.01489,0.559,8.03,215,2.10808025177026,9.51376868607396,120,2410.4
"{60 TEATIME FAIRY CAKE CASES,PACK OF 72 RETROSPOT CAKE CASES} => {PACK OF 60 PINK PAISLEY CAKE CASES}","PACK OF 60 PINK PAISLEY CAKE CASES",0.01226,0.494,10.4,229,0.747307249712313,28.3544303797468,113,2397.08
"{REGENCY TEA PLATE GREEN} => {GREEN REGENCY TEACUP AND SAUCER}","GREEN REGENCY TEACUP AND SAUCER",0.0133,0.639,11.54,137,3.84362290227048,7.106614017769,88,2391.25
"{CHARLOTTE BAG PINK POLKADOT,RED RETROSPOT CHARLOTTE BAG} => {LUNCH BAG PINK POLKADOT}","LUNCH BAG PINK POLKADOT",0.01067,0.374,6.27,327,2.03613406795225,9.59504132231405,122,2389.31
"{JUMBO BAG PINK VINTAGE PAISLEY,JUMBO STORAGE BAG SUKI} => {JUMBO SHOPPER VINTAGE RED PAISLEY}","JUMBO SHOPPER VINTAGE RED PAISLEY",0.01302,0.65,10.12,128,2.68828790459966,10.6746166950596,83,2387.54
"{SCANDINAVIAN REDS RIBBONS} => {6 RIBBONS RUSTIC CHARM}","6 RIBBONS RUSTIC CHARM",0.01188,0.481,9.21,234,2.21910994764398,9.55811518324607,113,2387.33
"{LUNCH BAG CARS BLUE,LUNCH BAG SPACEBOY DESIGN} => {LUNCH BAG SUKI DESIGN}","LUNCH BAG SUKI DESIGN",0.01642,0.621,8.85,183,2.16708495713172,9.69134840218238,114,2386.73
"{JUMBO  BAG BAROQUE BLACK WHITE,JUMBO BAG PINK POLKADOT,JUMBO BAG RED RETROSPOT} => {JUMBO STORAGE BAG SUKI}","JUMBO STORAGE BAG SUKI",0.01127,0.634,9.78,119,2.7507347972973,11.4966216216216,75,2385.92
"{GIN + TONIC DIET METAL SIGN,PLEASE ONE PERSON METAL SIGN} => {COOK WITH WINE METAL SIGN}","COOK WITH WINE METAL SIGN",0.01001,0.616,15.64,114,2.39272222222222,14.1958333333333,70,2385.28
"{STRAWBERRY LUNCH BOX WITH CUTLERY} => {SKULL LUNCH BOX WITH CUTLERY}","SKULL LUNCH BOX WITH CUTLERY",0.01237,0.395,17.52,346,3.38432038834951,5.15533980582524,137,2384.53
"{LUNCH BAG  BLACK SKULL.,LUNCH BAG CARS BLUE} => {RED RETROSPOT CHARLOTTE BAG}","RED RETROSPOT CHARLOTTE BAG",0.01056,0.37,6.55,329,1.13962209302326,17.1744186046512,122,2382.54
"{LUNCH BAG CARS BLUE,LUNCH BAG SUKI DESIGN} => {LUNCH BAG SPACEBOY DESIGN}","LUNCH BAG SPACEBOY DESIGN",0.01642,0.557,8.79,239,2.00968885047537,8.90060501296456,133,2381.23
"{LUNCH BAG SPACEBOY DESIGN,LUNCH BAG WOODLAND} => {LUNCH BAG  BLACK SKULL.}","LUNCH BAG  BLACK SKULL.",0.01434,0.547,7.86,217,2.10808025177026,9.51376868607396,119,2380.6
"{LUNCH BAG CARS BLUE,LUNCH BAG PINK POLKADOT} => {LUNCH BAG  BLACK SKULL.}","LUNCH BAG  BLACK SKULL.",0.01696,0.618,8.88,192,2.10808025177026,9.51376868607396,119,2379.74
"{LUNCH BAG APPLE DESIGN,LUNCH BAG RED RETROSPOT} => {LUNCH BAG PINK POLKADOT}","LUNCH BAG PINK POLKADOT",0.01302,0.489,8.2,249,2.03613406795225,9.59504132231405,122,2378.82
"{JUMBO BAG PINK POLKADOT,JUMBO SHOPPER VINTAGE RED PAISLEY,JUMBO STORAGE BAG SUKI} => {JUMBO BAG WOODLAND ANIMALS}","JUMBO BAG WOODLAND ANIMALS",0.01073,0.634,13.45,113,2.93349187935035,11.3120649651972,72,2377.36
"{CHARLOTTE BAG PINK POLKADOT,RED RETROSPOT CHARLOTTE BAG} => {WOODLAND CHARLOTTE BAG}","WOODLAND CHARLOTTE BAG",0.01779,0.623,13.67,197,1.21432692307692,15.9435096153846,123,2376.15
"{LUNCH BAG APPLE DESIGN,LUNCH BAG SUKI DESIGN} => {LUNCH BAG WOODLAND}","LUNCH BAG WOODLAND",0.01177,0.479,8.63,234,2.18364891518738,9.68145956607495,112,2369.6
"{JUMBO BAG PINK POLKADOT,JUMBO BAG RED RETROSPOT,JUMBO BAG SCANDINAVIAN BLUE PAISLEY} => {JUMBO STORAGE BAG SUKI}","JUMBO STORAGE BAG SUKI",0.01089,0.624,9.63,120,2.7507347972973,11.4966216216216,75,2368.02
"{JUMBO BAG WOODLAND ANIMALS,JUMBO SHOPPER VINTAGE RED PAISLEY,JUMBO STORAGE BAG SUKI} => {JUMBO BAG RED RETROSPOT}","JUMBO BAG RED RETROSPOT",0.01215,0.807,7.12,53,2.49391702846117,22.1968162083936,43,2367.68
"{ALARM CLOCK BAKELIKE CHOCOLATE} => {ALARM CLOCK BAKELIKE IVORY}","ALARM CLOCK BAKELIKE IVORY",0.01034,0.442,14.21,239,4.42278169014085,5.06514084507042,106,2366.5
"{JUMBO SHOPPER VINTAGE RED PAISLEY,RECYCLING BAG RETROSPOT} => {JUMBO BAG RED RETROSPOT}","JUMBO BAG RED RETROSPOT",0.01116,0.791,6.97,54,2.49391702846117,22.1968162083936,43,2364.52
"{JUMBO STORAGE BAG SUKI,LUNCH BAG SUKI DESIGN} => {LUNCH BAG RED RETROSPOT}","LUNCH BAG RED RETROSPOT",0.01127,0.566,6.61,158,2.13269181585678,12.3925831202046,89,2363.54
"{LUNCH BAG RED RETROSPOT,LUNCH BAG VINTAGE DOILY} => {LUNCH BAG WOODLAND}","LUNCH BAG WOODLAND",0.0104,0.411,7.41,272,2.18364891518738,9.68145956607495,112,2363.38
"{LUNCH BAG APPLE DESIGN,LUNCH BAG SUKI DESIGN} => {LUNCH BAG CARS BLUE}","LUNCH BAG CARS BLUE",0.01324,0.539,8.57,207,2.06529155787641,10.2254134029591,112,2356.25
"{CHARLOTTE BAG SUKI DESIGN,WOODLAND CHARLOTTE BAG} => {LUNCH BAG SUKI DESIGN}","LUNCH BAG SUKI DESIGN",0.01089,0.436,6.22,257,2.16708495713172,9.69134840218238,112,2353.31
"{REGENCY TEA PLATE PINK} => {ROSES REGENCY TEACUP AND SAUCER}","ROSES REGENCY TEACUP AND SAUCER",0.01056,0.633,10.89,112,3.66992467043314,9.04331450094162,71,2352.92
"{SINGLE HEART ZINC T-LIGHT HOLDER} => {HANGING HEART ZINC T-LIGHT HOLDER}","HANGING HEART ZINC T-LIGHT HOLDER",0.01532,0.553,16.77,226,1.24475953565506,15.1194029850746,125,2352.09
"{CHARLOTTE BAG APPLES DESIGN} => {STRAWBERRY CHARLOTTE BAG}","STRAWBERRY CHARLOTTE BAG",0.01412,0.443,11.2,325,1.20416897506925,13.5470914127424,144,2348.66
"{JUMBO BAG VINTAGE DOILY,LUNCH BAG VINTAGE DOILY} => {LUNCH BAG  BLACK SKULL.}","LUNCH BAG  BLACK SKULL.",0.01012,0.367,5.28,319,2.10808025177026,9.51376868607396,117,2347.99
"{LUNCH BAG RED RETROSPOT,LUNCH BAG WOODLAND} => {LUNCH BAG DOLLY GIRL DESIGN}","LUNCH BAG DOLLY GIRL DESIGN",0.01078,0.375,10.05,329,1.93801762114537,9.81497797356828,123,2346.79
"{LUNCH BAG  BLACK SKULL.,LUNCH BAG VINTAGE DOILY} => {LUNCH BAG RED RETROSPOT}","LUNCH BAG RED RETROSPOT",0.01264,0.616,7.2,144,2.13269181585678,12.3925831202046,89,2344.41
"{LUNCH BAG  BLACK SKULL.,LUNCH BAG SPACEBOY DESIGN} => {RED RETROSPOT CHARLOTTE BAG}","RED RETROSPOT CHARLOTTE BAG",0.01045,0.373,6.61,321,1.13962209302326,17.1744186046512,120,2343.46
"{JUMBO BAG RED RETROSPOT,JUMBO BAG TOYS} => {JUMBO STORAGE BAG SUKI}","JUMBO STORAGE BAG SUKI",0.01292,0.686,10.59,108,2.7507347972973,11.4966216216216,74,2342.97
"{LUNCH BAG CARS BLUE,LUNCH BAG SPACEBOY DESIGN} => {LUNCH BAG  BLACK SKULL.}","LUNCH BAG  BLACK SKULL.",0.0156,0.59,8.48,198,2.10808025177026,9.51376868607396,117,2342.92
"{LUNCH BAG CARS BLUE,LUNCH BAG SPACEBOY DESIGN} => {LUNCH BAG PINK POLKADOT}","LUNCH BAG PINK POLKADOT",0.01439,0.545,9.14,220,2.03613406795225,9.59504132231405,120,2342.46
"{LUNCH BAG APPLE DESIGN,LUNCH BAG VINTAGE LEAF DESIGN} => {LUNCH BAG RED RETROSPOT}","LUNCH BAG RED RETROSPOT",0.01122,0.568,6.63,156,2.13269181585678,12.3925831202046,89,2341.87
"{VINTAGE HEADS AND TAILS CARD GAME} => {VINTAGE SNAP CARDS}","VINTAGE SNAP CARDS",0.01872,0.563,11.14,265,1.0180303030303,15.4101731601732,149,2340.57
"{LUNCH BAG SPACEBOY DESIGN,LUNCH BAG WOODLAND} => {LUNCH BAG PINK POLKADOT}","LUNCH BAG PINK POLKADOT",0.01308,0.499,8.37,240,2.03613406795225,9.59504132231405,120,2339.73
"{FELTCRAFT PRINCESS LOLA DOLL} => {FELTCRAFT PRINCESS OLIVIA DOLL}","FELTCRAFT PRINCESS OLIVIA DOLL",0.01034,0.458,28.84,224,4.23927586206897,5.37931034482759,103,2339.55
"{PACK OF 72 SKULL CAKE CASES} => {60 TEATIME FAIRY CAKE CASES}","60 TEATIME FAIRY CAKE CASES",0.01363,0.377,8.31,412,0.690531400966184,21.7596618357488,155,2333.86
"{JUMBO BAG RED RETROSPOT,LUNCH BAG  BLACK SKULL.} => {LUNCH BAG RED RETROSPOT}","LUNCH BAG RED RETROSPOT",0.01286,0.625,7.3,141,2.13269181585678,12.3925831202046,88,2329.11
"{PLASTERS IN TIN WOODLAND ANIMALS} => {PLASTERS IN TIN SKULLS}","PLASTERS IN TIN SKULLS",0.01275,0.331,10.8,471,1.98091071428571,7.5375,156,2327.78
"{CHARLOTTE BAG SUKI DESIGN,WOODLAND CHARLOTTE BAG} => {LUNCH BAG CARS BLUE}","LUNCH BAG CARS BLUE",0.01012,0.406,6.45,271,2.06529155787641,10.2254134029591,110,2323.58
"{CHARLOTTE BAG SUKI DESIGN,WOODLAND CHARLOTTE BAG} => {LUNCH BAG WOODLAND}","LUNCH BAG WOODLAND",0.01007,0.404,7.27,272,2.18364891518738,9.68145956607495,110,2323.13
"{LUNCH BAG  BLACK SKULL.,LUNCH BAG SUKI DESIGN} => {LUNCH BAG VINTAGE LEAF DESIGN}","LUNCH BAG VINTAGE LEAF DESIGN",0.01045,0.327,8.97,393,1.92492492492492,9.38888888888889,129,2322.57
"{JUMBO BAG PINK POLKADOT,JUMBO BAG RED RETROSPOT,JUMBO BAG WOODLAND ANIMALS} => {JUMBO STORAGE BAG SUKI}","JUMBO STORAGE BAG SUKI",0.01281,0.686,10.59,107,2.7507347972973,11.4966216216216,73,2321.28
"{LUNCH BAG SUKI DESIGN,LUNCH BAG WOODLAND} => {LUNCH BAG CARS BLUE}","LUNCH BAG CARS BLUE",0.01406,0.572,9.1,192,2.06529155787641,10.2254134029591,110,2319.31
"{JUMBO BAG APPLES,JUMBO BAG VINTAGE DOILY} => {LUNCH BAG VINTAGE DOILY}","LUNCH BAG VINTAGE DOILY",0.01084,0.464,7.73,229,1.82762773722628,11.9306569343066,106,2316.89
"{LUNCH BAG RED RETROSPOT,LUNCH BAG VINTAGE DOILY} => {LUNCH BAG  BLACK SKULL.}","LUNCH BAG  BLACK SKULL.",0.01264,0.5,7.19,231,2.10808025177026,9.51376868607396,116,2316.44
"{LUNCH BAG  BLACK SKULL.,LUNCH BAG CARS BLUE} => {LUNCH BAG SPACEBOY DESIGN}","LUNCH BAG SPACEBOY DESIGN",0.0156,0.546,8.62,237,2.00968885047537,8.90060501296456,129,2314.67
"{LUNCH BAG APPLE DESIGN,LUNCH BAG VINTAGE DOILY} => {LUNCH BAG SUKI DESIGN}","LUNCH BAG SUKI DESIGN",0.01215,0.503,7.17,219,2.16708495713172,9.69134840218238,110,2313.51
"{LUNCH BAG APPLE DESIGN,LUNCH BAG SUKI DESIGN} => {LUNCH BAG ALPHABET DESIGN}","LUNCH BAG ALPHABET DESIGN",0.01122,0.457,11.29,244,1.97169147496617,10.5209742895805,112,2313.13
"{LUNCH BAG  BLACK SKULL.,LUNCH BAG SPACEBOY DESIGN} => {LUNCH BAG DOLLY GIRL DESIGN}","LUNCH BAG DOLLY GIRL DESIGN",0.01078,0.385,10.32,315,1.93801762114537,9.81497797356828,121,2306.84
"{ALARM CLOCK BAKELIKE GREEN,ALARM CLOCK BAKELIKE PINK} => {ALARM CLOCK BAKELIKE IVORY}","ALARM CLOCK BAKELIKE IVORY",0.01001,0.438,14.08,235,4.42278169014085,5.06514084507042,103,2305.84
"{PLASTERS IN TIN SPACEBOY} => {PLASTERS IN TIN VINTAGE PAISLEY}","PLASTERS IN TIN VINTAGE PAISLEY",0.01177,0.319,10.31,458,1.90159010600707,8.29505300353357,146,2304.58
"{60 CAKE CASES DOLLY GIRL DESIGN} => {PACK OF 60 PINK PAISLEY CAKE CASES}","PACK OF 60 PINK PAISLEY CAKE CASES",0.01138,0.477,10.03,228,0.747307249712313,28.3544303797468,109,2304.48
"{CHARLOTTE BAG SUKI DESIGN,WOODLAND CHARLOTTE BAG} => {PACK OF 72 RETROSPOT CAKE CASES}","PACK OF 72 RETROSPOT CAKE CASES",0.011,0.441,6.1,255,0.745037878787879,27.4893939393939,112,2303.15
"{LUNCH BAG CARS BLUE,LUNCH BAG WOODLAND} => {LUNCH BAG SUKI DESIGN}","LUNCH BAG SUKI DESIGN",0.01406,0.574,8.17,191,2.16708495713172,9.69134840218238,110,2302.53
"{JUMBO BAG RED RETROSPOT,JUMBO BAG TOYS} => {JUMBO SHOPPER VINTAGE RED PAISLEY}","JUMBO SHOPPER VINTAGE RED PAISLEY",0.01188,0.631,9.82,127,2.68828790459966,10.6746166950596,80,2299.65
"{LUNCH BAG RED RETROSPOT,LUNCH BAG WOODLAND} => {LUNCH BAG SPACEBOY DESIGN}","LUNCH BAG SPACEBOY DESIGN",0.01669,0.58,9.16,221,2.00968885047537,8.90060501296456,128,2292.81
"{RED RETROSPOT OVEN GLOVE} => {PACK OF 72 RETROSPOT CAKE CASES}","PACK OF 72 RETROSPOT CAKE CASES",0.01122,0.455,6.29,246,0.745037878787879,27.4893939393939,112,2292.4
"{LUNCH BAG  BLACK SKULL.,LUNCH BAG WOODLAND} => {LUNCH BAG CARS BLUE}","LUNCH BAG CARS BLUE",0.01401,0.577,9.17,188,2.06529155787641,10.2254134029591,108,2290.85
"{JUMBO  BAG BAROQUE BLACK WHITE,JUMBO BAG SCANDINAVIAN BLUE PAISLEY} => {JUMBO STORAGE BAG SUKI}","JUMBO STORAGE BAG SUKI",0.01034,0.618,9.53,117,2.7507347972973,11.4966216216216,72,2286.62
"{JUMBO STORAGE BAG SUKI,RECYCLING BAG RETROSPOT} => {JUMBO BAG WOODLAND ANIMALS}","JUMBO BAG WOODLAND ANIMALS",0.01023,0.632,13.39,109,2.93349187935035,11.3120649651972,69,2285.97
"{72 SWEETHEART FAIRY CAKE CASES} => {60 TEATIME FAIRY CAKE CASES}","60 TEATIME FAIRY CAKE CASES",0.01516,0.45,9.94,338,0.690531400966184,21.7596618357488,152,2285.41
"{60 TEATIME FAIRY CAKE CASES} => {PACK OF 60 DINOSAUR CAKE CASES}","PACK OF 60 DINOSAUR CAKE CASES",0.01423,0.314,9.56,568,0.628383333333333,20.39,178,2285.18
"{CHARLOTTE BAG APPLES DESIGN} => {CHARLOTTE BAG PINK POLKADOT}","CHARLOTTE BAG PINK POLKADOT",0.01363,0.427,10.52,334,1.22587601078167,13.0619946091644,143,2283.65
"{BOX OF 6 MINI VINTAGE CRACKERS} => {BOX OF 6 MINI 50'S CRACKERS}","BOX OF 6 MINI 50'S CRACKERS",0.01023,0.497,22.61,189,2.65477611940299,9.14925373134328,94,2281.56
"{LUNCH BAG APPLE DESIGN,LUNCH BAG CARS BLUE} => {LUNCH BAG RED RETROSPOT}","LUNCH BAG RED RETROSPOT",0.01248,0.621,7.26,139,2.13269181585678,12.3925831202046,86,2281.37
"{JUMBO BAG APPLES,JUMBO BAG VINTAGE LEAF} => {JUMBO BAG PEARS}","JUMBO BAG PEARS",0.01324,0.665,20.45,122,2.43333333333333,11.5488215488215,81,2279.93
"{LUNCH BAG APPLE DESIGN,LUNCH BAG VINTAGE DOILY} => {LUNCH BAG WOODLAND}","LUNCH BAG WOODLAND",0.01029,0.426,7.68,253,2.18364891518738,9.68145956607495,108,2278.52
"{SET OF 72 RETROSPOT PAPER  DOILIES} => {PACK OF 72 RETROSPOT CAKE CASES}","PACK OF 72 RETROSPOT CAKE CASES",0.01078,0.437,6.05,254,0.745037878787879,27.4893939393939,111,2273.31
"{CHARLOTTE BAG VINTAGE ALPHABET} => {RED RETROSPOT CHARLOTTE BAG}","RED RETROSPOT CHARLOTTE BAG",0.01379,0.54,9.55,215,1.13962209302326,17.1744186046512,116,2272.35
"{JUMBO BAG PINK POLKADOT,JUMBO BAG RED RETROSPOT,JUMBO BAG WOODLAND ANIMALS} => {JUMBO SHOPPER VINTAGE RED PAISLEY}","JUMBO SHOPPER VINTAGE RED PAISLEY",0.01188,0.636,9.9,124,2.68828790459966,10.6746166950596,79,2263.12
"{JUMBO BAG PEARS,JUMBO BAG VINTAGE LEAF} => {JUMBO BAG VINTAGE DOILY}","JUMBO BAG VINTAGE DOILY",0.0127,0.739,10.98,82,2.2780162601626,16.3845528455285,61,2261.78
"{LUNCH BAG  BLACK SKULL.,LUNCH BAG APPLE DESIGN} => {LUNCH BAG VINTAGE DOILY}","LUNCH BAG VINTAGE DOILY",0.01166,0.513,8.56,202,1.82762773722628,11.9306569343066,104,2259.54
"{LUNCH BAG RED RETROSPOT,LUNCH BAG VINTAGE DOILY} => {LUNCH BAG PINK POLKADOT}","LUNCH BAG PINK POLKADOT",0.01297,0.513,8.61,225,2.03613406795225,9.59504132231405,115,2255.03
"{JUMBO BAG PINK POLKADOT,RED RETROSPOT CHARLOTTE BAG} => {JUMBO BAG RED RETROSPOT}","JUMBO BAG RED RETROSPOT",0.01029,0.783,6.9,52,2.49391702846117,22.1968162083936,41,2253.92
"{SET OF 3 BUTTERFLY COOKIE CUTTERS} => {SET OF 3 HEART COOKIE CUTTERS}","SET OF 3 HEART COOKIE CUTTERS",0.01702,0.452,12.08,377,1.63245614035088,8.09356725146199,170,2251.44
"{JUMBO BAG WOODLAND ANIMALS,LUNCH BAG RED RETROSPOT} => {JUMBO BAG RED RETROSPOT}","JUMBO BAG RED RETROSPOT",0.01023,0.782,6.9,52,2.49391702846117,22.1968162083936,41,2251.04
"{JUMBO BAG PINK VINTAGE PAISLEY,JUMBO SHOPPER VINTAGE RED PAISLEY,JUMBO STORAGE BAG SUKI} => {JUMBO BAG RED RETROSPOT}","JUMBO BAG RED RETROSPOT",0.01018,0.782,6.89,52,2.49391702846117,22.1968162083936,41,2251.04
"{LUNCH BAG APPLE DESIGN,LUNCH BAG WOODLAND} => {LUNCH BAG RED RETROSPOT}","LUNCH BAG RED RETROSPOT",0.01292,0.64,7.47,133,2.13269181585678,12.3925831202046,85,2249.68
"{ALARM CLOCK BAKELIKE IVORY,ALARM CLOCK BAKELIKE RED} => {ALARM CLOCK BAKELIKE GREEN}","ALARM CLOCK BAKELIKE GREEN",0.01423,0.697,13.06,113,4.54470769230769,6.27384615384615,79,2245.7
"{CHARLOTTE BAG SUKI DESIGN,WOODLAND CHARLOTTE BAG} => {LUNCH BAG  BLACK SKULL.}","LUNCH BAG  BLACK SKULL.",0.01084,0.434,6.24,258,2.10808025177026,9.51376868607396,112,2245.69
"{LUNCH BAG VINTAGE DOILY,LUNCH BAG VINTAGE LEAF DESIGN} => {LUNCH BAG RED RETROSPOT}","LUNCH BAG RED RETROSPOT",0.01012,0.541,6.32,157,2.13269181585678,12.3925831202046,85,2244.85
"{CHARLOTTE BAG VINTAGE ALPHABET} => {WOODLAND CHARLOTTE BAG}","WOODLAND CHARLOTTE BAG",0.01177,0.46,10.11,252,1.21432692307692,15.9435096153846,116,2244.28
"{RED STRIPE CERAMIC DRAWER KNOB} => {RED SPOT CERAMIC DRAWER KNOB}","RED SPOT CERAMIC DRAWER KNOB",0.01275,0.533,26.4,204,1.72991869918699,11.9241192411924,109,2242.9
"{JUMBO  BAG BAROQUE BLACK WHITE,JUMBO BAG RED RETROSPOT,JUMBO SHOPPER VINTAGE RED PAISLEY} => {JUMBO STORAGE BAG SUKI}","JUMBO STORAGE BAG SUKI",0.01105,0.65,10.02,109,2.7507347972973,11.4966216216216,71,2240.57
"{JUMBO BAG PINK POLKADOT,JUMBO BAG TOYS} => {JUMBO BAG RED RETROSPOT}","JUMBO BAG RED RETROSPOT",0.01275,0.826,7.28,49,2.49391702846117,22.1968162083936,40,2240.52
"{LUNCH BAG CARS BLUE,LUNCH BAG PINK POLKADOT} => {LUNCH BAG SPACEBOY DESIGN}","LUNCH BAG SPACEBOY DESIGN",0.01439,0.524,8.27,239,2.00968885047537,8.90060501296456,125,2240.15
"{LUNCH BAG PINK POLKADOT,LUNCH BAG SPACEBOY DESIGN} => {LUNCH BAG WOODLAND}","LUNCH BAG WOODLAND",0.01308,0.558,10.06,189,2.18364891518738,9.68145956607495,105,2229.56
"{LUNCH BAG SUKI DESIGN,LUNCH BAG VINTAGE DOILY} => {LUNCH BAG RED RETROSPOT}","LUNCH BAG RED RETROSPOT",0.01281,0.639,7.47,132,2.13269181585678,12.3925831202046,84,2229.28
"{LUNCH BAG PINK POLKADOT,LUNCH BAG SPACEBOY DESIGN} => {LUNCH BAG SUKI DESIGN}","LUNCH BAG SUKI DESIGN",0.01281,0.547,7.79,194,2.16708495713172,9.69134840218238,106,2228.69
"{JUMBO BAG RED RETROSPOT,LUNCH BAG PINK POLKADOT} => {LUNCH BAG RED RETROSPOT}","LUNCH BAG RED RETROSPOT",0.01259,0.634,7.4,133,2.13269181585678,12.3925831202046,84,2228.59
"{SET OF 12 MINI LOAF BAKING CASES} => {SET OF 6 TEA TIME BAKING CASES}","SET OF 6 TEA TIME BAKING CASES",0.01259,0.518,25.11,214,1.52787798408488,13.1564986737401,111,2228.29
"{LUNCH BAG  BLACK SKULL.,LUNCH BAG WOODLAND} => {LUNCH BAG SUKI DESIGN}","LUNCH BAG SUKI DESIGN",0.01478,0.608,8.66,174,2.16708495713172,9.69134840218238,106,2221.84
"{HAND WARMER OWL DESIGN,HAND WARMER SCOTTY DOG DESIGN} => {HAND WARMER BIRD DESIGN}","HAND WARMER BIRD DESIGN",0.01089,0.594,19.63,136,2.40614828209765,11.4303797468354,81,2221.82
"{REGENCY SUGAR BOWL GREEN} => {REGENCY MILK JUG PINK}","REGENCY MILK JUG PINK",0.0133,0.755,41.91,79,3.88261398176292,9.58662613981763,60,2220.06
"{LUNCH BAG PINK POLKADOT,LUNCH BAG SUKI DESIGN} => {LUNCH BAG  BLACK SKULL.}","LUNCH BAG  BLACK SKULL.",0.01582,0.618,8.88,179,2.10808025177026,9.51376868607396,111,2218.61
"{LUNCH BAG  BLACK SKULL.,RED RETROSPOT CHARLOTTE BAG} => {LUNCH BAG RED RETROSPOT}","LUNCH BAG RED RETROSPOT",0.01171,0.608,7.1,138,2.13269181585678,12.3925831202046,84,2217.55
"{JUMBO BAG APPLES,JUMBO BAG PINK VINTAGE PAISLEY} => {JUMBO BAG RED RETROSPOT}","JUMBO BAG RED RETROSPOT",0.011,0.801,7.06,50,2.49391702846117,22.1968162083936,40,2217.05
"{JUMBO BAG APPLES,JUMBO BAG WOODLAND ANIMALS} => {JUMBO STORAGE BAG SUKI}","JUMBO STORAGE BAG SUKI",0.01056,0.637,9.83,110,2.7507347972973,11.4966216216216,70,2215.9
"{60 CAKE CASES VINTAGE CHRISTMAS} => {SET OF 20 VINTAGE CHRISTMAS NAPKINS}","SET OF 20 VINTAGE CHRISTMAS NAPKINS",0.01478,0.436,13.07,349,0.994131147540984,14.6426229508197,152,2215
"{MINT KITCHEN SCALES} => {IVORY KITCHEN SCALES}","IVORY KITCHEN SCALES",0.01084,0.555,14.31,159,9.46661016949153,2.65112994350282,88,2214.7
"{WOODEN BOX OF DOMINOES} => {VINTAGE SNAP CARDS}","VINTAGE SNAP CARDS",0.01292,0.402,7.95,351,1.0180303030303,15.4101731601732,141,2213.61
"{JUMBO BAG TOYS,JUMBO SHOPPER VINTAGE RED PAISLEY} => {JUMBO BAG RED RETROSPOT}","JUMBO BAG RED RETROSPOT",0.01188,0.816,7.19,49,2.49391702846117,22.1968162083936,40,2213.4
"{PACK OF 60 DINOSAUR CAKE CASES} => {60 TEATIME FAIRY CAKE CASES}","60 TEATIME FAIRY CAKE CASES",0.01423,0.433,9.56,340,0.690531400966184,21.7596618357488,147,2212.09
"{RED STRIPE CERAMIC DRAWER KNOB} => {WHITE SPOT RED CERAMIC DRAWER KNOB}","WHITE SPOT RED CERAMIC DRAWER KNOB",0.01275,0.533,23.88,204,1.68622549019608,12.0588235294118,109,2210.95
"{LUNCH BAG APPLE DESIGN,LUNCH BAG VINTAGE DOILY} => {LUNCH BAG  BLACK SKULL.}","LUNCH BAG  BLACK SKULL.",0.01166,0.483,6.94,228,2.10808025177026,9.51376868607396,110,2208.62
"{PINK BLUE FELT CRAFT TRINKET BOX} => {PINK CREAM FELT CRAFT TRINKET BOX}","PINK CREAM FELT CRAFT TRINKET BOX",0.01478,0.517,15.34,252,1.42626623376623,11.8847402597403,130,2208.42
"{LUNCH BAG SPACEBOY DESIGN,LUNCH BAG WOODLAND} => {LUNCH BAG DOLLY GIRL DESIGN}","LUNCH BAG DOLLY GIRL DESIGN",0.01084,0.413,11.09,281,1.93801762114537,9.81497797356828,116,2207.51
"{LUNCH BAG SPACEBOY DESIGN,LUNCH BAG SUKI DESIGN} => {LUNCH BAG VINTAGE LEAF DESIGN}","LUNCH BAG VINTAGE LEAF DESIGN",0.0104,0.356,9.78,343,1.92492492492492,9.38888888888889,122,2206.85
"{60 CAKE CASES DOLLY GIRL DESIGN} => {PACK OF 72 RETROSPOT CAKE CASES}","PACK OF 72 RETROSPOT CAKE CASES",0.01324,0.555,7.68,194,0.745037878787879,27.4893939393939,108,2205.15
"{LUNCH BAG CARS BLUE,LUNCH BAG WOODLAND} => {LUNCH BAG  BLACK SKULL.}","LUNCH BAG  BLACK SKULL.",0.01401,0.571,8.22,192,2.10808025177026,9.51376868607396,110,2198.76
"{CHARLOTTE BAG SUKI DESIGN,RED RETROSPOT CHARLOTTE BAG} => {WOODLAND CHARLOTTE BAG}","WOODLAND CHARLOTTE BAG",0.01839,0.663,14.56,171,1.21432692307692,15.9435096153846,113,2194.97
"{PACK OF 60 SPACEBOY CAKE CASES} => {PACK OF 72 SKULL CAKE CASES}","PACK OF 72 SKULL CAKE CASES",0.01138,0.4,11.06,312,0.792087745839637,22.1906202723147,125,2193.6
"{LUNCH BAG  BLACK SKULL.,LUNCH BAG VINTAGE DOILY} => {LUNCH BAG APPLE DESIGN}","LUNCH BAG APPLE DESIGN",0.01166,0.568,10.03,162,2.04046376811594,11.6772946859903,92,2192.47
"{GREEN REGENCY TEACUP AND SAUCER,REGENCY CAKESTAND 3 TIER,ROSES REGENCY TEACUP AND SAUCER} => {PINK REGENCY TEACUP AND SAUCER}","PINK REGENCY TEACUP AND SAUCER",0.01647,0.738,17.74,107,3.71778947368421,7.46315789473684,79,2191.03
"{LUNCH BAG  BLACK SKULL.,LUNCH BAG APPLE DESIGN} => {LUNCH BAG WOODLAND}","LUNCH BAG WOODLAND",0.01177,0.518,9.34,200,2.18364891518738,9.68145956607495,104,2190.2
"{SKULL LUNCH BOX WITH CUTLERY} => {STRAWBERRY LUNCH BOX WITH CUTLERY}","STRAWBERRY LUNCH BOX WITH CUTLERY",0.01237,0.549,17.52,186,3.13536713286713,6.83916083916084,102,2189.66
"{LUNCH BAG RED RETROSPOT,RED RETROSPOT CHARLOTTE BAG} => {CHARLOTTE BAG SUKI DESIGN}","CHARLOTTE BAG SUKI DESIGN",0.01417,0.657,13.67,135,1.20502844141069,20.4732650739477,89,2188.18
"{LUNCH BAG SUKI DESIGN,LUNCH BAG WOODLAND} => {LUNCH BAG PINK POLKADOT}","LUNCH BAG PINK POLKADOT",0.01297,0.528,8.86,212,2.03613406795225,9.59504132231405,112,2186.87
"{CHARLOTTE BAG PINK POLKADOT,RED RETROSPOT CHARLOTTE BAG} => {LUNCH BAG SPACEBOY DESIGN}","LUNCH BAG SPACEBOY DESIGN",0.01062,0.372,5.87,328,2.00968885047537,8.90060501296456,122,2182.55
"{JUMBO  BAG BAROQUE BLACK WHITE,JUMBO BAG WOODLAND ANIMALS} => {JUMBO STORAGE BAG SUKI}","JUMBO STORAGE BAG SUKI",0.01084,0.651,10.05,106,2.7507347972973,11.4966216216216,69,2182.26
"{LUNCH BAG SPACEBOY DESIGN,LUNCH BAG VINTAGE DOILY} => {LUNCH BAG RED RETROSPOT}","LUNCH BAG RED RETROSPOT",0.01122,0.598,6.98,138,2.13269181585678,12.3925831202046,83,2181.07
"{JUMBO BAG APPLES,JUMBO BAG SCANDINAVIAN BLUE PAISLEY} => {JUMBO BAG RED RETROSPOT}","JUMBO BAG RED RETROSPOT",0.011,0.804,7.09,49,2.49391702846117,22.1968162083936,39,2180.85
"{JUMBO  BAG BAROQUE BLACK WHITE,JUMBO BAG PINK POLKADOT,JUMBO BAG RED RETROSPOT} => {JUMBO SHOPPER VINTAGE RED PAISLEY}","JUMBO SHOPPER VINTAGE RED PAISLEY",0.01116,0.628,9.77,121,2.68828790459966,10.6746166950596,76,2180.59
"{LUNCH BAG APPLE DESIGN,LUNCH BAG SUKI DESIGN} => {LUNCH BAG PINK POLKADOT}","LUNCH BAG PINK POLKADOT",0.01133,0.461,7.74,242,2.03613406795225,9.59504132231405,112,2179.56
"{LUNCH BAG CARS BLUE,LUNCH BAG WOODLAND} => {LUNCH BAG PINK POLKADOT}","LUNCH BAG PINK POLKADOT",0.01302,0.531,8.91,210,2.03613406795225,9.59504132231405,112,2178.55
"{LUNCH BAG  BLACK SKULL.,LUNCH BAG APPLE DESIGN} => {LUNCH BAG CARS BLUE}","LUNCH BAG CARS BLUE",0.0122,0.537,8.55,192,2.06529155787641,10.2254134029591,103,2177.4
"{LUNCH BAG APPLE DESIGN,LUNCH BAG RED RETROSPOT} => {LUNCH BAG SPACEBOY DESIGN}","LUNCH BAG SPACEBOY DESIGN",0.01363,0.511,8.08,238,2.00968885047537,8.90060501296456,122,2175.44
"{JUMBO BAG RED RETROSPOT,JUMBO BAG SCANDINAVIAN BLUE PAISLEY,JUMBO SHOPPER VINTAGE RED PAISLEY} => {JUMBO STORAGE BAG SUKI}","JUMBO STORAGE BAG SUKI",0.01155,0.674,10.4,102,2.7507347972973,11.4966216216216,69,2174.1
"{HAND WARMER RED LOVE HEART} => {HAND WARMER UNION JACK}","HAND WARMER UNION JACK",0.0104,0.479,18.3,207,2.20046025104603,9.96443514644352,99,2174.06
"{CHARLOTTE BAG SUKI DESIGN,STRAWBERRY CHARLOTTE BAG} => {LUNCH BAG CARS BLUE}","LUNCH BAG CARS BLUE",0.01023,0.451,7.17,228,2.06529155787641,10.2254134029591,103,2171.57
"{RED STRIPE CERAMIC DRAWER KNOB} => {WHITE SPOT BLUE CERAMIC DRAWER KNOB}","WHITE SPOT BLUE CERAMIC DRAWER KNOB",0.01062,0.444,22.29,243,1.6843956043956,11.9395604395604,108,2169.81
"{LUNCH BAG APPLE DESIGN,LUNCH BAG SUKI DESIGN} => {LUNCH BAG  BLACK SKULL.}","LUNCH BAG  BLACK SKULL.",0.01467,0.597,8.58,181,2.10808025177026,9.51376868607396,108,2167.17
"{PLASTERS IN TIN SPACEBOY} => {PLASTERS IN TIN SKULLS}","PLASTERS IN TIN SKULLS",0.01155,0.314,10.23,462,1.98091071428571,7.5375,145,2166.03
"{CHARLOTTE BAG SUKI DESIGN,STRAWBERRY CHARLOTTE BAG} => {LUNCH BAG SUKI DESIGN}","LUNCH BAG SUKI DESIGN",0.01045,0.46,6.55,224,2.16708495713172,9.69134840218238,103,2164.04
"{LUNCH BAG CARS BLUE,LUNCH BAG SPACEBOY DESIGN} => {LUNCH BAG DOLLY GIRL DESIGN}","LUNCH BAG DOLLY GIRL DESIGN",0.01001,0.379,10.17,300,1.93801762114537,9.81497797356828,114,2162.76
"{HOT WATER BOTTLE I AM SO POORLY,HOT WATER BOTTLE TEA AND SYMPATHY} => {CHOCOLATE HOT WATER BOTTLE}","CHOCOLATE HOT WATER BOTTLE",0.01034,0.716,15.35,75,6.02895539906103,6.67605633802817,54,2161.41
"{JUMBO BAG SCANDINAVIAN BLUE PAISLEY,JUMBO STORAGE BAG SUKI} => {JUMBO SHOPPER VINTAGE RED PAISLEY}","JUMBO SHOPPER VINTAGE RED PAISLEY",0.01357,0.697,10.84,108,2.68828790459966,10.6746166950596,75,2160.15
"{FELTCRAFT PRINCESS CHARLOTTE DOLL} => {FELTCRAFT PRINCESS LOLA DOLL}","FELTCRAFT PRINCESS LOLA DOLL",0.01396,0.568,25.13,194,4.06360774818402,4.82324455205811,110,2159.74
"{BLUE STRIPE CERAMIC DRAWER KNOB} => {RED SPOT CERAMIC DRAWER KNOB}","RED SPOT CERAMIC DRAWER KNOB",0.01018,0.438,21.67,239,1.72991869918699,11.9241192411924,105,2159.35
"{LUNCH BAG SUKI DESIGN,LUNCH BAG WOODLAND} => {LUNCH BAG  BLACK SKULL.}","LUNCH BAG  BLACK SKULL.",0.01478,0.601,8.65,179,2.10808025177026,9.51376868607396,108,2157.58
"{RED STRIPE CERAMIC DRAWER KNOB} => {BLUE SPOT CERAMIC DRAWER KNOB}","BLUE SPOT CERAMIC DRAWER KNOB",0.01138,0.476,23.26,229,1.71072192513369,11.5668449197861,109,2156.93
"{BLUE STRIPE CERAMIC DRAWER KNOB} => {RED STRIPE CERAMIC DRAWER KNOB}","RED STRIPE CERAMIC DRAWER KNOB",0.01368,0.588,24.6,175,1.66965675057208,12.5263157894737,103,2152.12
"{CHRISTMAS CRAFT LITTLE FRIENDS} => {CHRISTMAS CRAFT TREE TOP ANGEL}","CHRISTMAS CRAFT TREE TOP ANGEL",0.0151,0.508,20.32,267,2.60984682713348,6.07439824945295,136,2150.27
"{JUMBO BAG PEARS,JUMBO BAG VINTAGE LEAF} => {JUMBO BAG APPLES}","JUMBO BAG APPLES",0.01324,0.771,14.43,72,2.57344262295082,15.0389344262295,56,2148.42
"{CHARLOTTE BAG PINK POLKADOT,CHARLOTTE BAG SUKI DESIGN} => {LUNCH BAG CARS BLUE}","LUNCH BAG CARS BLUE",0.01018,0.454,7.21,224,2.06529155787641,10.2254134029591,102,2147.66
"{JUMBO BAG PEARS,JUMBO BAG RED RETROSPOT} => {JUMBO BAG VINTAGE DOILY}","JUMBO BAG VINTAGE DOILY",0.01155,0.728,10.81,79,2.2780162601626,16.3845528455285,58,2146.59
"{LUNCH BAG APPLE DESIGN,LUNCH BAG RED RETROSPOT} => {LUNCH BAG VINTAGE LEAF DESIGN}","LUNCH BAG VINTAGE LEAF DESIGN",0.01122,0.421,11.55,282,1.92492492492492,9.38888888888889,119,2145.65
"{LUNCH BAG  BLACK SKULL.,LUNCH BAG WOODLAND} => {LUNCH BAG PINK POLKADOT}","LUNCH BAG PINK POLKADOT",0.01346,0.554,9.3,198,2.03613406795225,9.59504132231405,110,2143.03
"{LUNCH BAG APPLE DESIGN,LUNCH BAG SPACEBOY DESIGN} => {LUNCH BAG VINTAGE DOILY}","LUNCH BAG VINTAGE DOILY",0.01084,0.504,8.4,195,1.82762773722628,11.9306569343066,98,2142.98
"{LUNCH BAG  BLACK SKULL.,LUNCH BAG APPLE DESIGN} => {LUNCH BAG ALPHABET DESIGN}","LUNCH BAG ALPHABET DESIGN",0.01062,0.467,11.56,221,1.97169147496617,10.5209742895805,103,2140.94
"{CHARLOTTE BAG PINK POLKADOT,CHARLOTTE BAG SUKI DESIGN} => {LUNCH BAG SUKI DESIGN}","LUNCH BAG SUKI DESIGN",0.01034,0.461,6.57,221,2.16708495713172,9.69134840218238,102,2139.7
"{LUNCH BAG PINK POLKADOT,LUNCH BAG SPACEBOY DESIGN} => {LUNCH BAG CARS BLUE}","LUNCH BAG CARS BLUE",0.01439,0.614,9.77,165,2.06529155787641,10.2254134029591,101,2139.51
"{JUMBO BAG PINK POLKADOT,JUMBO BAG PINK VINTAGE PAISLEY,JUMBO BAG RED RETROSPOT} => {JUMBO STORAGE BAG SUKI}","JUMBO STORAGE BAG SUKI",0.0104,0.644,9.94,105,2.7507347972973,11.4966216216216,68,2138.43
"{BLUE STRIPE CERAMIC DRAWER KNOB} => {WHITE SPOT RED CERAMIC DRAWER KNOB}","WHITE SPOT RED CERAMIC DRAWER KNOB",0.01034,0.445,19.92,236,1.68622549019608,12.0588235294118,105,2135.47
"{LUNCH BAG PINK POLKADOT,LUNCH BAG WOODLAND} => {LUNCH BAG RED RETROSPOT}","LUNCH BAG RED RETROSPOT",0.01549,0.715,8.35,113,2.13269181585678,12.3925831202046,81,2135.38
"{CHARLOTTE BAG SUKI DESIGN,RED RETROSPOT CHARLOTTE BAG} => {LUNCH BAG SPACEBOY DESIGN}","LUNCH BAG SPACEBOY DESIGN",0.01045,0.377,5.95,316,2.00968885047537,8.90060501296456,119,2130.97
"{STRAWBERRY CHARLOTTE BAG,WOODLAND CHARLOTTE BAG} => {LUNCH BAG CARS BLUE}","LUNCH BAG CARS BLUE",0.01012,0.456,7.25,221,2.06529155787641,10.2254134029591,101,2128.23
"{JAM MAKING SET WITH JARS,RECIPE BOX PANTRY YELLOW DESIGN} => {JAM MAKING SET PRINTED}","JAM MAKING SET PRINTED",0.01095,0.597,9.47,135,1.90982638888889,13.8168402777778,81,2126.72
"{JUMBO BAG VINTAGE DOILY,JUMBO STORAGE BAG SUKI} => {JUMBO BAG VINTAGE LEAF}","JUMBO BAG VINTAGE LEAF",0.01045,0.61,12.69,122,2.29795221843003,12.4334470989761,74,2126.29
"{LUNCH BAG  BLACK SKULL.,LUNCH BAG RED RETROSPOT,LUNCH BAG SUKI DESIGN} => {LUNCH BAG APPLE DESIGN}","LUNCH BAG APPLE DESIGN",0.01034,0.528,9.32,169,2.04046376811594,11.6772946859903,89,2126.14
"{LUNCH BAG APPLE DESIGN,LUNCH BAG VINTAGE DOILY} => {LUNCH BAG PINK POLKADOT}","LUNCH BAG PINK POLKADOT",0.01073,0.444,7.46,245,2.03613406795225,9.59504132231405,109,2125.21
"{JUMBO BAG APPLES,JUMBO BAG PINK POLKADOT,JUMBO BAG RED RETROSPOT} => {JUMBO STORAGE BAG SUKI}","JUMBO STORAGE BAG SUKI",0.01001,0.633,9.77,106,2.7507347972973,11.4966216216216,67,2121.92
"{JUMBO BAG PINK VINTAGE PAISLEY,JUMBO BAG RED RETROSPOT,JUMBO SHOPPER VINTAGE RED PAISLEY} => {JUMBO STORAGE BAG SUKI}","JUMBO STORAGE BAG SUKI",0.01018,0.639,9.86,105,2.7507347972973,11.4966216216216,67,2121.82
"{BLUE STRIPE CERAMIC DRAWER KNOB} => {WHITE SPOT BLUE CERAMIC DRAWER KNOB}","WHITE SPOT BLUE CERAMIC DRAWER KNOB",0.01051,0.452,22.68,233,1.6843956043956,11.9395604395604,105,2118
"{JUMBO  BAG BAROQUE BLACK WHITE,JUMBO BAG RED RETROSPOT,JUMBO STORAGE BAG SUKI} => {JUMBO SHOPPER VINTAGE RED PAISLEY}","JUMBO SHOPPER VINTAGE RED PAISLEY",0.01105,0.635,9.89,116,2.68828790459966,10.6746166950596,74,2113.78
"{FELTCRAFT PRINCESS LOLA DOLL} => {FELTCRAFT PRINCESS CHARLOTTE DOLL}","FELTCRAFT PRINCESS CHARLOTTE DOLL",0.01396,0.617,25.13,158,4.12378619153675,5.23162583518931,97,2103.17
"{BLUE STRIPE CERAMIC DRAWER KNOB} => {BLUE SPOT CERAMIC DRAWER KNOB}","BLUE SPOT CERAMIC DRAWER KNOB",0.01166,0.501,24.49,212,1.71072192513369,11.5668449197861,106,2101.69
"{CHRISTMAS CRAFT TREE TOP ANGEL} => {CHRISTMAS CRAFT LITTLE FRIENDS}","CHRISTMAS CRAFT LITTLE FRIENDS",0.0151,0.604,20.32,181,2.58911602209945,7.41804788213628,109,2099.7
"{SET OF 60 PANTRY DESIGN CAKE CASES} => {SET OF 60 I LOVE LONDON CAKE CASES}","SET OF 60 I LOVE LONDON CAKE CASES",0.01138,0.331,14.87,420,0.747788697788698,20.1719901719902,139,2097.03
"{WHITE SPOT RED CERAMIC DRAWER KNOB} => {RED SPOT CERAMIC DRAWER KNOB}","RED SPOT CERAMIC DRAWER KNOB",0.01182,0.529,26.22,192,1.72991869918699,11.9241192411924,102,2095.12
"{LUNCH BAG PINK POLKADOT,LUNCH BAG SUKI DESIGN} => {LUNCH BAG SPACEBOY DESIGN}","LUNCH BAG SPACEBOY DESIGN",0.01281,0.5,7.9,234,2.00968885047537,8.90060501296456,117,2092.83
"{WHITE SPOT RED CERAMIC DRAWER KNOB} => {RED STRIPE CERAMIC DRAWER KNOB}","RED STRIPE CERAMIC DRAWER KNOB",0.01275,0.571,23.88,175,1.66965675057208,12.5263157894737,100,2089.9
"{RED STRIPE CERAMIC DRAWER KNOB} => {BLUE STRIPE CERAMIC DRAWER KNOB}","BLUE STRIPE CERAMIC DRAWER KNOB",0.01368,0.572,24.6,187,1.59515294117647,12.2376470588235,107,2088.04
"{PACK OF 60 DINOSAUR CAKE CASES} => {72 SWEETHEART FAIRY CAKE CASES}","72 SWEETHEART FAIRY CAKE CASES",0.01231,0.375,11.14,375,0.688471544715447,21.5626016260163,141,2087.61
"{SET OF 12 FAIRY CAKE BAKING CASES} => {SET OF 12 MINI LOAF BAKING CASES}","SET OF 12 MINI LOAF BAKING CASES",0.01675,0.556,22.9,244,1.11556306306306,13.7927927927928,136,2087.43
"{CHARLOTTE BAG PINK POLKADOT,CHARLOTTE BAG SUKI DESIGN} => {PACK OF 72 RETROSPOT CAKE CASES}","PACK OF 72 RETROSPOT CAKE CASES",0.01029,0.459,6.35,222,0.745037878787879,27.4893939393939,102,2086.94
"{LUNCH BAG SUKI DESIGN,LUNCH BAG VINTAGE DOILY} => {LUNCH BAG APPLE DESIGN}","LUNCH BAG APPLE DESIGN",0.01215,0.607,10.71,144,2.04046376811594,11.6772946859903,87,2082.68
"{LUNCH BAG RED RETROSPOT,RED RETROSPOT CHARLOTTE BAG} => {LUNCH BAG CARS BLUE}","LUNCH BAG CARS BLUE",0.01012,0.47,7.47,209,2.06529155787641,10.2254134029591,98,2074.47
"{CHARLOTTE BAG SUKI DESIGN,STRAWBERRY CHARLOTTE BAG} => {LUNCH BAG  BLACK SKULL.}","LUNCH BAG  BLACK SKULL.",0.01067,0.47,6.76,220,2.10808025177026,9.51376868607396,103,2073.77
"{RED RETROSPOT CHARLOTTE BAG,STRAWBERRY CHARLOTTE BAG} => {WOODLAND CHARLOTTE BAG}","WOODLAND CHARLOTTE BAG",0.0179,0.673,14.78,159,1.21432692307692,15.9435096153846,107,2071.72
"{LUNCH BAG APPLE DESIGN,LUNCH BAG SPACEBOY DESIGN} => {LUNCH BAG CARS BLUE}","LUNCH BAG CARS BLUE",0.01133,0.527,8.38,186,2.06529155787641,10.2254134029591,98,2070.07
"{STRAWBERRY CHARLOTTE BAG,WOODLAND CHARLOTTE BAG} => {PACK OF 72 RETROSPOT CAKE CASES}","PACK OF 72 RETROSPOT CAKE CASES",0.01023,0.461,6.38,219,0.745037878787879,27.4893939393939,101,2067.7
"{LUNCH BAG RED RETROSPOT,RED RETROSPOT CHARLOTTE BAG} => {LUNCH BAG SUKI DESIGN}","LUNCH BAG SUKI DESIGN",0.01133,0.525,7.48,187,2.16708495713172,9.69134840218238,98,2061.87
"{RED RETROSPOT CHARLOTTE BAG,STRAWBERRY CHARLOTTE BAG} => {LUNCH BAG SPACEBOY DESIGN}","LUNCH BAG SPACEBOY DESIGN",0.01023,0.385,6.08,299,2.00968885047537,8.90060501296456,115,2059.11
"{JUMBO BAG PINK POLKADOT,JUMBO BAG RED RETROSPOT,JUMBO BAG SCANDINAVIAN BLUE PAISLEY} => {JUMBO SHOPPER VINTAGE RED PAISLEY}","JUMBO SHOPPER VINTAGE RED PAISLEY",0.01149,0.658,10.25,109,2.68828790459966,10.6746166950596,72,2058.17
"{LUNCH BAG APPLE DESIGN,LUNCH BAG SPACEBOY DESIGN} => {LUNCH BAG WOODLAND}","LUNCH BAG WOODLAND",0.01182,0.55,9.9,177,2.18364891518738,9.68145956607495,97,2058.07
"{JUMBO BAG RED RETROSPOT,RED RETROSPOT CHARLOTTE BAG} => {WOODLAND CHARLOTTE BAG}","WOODLAND CHARLOTTE BAG",0.0116,0.499,10.96,213,1.21432692307692,15.9435096153846,106,2057.78
"{JUMBO BAG PINK POLKADOT,JUMBO BAG VINTAGE LEAF} => {JUMBO BAG RED RETROSPOT}","JUMBO BAG RED RETROSPOT",0.01062,0.808,7.13,46,2.49391702846117,22.1968162083936,37,2057.51
"{CHILDRENS APRON SPACEBOY DESIGN} => {PINK FAIRY CAKE CHILDRENS APRON}","PINK FAIRY CAKE CHILDRENS APRON",0.01116,0.371,13.72,346,2.47757085020243,6.46558704453441,128,2056.29
"{VINTAGE CREAM DOG FOOD CONTAINER} => {VINTAGE CREAM CAT FOOD CONTAINER}","VINTAGE CREAM CAT FOOD CONTAINER",0.01034,0.455,26.42,226,7.85612698412698,2.53968253968254,103,2051.67
"{JUMBO BAG PINK POLKADOT,JUMBO BAG WOODLAND ANIMALS,JUMBO STORAGE BAG SUKI} => {JUMBO BAG RED RETROSPOT}","JUMBO BAG RED RETROSPOT",0.01281,0.842,7.42,44,2.49391702846117,22.1968162083936,37,2050.87
"{LUNCH BAG DOLLY GIRL DESIGN,LUNCH BAG SPACEBOY DESIGN} => {LUNCH BAG WOODLAND}","LUNCH BAG WOODLAND",0.01084,0.51,9.2,190,2.18364891518738,9.68145956607495,97,2048.55
"{JUMBO BAG RED RETROSPOT,JUMBO BAG WOODLAND ANIMALS,JUMBO STORAGE BAG SUKI} => {JUMBO SHOPPER VINTAGE RED PAISLEY}","JUMBO SHOPPER VINTAGE RED PAISLEY",0.01215,0.679,10.57,105,2.68828790459966,10.6746166950596,71,2045.91
"{LUNCH BAG DOLLY GIRL DESIGN,LUNCH BAG SPACEBOY DESIGN} => {LUNCH BAG CARS BLUE}","LUNCH BAG CARS BLUE",0.01001,0.472,7.5,205,2.06529155787641,10.2254134029591,97,2043.42
"{LUNCH BAG RED RETROSPOT,LUNCH BAG VINTAGE DOILY} => {LUNCH BAG SPACEBOY DESIGN}","LUNCH BAG SPACEBOY DESIGN",0.01122,0.444,7.01,257,2.00968885047537,8.90060501296456,114,2041.1
"{CHARLOTTE BAG APPLES DESIGN} => {CHARLOTTE BAG VINTAGE ALPHABET}","CHARLOTTE BAG VINTAGE ALPHABET",0.01335,0.419,16.38,339,1.14758029978587,12.5160599571734,142,2040.16
"{JUMBO BAG SPACEBOY DESIGN,JUMBO BAG WOODLAND ANIMALS} => {JUMBO STORAGE BAG SUKI}","JUMBO STORAGE BAG SUKI",0.01073,0.671,10.36,96,2.7507347972973,11.4966216216216,64,2037.1
"{LUNCH BAG APPLE DESIGN,LUNCH BAG SPACEBOY DESIGN} => {LUNCH BAG ALPHABET DESIGN}","LUNCH BAG ALPHABET DESIGN",0.01045,0.486,12.02,202,1.97169147496617,10.5209742895805,98,2036.49
"{SET OF 60 PANTRY DESIGN CAKE CASES} => {60 TEATIME FAIRY CAKE CASES}","60 TEATIME FAIRY CAKE CASES",0.01084,0.315,6.96,430,0.690531400966184,21.7596618357488,135,2035.24
"{CHARLOTTE BAG PINK POLKADOT,CHARLOTTE BAG SUKI DESIGN} => {LUNCH BAG  BLACK SKULL.}","LUNCH BAG  BLACK SKULL.",0.01007,0.449,6.45,226,2.10808025177026,9.51376868607396,101,2035.14
"{JUMBO BAG VINTAGE LEAF,JUMBO STORAGE BAG SUKI} => {JUMBO BAG VINTAGE DOILY}","JUMBO BAG VINTAGE DOILY",0.01045,0.715,10.63,76,2.2780162601626,16.3845528455285,54,2028.2
"{LUNCH BAG  BLACK SKULL.,LUNCH BAG APPLE DESIGN} => {LUNCH BAG PINK POLKADOT}","LUNCH BAG PINK POLKADOT",0.01122,0.494,8.29,210,2.03613406795225,9.59504132231405,104,2026.75
"{STRAWBERRY CHARLOTTE BAG,WOODLAND CHARLOTTE BAG} => {LUNCH BAG  BLACK SKULL.}","LUNCH BAG  BLACK SKULL.",0.01045,0.47,6.76,215,2.10808025177026,9.51376868607396,101,2026.64
"{CHARLOTTE BAG SUKI DESIGN,LUNCH BAG SUKI DESIGN} => {LUNCH BAG RED RETROSPOT}","LUNCH BAG RED RETROSPOT",0.01177,0.644,7.52,119,2.13269181585678,12.3925831202046,77,2025.46
"{LUNCH BAG PINK POLKADOT,LUNCH BAG SPACEBOY DESIGN} => {LUNCH BAG  BLACK SKULL.}","LUNCH BAG  BLACK SKULL.",0.0145,0.619,8.9,163,2.10808025177026,9.51376868607396,101,2023.57
"{JUMBO BAG RED RETROSPOT,LUNCH BAG CARS BLUE} => {LUNCH BAG RED RETROSPOT}","LUNCH BAG RED RETROSPOT",0.01105,0.622,7.26,123,2.13269181585678,12.3925831202046,77,2022.02
"{CHARLOTTE BAG PINK POLKADOT,WOODLAND CHARLOTTE BAG} => {PACK OF 72 RETROSPOT CAKE CASES}","PACK OF 72 RETROSPOT CAKE CASES",0.01073,0.496,6.87,199,0.745037878787879,27.4893939393939,99,2021.52
"{CHRISTMAS CRAFT LITTLE FRIENDS} => {CHRISTMAS CRAFT WHITE FAIRY}","CHRISTMAS CRAFT WHITE FAIRY",0.0133,0.448,21.69,300,1.75763925729443,8.54641909814324,134,2018.89
"{CHILDRENS CUTLERY SPACEBOY} => {CHILDRENS CUTLERY DOLLY GIRL}","CHILDRENS CUTLERY DOLLY GIRL",0.01248,0.62,37.99,140,4.2696644295302,5.44295302013423,87,2017.2
"{PLASTERS IN TIN SKULLS} => {PLASTERS IN TIN VINTAGE PAISLEY}","PLASTERS IN TIN VINTAGE PAISLEY",0.01078,0.352,11.36,363,1.90159010600707,8.29505300353357,128,2015.51
"{HAND WARMER BIRD DESIGN,HAND WARMER OWL DESIGN} => {HAND WARMER SCOTTY DOG DESIGN}","HAND WARMER SCOTTY DOG DESIGN",0.01089,0.64,21.38,112,2.34299817184643,11.9963436928702,72,2014.74
"{JUMBO  BAG BAROQUE BLACK WHITE,JUMBO BAG WOODLAND ANIMALS} => {JUMBO SHOPPER VINTAGE RED PAISLEY}","JUMBO SHOPPER VINTAGE RED PAISLEY",0.01062,0.638,9.93,110,2.68828790459966,10.6746166950596,70,2013.92
"{LUNCH BAG APPLE DESIGN,LUNCH BAG SUKI DESIGN} => {LUNCH BAG VINTAGE LEAF DESIGN}","LUNCH BAG VINTAGE LEAF DESIGN",0.01116,0.454,12.47,245,1.92492492492492,9.38888888888889,111,2010.25
"{LUNCH BAG APPLE DESIGN,LUNCH BAG WOODLAND} => {LUNCH BAG VINTAGE DOILY}","LUNCH BAG VINTAGE DOILY",0.01029,0.509,8.49,181,1.82762773722628,11.9306569343066,92,2008.85
"{REGENCY TEA PLATE PINK} => {PINK REGENCY TEACUP AND SAUCER}","PINK REGENCY TEACUP AND SAUCER",0.01023,0.613,14.74,118,3.71778947368421,7.46315789473684,72,2007.01
"{CHARLOTTE BAG DOLLY GIRL DESIGN} => {WOODLAND CHARLOTTE BAG}","WOODLAND CHARLOTTE BAG",0.01166,0.513,11.27,202,1.21432692307692,15.9435096153846,104,2006.26
"{LUNCH BAG PINK POLKADOT,LUNCH BAG WOODLAND} => {LUNCH BAG CARS BLUE}","LUNCH BAG CARS BLUE",0.01302,0.601,9.56,158,2.06529155787641,10.2254134029591,95,2005.37
"{SKULL SHOULDER BAG} => {RED RETROSPOT CHARLOTTE BAG}","RED RETROSPOT CHARLOTTE BAG",0.01067,0.476,8.42,215,1.13962209302326,17.1744186046512,102,2003.03
"{LUNCH BAG ALPHABET DESIGN,LUNCH BAG SUKI DESIGN} => {LUNCH BAG RED RETROSPOT}","LUNCH BAG RED RETROSPOT",0.01078,0.616,7.19,123,2.13269181585678,12.3925831202046,76,2002.51
"{LUNCH BAG RED RETROSPOT,LUNCH BAG VINTAGE DOILY} => {LUNCH BAG VINTAGE LEAF DESIGN}","LUNCH BAG VINTAGE LEAF DESIGN",0.01012,0.4,10.99,277,1.92492492492492,9.38888888888889,111,2002.48
"{LUNCH BAG  BLACK SKULL.,RED RETROSPOT CHARLOTTE BAG} => {CHARLOTTE BAG SUKI DESIGN}","CHARLOTTE BAG SUKI DESIGN",0.01231,0.639,13.29,127,1.20502844141069,20.4732650739477,81,2002.11
"{LUNCH BAG APPLE DESIGN,LUNCH BAG PINK POLKADOT} => {LUNCH BAG RED RETROSPOT}","LUNCH BAG RED RETROSPOT",0.01302,0.682,7.97,111,2.13269181585678,12.3925831202046,76,2000.77
"{JUMBO BAG OWLS,JUMBO BAG SCANDINAVIAN BLUE PAISLEY} => {JUMBO BAG RED RETROSPOT}","JUMBO BAG RED RETROSPOT",0.01001,0.803,7.08,45,2.49391702846117,22.1968162083936,36,2000.33
"{LUNCH BAG APPLE DESIGN,LUNCH BAG SUKI DESIGN} => {LUNCH BAG SPACEBOY DESIGN}","LUNCH BAG SPACEBOY DESIGN",0.01313,0.535,8.44,209,2.00968885047537,8.90060501296456,112,2000.08
"{LUNCH BAG PINK POLKADOT,LUNCH BAG VINTAGE DOILY} => {LUNCH BAG APPLE DESIGN}","LUNCH BAG APPLE DESIGN",0.01073,0.571,10.09,147,2.04046376811594,11.6772946859903,84,1999.98
"{REGENCY TEA PLATE PINK} => {GREEN REGENCY TEACUP AND SAUCER}","GREEN REGENCY TEACUP AND SAUCER",0.01001,0.6,10.82,122,3.84362290227048,7.106614017769,73,1999.47
"{LUNCH BAG DOLLY GIRL DESIGN,LUNCH BAG SPACEBOY DESIGN} => {LUNCH BAG SUKI DESIGN}","LUNCH BAG SUKI DESIGN",0.01209,0.57,8.11,167,2.16708495713172,9.69134840218238,95,1999.18
"{CHARLOTTE BAG PINK POLKADOT,RED RETROSPOT CHARLOTTE BAG} => {STRAWBERRY CHARLOTTE BAG}","STRAWBERRY CHARLOTTE BAG",0.01784,0.625,15.81,196,1.20416897506925,13.5470914127424,122,1998.34
"{LUNCH BAG PINK POLKADOT,LUNCH BAG WOODLAND} => {LUNCH BAG SUKI DESIGN}","LUNCH BAG SUKI DESIGN",0.01297,0.598,8.52,159,2.16708495713172,9.69134840218238,95,1996.91
"{LUNCH BAG  BLACK SKULL.,LUNCH BAG APPLE DESIGN} => {LUNCH BAG SUKI DESIGN}","LUNCH BAG SUKI DESIGN",0.01467,0.646,9.2,147,2.16708495713172,9.69134840218238,95,1994.39
"{LUNCH BAG SPACEBOY DESIGN,LUNCH BAG VINTAGE DOILY} => {LUNCH BAG APPLE DESIGN}","LUNCH BAG APPLE DESIGN",0.01084,0.577,10.19,145,2.04046376811594,11.6772946859903,84,1993.49
"{JUMBO BAG APPLES,LUNCH BAG APPLE DESIGN} => {LUNCH BAG VINTAGE DOILY}","LUNCH BAG VINTAGE DOILY",0.01012,0.507,8.45,180,1.82762773722628,11.9306569343066,91,1989.91
"{LUNCH BAG VINTAGE DOILY,LUNCH BAG VINTAGE LEAF DESIGN} => {LUNCH BAG APPLE DESIGN}","LUNCH BAG APPLE DESIGN",0.01084,0.579,10.22,144,2.04046376811594,11.6772946859903,83,1986.61
"{JUMBO SHOPPER VINTAGE RED PAISLEY,JUMBO STORAGE BAG SKULLS} => {JUMBO STORAGE BAG SUKI}","JUMBO STORAGE BAG SUKI",0.0116,0.704,10.87,89,2.7507347972973,11.4966216216216,63,1981.44
"{CHARLOTTE BAG DOLLY GIRL DESIGN} => {RED RETROSPOT CHARLOTTE BAG}","RED RETROSPOT CHARLOTTE BAG",0.01313,0.578,10.24,175,1.13962209302326,17.1744186046512,101,1979.74
"{WHITE SPOT RED CERAMIC DRAWER KNOB} => {BLUE STRIPE CERAMIC DRAWER KNOB}","BLUE STRIPE CERAMIC DRAWER KNOB",0.01034,0.463,19.92,219,1.59515294117647,12.2376470588235,101,1979.36
"{CHARLOTTE BAG PINK POLKADOT,WOODLAND CHARLOTTE BAG} => {LUNCH BAG  BLACK SKULL.}","LUNCH BAG  BLACK SKULL.",0.01029,0.476,6.84,207,2.10808025177026,9.51376868607396,99,1976.14
"{SKULL SHOULDER BAG} => {WOODLAND CHARLOTTE BAG}","WOODLAND CHARLOTTE BAG",0.01051,0.468,10.28,218,1.21432692307692,15.9435096153846,102,1975.25
"{VINTAGE CREAM CAT FOOD CONTAINER} => {VINTAGE CREAM DOG FOOD CONTAINER}","VINTAGE CREAM DOG FOOD CONTAINER",0.01034,0.6,26.42,126,10.8459277108434,2.40722891566265,76,1973.81
"{JUMBO BAG RED RETROSPOT,LUNCH BAG VINTAGE DOILY} => {LUNCH BAG RED RETROSPOT}","LUNCH BAG RED RETROSPOT",0.0104,0.607,7.09,123,2.13269181585678,12.3925831202046,75,1973.26
"{JUMBO BAG TOYS,JUMBO STORAGE BAG SUKI} => {JUMBO BAG WOODLAND ANIMALS}","JUMBO BAG WOODLAND ANIMALS",0.01182,0.725,15.37,82,2.93349187935035,11.3120649651972,59,1972.78
"{LUNCH BAG APPLE DESIGN,LUNCH BAG VINTAGE DOILY} => {LUNCH BAG VINTAGE LEAF DESIGN}","LUNCH BAG VINTAGE LEAF DESIGN",0.01084,0.449,12.32,243,1.92492492492492,9.38888888888889,109,1971.88
"{PINK FAIRY CAKE CHILDRENS APRON} => {CHILDRENS APRON SPACEBOY DESIGN}","CHILDRENS APRON SPACEBOY DESIGN",0.01116,0.413,13.72,290,2.42805454545455,6.77818181818182,120,1971.15
"{JUMBO BAG PINK POLKADOT,JUMBO SHOPPER VINTAGE RED PAISLEY,JUMBO STORAGE BAG SUKI} => {JUMBO BAG RED RETROSPOT}","JUMBO BAG RED RETROSPOT",0.01467,0.867,7.65,41,2.49391702846117,22.1968162083936,36,1967.78
"{LUNCH BAG APPLE DESIGN,LUNCH BAG SPACEBOY DESIGN} => {LUNCH BAG SUKI DESIGN}","LUNCH BAG SUKI DESIGN",0.01313,0.611,8.7,153,2.16708495713172,9.69134840218238,93,1963.33
"{JUMBO  BAG BAROQUE BLACK WHITE,JUMBO SHOPPER VINTAGE RED PAISLEY,JUMBO STORAGE BAG SUKI} => {JUMBO BAG RED RETROSPOT}","JUMBO BAG RED RETROSPOT",0.01105,0.824,7.27,43,2.49391702846117,22.1968162083936,35,1961.41
"{LUNCH BAG RED RETROSPOT,RED RETROSPOT CHARLOTTE BAG} => {LUNCH BAG  BLACK SKULL.}","LUNCH BAG  BLACK SKULL.",0.01171,0.543,7.81,180,2.10808025177026,9.51376868607396,98,1960.25
"{LUNCH BAG SUKI DESIGN,LUNCH BAG WOODLAND} => {LUNCH BAG SPACEBOY DESIGN}","LUNCH BAG SPACEBOY DESIGN",0.01423,0.579,9.15,189,2.00968885047537,8.90060501296456,109,1957.44
"{WHITE HANGING HEART T-LIGHT HOLDER,WOODEN FRAME ANTIQUE WHITE} => {WOODEN PICTURE FRAME WHITE FINISH}","WOODEN PICTURE FRAME WHITE FINISH",0.01193,0.639,10.64,123,3.10584699453552,8.01092896174863,79,1955.55
"{REGENCY TEA PLATE GREEN} => {REGENCY TEA PLATE PINK}","REGENCY TEA PLATE PINK",0.01521,0.732,43.83,102,2.06783606557377,12.6590163934426,75,1954.46
"{LUNCH BAG DOLLY GIRL DESIGN,LUNCH BAG SUKI DESIGN} => {LUNCH BAG RED RETROSPOT}","LUNCH BAG RED RETROSPOT",0.01253,0.678,7.92,109,2.13269181585678,12.3925831202046,74,1953.2
"{LUNCH BAG APPLE DESIGN,LUNCH BAG VINTAGE DOILY} => {LUNCH BAG SPACEBOY DESIGN}","LUNCH BAG SPACEBOY DESIGN",0.01084,0.449,7.09,243,2.00968885047537,8.90060501296456,109,1951.65
"{LUNCH BAG CARS BLUE,LUNCH BAG WOODLAND} => {LUNCH BAG SPACEBOY DESIGN}","LUNCH BAG SPACEBOY DESIGN",0.01428,0.583,9.2,187,2.00968885047537,8.90060501296456,109,1950.11
"{LUNCH BAG  BLACK SKULL.,LUNCH BAG VINTAGE DOILY} => {LUNCH BAG SUKI DESIGN}","LUNCH BAG SUKI DESIGN",0.01127,0.549,7.82,169,2.16708495713172,9.69134840218238,93,1948.58
"{LUNCH BAG APPLE DESIGN,LUNCH BAG VINTAGE LEAF DESIGN} => {LUNCH BAG VINTAGE DOILY}","LUNCH BAG VINTAGE DOILY",0.01084,0.548,9.14,163,1.82762773722628,11.9306569343066,89,1947.69
"{LUNCH BAG DOLLY GIRL DESIGN,LUNCH BAG SPACEBOY DESIGN} => {LUNCH BAG  BLACK SKULL.}","LUNCH BAG  BLACK SKULL.",0.01078,0.508,7.3,191,2.10808025177026,9.51376868607396,97,1945.97
"{LUNCH BAG APPLE DESIGN,LUNCH BAG WOODLAND} => {LUNCH BAG CARS BLUE}","LUNCH BAG CARS BLUE",0.01056,0.523,8.32,176,2.06529155787641,10.2254134029591,92,1943.91
"{PACK OF 60 MUSHROOM CAKE CASES} => {PACK OF 72 RETROSPOT CAKE CASES}","PACK OF 72 RETROSPOT CAKE CASES",0.01275,0.593,8.21,160,0.745037878787879,27.4893939393939,95,1943.2
"{LUNCH BAG ALPHABET DESIGN,LUNCH BAG APPLE DESIGN} => {LUNCH BAG SUKI DESIGN}","LUNCH BAG SUKI DESIGN",0.01122,0.55,7.83,168,2.16708495713172,9.69134840218238,92,1940.58
"{LUNCH BAG PINK POLKADOT,LUNCH BAG VINTAGE DOILY} => {LUNCH BAG RED RETROSPOT}","LUNCH BAG RED RETROSPOT",0.01297,0.691,8.07,106,2.13269181585678,12.3925831202046,73,1935.86
"{LUNCH BAG APPLE DESIGN,LUNCH BAG CARS BLUE} => {LUNCH BAG WOODLAND}","LUNCH BAG WOODLAND",0.01056,0.526,9.48,174,2.18364891518738,9.68145956607495,92,1934.9
"{CHARLOTTE BAG PINK POLKADOT,RED RETROSPOT CHARLOTTE BAG} => {CHARLOTTE BAG APPLES DESIGN}","CHARLOTTE BAG APPLES DESIGN",0.01171,0.41,12.85,308,1.12058319039451,13.6620926243568,126,1933.29
"{LUNCH BAG SUKI DESIGN,RED RETROSPOT CHARLOTTE BAG} => {LUNCH BAG RED RETROSPOT}","LUNCH BAG RED RETROSPOT",0.01133,0.647,7.56,113,2.13269181585678,12.3925831202046,73,1932.29
"{JUMBO  BAG BAROQUE BLACK WHITE,JUMBO BAG SCANDINAVIAN BLUE PAISLEY} => {JUMBO SHOPPER VINTAGE RED PAISLEY}","JUMBO SHOPPER VINTAGE RED PAISLEY",0.01127,0.673,10.48,100,2.68828790459966,10.6746166950596,67,1931.27
"{60 TEATIME FAIRY CAKE CASES,PACK OF 72 RETROSPOT CAKE CASES} => {PACK OF 72 SKULL CAKE CASES}","PACK OF 72 SKULL CAKE CASES",0.01023,0.413,11.41,266,0.792087745839637,22.1906202723147,110,1930.97
"{BLUE SPOT CERAMIC DRAWER KNOB} => {RED STRIPE CERAMIC DRAWER KNOB}","RED STRIPE CERAMIC DRAWER KNOB",0.01138,0.556,23.26,166,1.66965675057208,12.5263157894737,92,1930.34
"{JUMBO BAG PINK POLKADOT,JUMBO BAG TOYS} => {JUMBO BAG WOODLAND ANIMALS}","JUMBO BAG WOODLAND ANIMALS",0.01095,0.709,15.03,82,2.93349187935035,11.3120649651972,58,1929.24
"{LUNCH BAG CARS BLUE,RED RETROSPOT CHARLOTTE BAG} => {LUNCH BAG RED RETROSPOT}","LUNCH BAG RED RETROSPOT",0.01012,0.607,7.09,120,2.13269181585678,12.3925831202046,73,1925.13
"{PACK OF 60 SPACEBOY CAKE CASES} => {60 TEATIME FAIRY CAKE CASES}","60 TEATIME FAIRY CAKE CASES",0.01242,0.437,9.63,293,0.690531400966184,21.7596618357488,128,1923.91
"{LUNCH BAG  BLACK SKULL.,LUNCH BAG WOODLAND} => {LUNCH BAG SPACEBOY DESIGN}","LUNCH BAG SPACEBOY DESIGN",0.01434,0.59,9.32,182,2.00968885047537,8.90060501296456,107,1920.75
"{PLASTERS IN TIN VINTAGE PAISLEY} => {PLASTERS IN TIN SKULLS}","PLASTERS IN TIN SKULLS",0.01078,0.348,11.36,369,1.98091071428571,7.5375,128,1917.33
"{JUMBO BAG PEARS,JUMBO BAG RED RETROSPOT} => {JUMBO BAG VINTAGE LEAF}","JUMBO BAG VINTAGE LEAF",0.01012,0.638,13.26,105,2.29795221843003,12.4334470989761,67,1914
"{CHARLOTTE BAG SUKI DESIGN,RED RETROSPOT CHARLOTTE BAG} => {CHARLOTTE BAG APPLES DESIGN}","CHARLOTTE BAG APPLES DESIGN",0.0122,0.44,13.79,284,1.12058319039451,13.6620926243568,125,1913.08
"{BLUE SPOT CERAMIC DRAWER KNOB} => {RED SPOT CERAMIC DRAWER KNOB}","RED SPOT CERAMIC DRAWER KNOB",0.01127,0.551,27.28,168,1.72991869918699,11.9241192411924,93,1909.47
"{JUMBO BAG PINK VINTAGE PAISLEY,JUMBO BAG WOODLAND ANIMALS} => {JUMBO STORAGE BAG SUKI}","JUMBO STORAGE BAG SUKI",0.01051,0.686,10.58,88,2.7507347972973,11.4966216216216,60,1909.09
"{JUMBO BAG WOODLAND ANIMALS,JUMBO STORAGE BAG SKULLS} => {JUMBO STORAGE BAG SUKI}","JUMBO STORAGE BAG SUKI",0.01045,0.685,10.57,88,2.7507347972973,11.4966216216216,60,1906.3
"{LUNCH BAG  BLACK SKULL.,LUNCH BAG ALPHABET DESIGN} => {LUNCH BAG RED RETROSPOT}","LUNCH BAG RED RETROSPOT",0.01012,0.611,7.13,118,2.13269181585678,12.3925831202046,72,1905.52
"{CHARLOTTE BAG PINK POLKADOT,STRAWBERRY CHARLOTTE BAG} => {CHARLOTTE BAG SUKI DESIGN}","CHARLOTTE BAG SUKI DESIGN",0.01483,0.715,14.86,108,1.20502844141069,20.4732650739477,77,1905.08
"{LUNCH BAG  BLACK SKULL.,LUNCH BAG PINK POLKADOT,LUNCH BAG RED RETROSPOT} => {LUNCH BAG WOODLAND}","LUNCH BAG WOODLAND",0.01012,0.512,9.23,176,2.18364891518738,9.68145956607495,90,1905.05
"{PLASTERS IN TIN STRONGMAN} => {PLASTERS IN TIN VINTAGE PAISLEY}","PLASTERS IN TIN VINTAGE PAISLEY",0.01056,0.375,12.1,322,1.90159010600707,8.29505300353357,121,1904.69
"{LUNCH BAG APPLE DESIGN,LUNCH BAG SPACEBOY DESIGN} => {LUNCH BAG  BLACK SKULL.}","LUNCH BAG  BLACK SKULL.",0.01275,0.593,8.52,160,2.10808025177026,9.51376868607396,95,1902.89
"{JUMBO BAG RED RETROSPOT,LUNCH BAG VINTAGE DOILY} => {JUMBO BAG VINTAGE DOILY}","JUMBO BAG VINTAGE DOILY",0.01363,0.796,11.82,64,2.2780162601626,16.3845528455285,51,1901.45
"{STRAWBERRY CHARLOTTE BAG,WOODLAND CHARLOTTE BAG} => {CHARLOTTE BAG SUKI DESIGN}","CHARLOTTE BAG SUKI DESIGN",0.01658,0.746,15.51,103,1.20502844141069,20.4732650739477,77,1895.66
"{WHITE SPOT BLUE CERAMIC DRAWER KNOB} => {RED STRIPE CERAMIC DRAWER KNOB}","RED STRIPE CERAMIC DRAWER KNOB",0.01062,0.533,22.29,170,1.66965675057208,12.5263157894737,91,1895.08
"{RED RETROSPOT CHARLOTTE BAG,WOODLAND CHARLOTTE BAG} => {CHARLOTTE BAG APPLES DESIGN}","CHARLOTTE BAG APPLES DESIGN",0.01182,0.428,13.41,289,1.12058319039451,13.6620926243568,124,1893.66
"{SET/6 RED SPOTTY PAPER PLATES} => {SET/6 RED SPOTTY PAPER CUPS}","SET/6 RED SPOTTY PAPER CUPS",0.01915,0.664,28.49,177,0.966948356807512,16.6267605633803,118,1889.52
"{JUMBO BAG PINK POLKADOT,JUMBO BAG PINK VINTAGE PAISLEY,JUMBO BAG RED RETROSPOT} => {JUMBO SHOPPER VINTAGE RED PAISLEY}","JUMBO SHOPPER VINTAGE RED PAISLEY",0.01073,0.664,10.34,99,2.68828790459966,10.6746166950596,66,1886.39
"{JUMBO BAG PEARS,JUMBO BAG RED RETROSPOT} => {JUMBO BAG APPLES}","JUMBO BAG APPLES",0.01248,0.786,14.72,62,2.57344262295082,15.0389344262295,49,1886.02
"{LUNCH BAG APPLE DESIGN,LUNCH BAG WOODLAND} => {LUNCH BAG SUKI DESIGN}","LUNCH BAG SUKI DESIGN",0.01177,0.583,8.3,154,2.16708495713172,9.69134840218238,90,1885.6
"{RED RETROSPOT CHARLOTTE BAG,WOODLAND CHARLOTTE BAG} => {STRAWBERRY CHARLOTTE BAG}","STRAWBERRY CHARLOTTE BAG",0.0179,0.648,16.39,178,1.20416897506925,13.5470914127424,115,1881.61
"{CHARLOTTE BAG VINTAGE ALPHABET} => {STRAWBERRY CHARLOTTE BAG}","STRAWBERRY CHARLOTTE BAG",0.01133,0.443,11.22,260,1.20416897506925,13.5470914127424,115,1878.93
"{JUMBO BAG PINK POLKADOT,LUNCH BAG PINK POLKADOT} => {LUNCH BAG RED RETROSPOT}","LUNCH BAG RED RETROSPOT",0.01018,0.618,7.22,115,2.13269181585678,12.3925831202046,71,1878.35
"{CHARLOTTE BAG PINK POLKADOT,WOODLAND CHARLOTTE BAG} => {CHARLOTTE BAG SUKI DESIGN}","CHARLOTTE BAG SUKI DESIGN",0.01598,0.739,15.37,103,1.20502844141069,20.4732650739477,76,1877.87
"{JUMBO BAG WOODLAND ANIMALS,RECYCLING BAG RETROSPOT} => {JUMBO STORAGE BAG SUKI}","JUMBO STORAGE BAG SUKI",0.01023,0.682,10.53,87,2.7507347972973,11.4966216216216,59,1876.39
"{ALARM CLOCK BAKELIKE GREEN,ALARM CLOCK BAKELIKE IVORY} => {ALARM CLOCK BAKELIKE RED}","ALARM CLOCK BAKELIKE RED",0.01423,0.778,13.55,74,4.40365714285714,7.39809523809524,58,1875.62
"{LUNCH BAG APPLE DESIGN,LUNCH BAG PINK POLKADOT} => {LUNCH BAG VINTAGE DOILY}","LUNCH BAG VINTAGE DOILY",0.01073,0.562,9.36,153,1.82762773722628,11.9306569343066,86,1874.91
"{LUNCH BAG DOLLY GIRL DESIGN,LUNCH BAG RED RETROSPOT} => {LUNCH BAG WOODLAND}","LUNCH BAG WOODLAND",0.01078,0.55,9.92,161,2.18364891518738,9.68145956607495,89,1872.03
"{LUNCH BAG APPLE DESIGN,LUNCH BAG VINTAGE LEAF DESIGN} => {LUNCH BAG ALPHABET DESIGN}","LUNCH BAG ALPHABET DESIGN",0.01023,0.518,12.81,174,1.97169147496617,10.5209742895805,90,1869.71
"{LUNCH BAG PINK POLKADOT,LUNCH BAG WOODLAND} => {LUNCH BAG  BLACK SKULL.}","LUNCH BAG  BLACK SKULL.",0.01346,0.621,8.93,150,2.10808025177026,9.51376868607396,93,1868.2
"{JUMBO BAG APPLES,LUNCH BAG VINTAGE DOILY} => {JUMBO BAG VINTAGE DOILY}","JUMBO BAG VINTAGE DOILY",0.01084,0.747,11.1,67,2.2780162601626,16.3845528455285,50,1868.04
"{GINGERBREAD MAN COOKIE CUTTER} => {SET OF 3 HEART COOKIE CUTTERS}","SET OF 3 HEART COOKIE CUTTERS",0.01111,0.304,8.12,465,1.63245614035088,8.09356725146199,141,1867.7
"{LUNCH BAG ALPHABET DESIGN,LUNCH BAG APPLE DESIGN} => {LUNCH BAG  BLACK SKULL.}","LUNCH BAG  BLACK SKULL.",0.01062,0.52,7.48,179,2.10808025177026,9.51376868607396,93,1866.79
"{PACK OF 72 SKULL CAKE CASES} => {PACK OF 60 DINOSAUR CAKE CASES}","PACK OF 60 DINOSAUR CAKE CASES",0.01188,0.328,10,444,0.628383333333333,20.39,146,1865.94
"{LUNCH BAG  BLACK SKULL.,LUNCH BAG APPLE DESIGN} => {LUNCH BAG VINTAGE LEAF DESIGN}","LUNCH BAG VINTAGE LEAF DESIGN",0.01056,0.465,12.76,222,1.92492492492492,9.38888888888889,103,1865.67
"{LUNCH BAG APPLE DESIGN,LUNCH BAG VINTAGE LEAF DESIGN} => {LUNCH BAG SUKI DESIGN}","LUNCH BAG SUKI DESIGN",0.01116,0.565,8.05,157,2.16708495713172,9.69134840218238,89,1862.98
"{BLUE SPOT CERAMIC DRAWER KNOB} => {WHITE SPOT BLUE CERAMIC DRAWER KNOB}","WHITE SPOT BLUE CERAMIC DRAWER KNOB",0.01122,0.548,27.52,169,1.6843956043956,11.9395604395604,93,1862.51
"{JUMBO BAG SCANDINAVIAN BLUE PAISLEY,JUMBO BAG WOODLAND ANIMALS} => {JUMBO STORAGE BAG SUKI}","JUMBO STORAGE BAG SUKI",0.01045,0.692,10.68,85,2.7507347972973,11.4966216216216,59,1860.13
"{LUNCH BAG  BLACK SKULL.,LUNCH BAG RED RETROSPOT,LUNCH BAG SUKI DESIGN} => {LUNCH BAG WOODLAND}","LUNCH BAG WOODLAND",0.01105,0.564,10.17,156,2.18364891518738,9.68145956607495,88,1860.06
"{SET/10 PINK POLKADOT PARTY CANDLES} => {SET/10 BLUE POLKADOT PARTY CANDLES}","SET/10 BLUE POLKADOT PARTY CANDLES",0.01012,0.538,41.12,159,1.29887029288703,16.7405857740586,86,1860.01
"{CHARLOTTE BAG SUKI DESIGN,RED RETROSPOT CHARLOTTE BAG} => {STRAWBERRY CHARLOTTE BAG}","STRAWBERRY CHARLOTTE BAG",0.01828,0.659,16.67,173,1.20416897506925,13.5470914127424,114,1859.79
"{CHARLOTTE BAG SUKI DESIGN,LUNCH BAG  BLACK SKULL.} => {LUNCH BAG RED RETROSPOT}","LUNCH BAG RED RETROSPOT",0.01067,0.639,7.47,110,2.13269181585678,12.3925831202046,70,1857.73
"{RED RETROSPOT CHARLOTTE BAG,WOODLAND CHARLOTTE BAG} => {CHARLOTTE BAG PINK POLKADOT}","CHARLOTTE BAG PINK POLKADOT",0.01779,0.644,15.85,180,1.22587601078167,13.0619946091644,116,1856.16
"{LUNCH BAG RED RETROSPOT,RED RETROSPOT CHARLOTTE BAG} => {WOODLAND CHARLOTTE BAG}","WOODLAND CHARLOTTE BAG",0.01259,0.584,12.82,164,1.21432692307692,15.9435096153846,96,1854.28
"{CHARLOTTE BAG SUKI DESIGN,RED RETROSPOT CHARLOTTE BAG} => {CHARLOTTE BAG PINK POLKADOT}","CHARLOTTE BAG PINK POLKADOT",0.018,0.649,15.98,178,1.22587601078167,13.0619946091644,116,1849.78
"{ALARM CLOCK BAKELIKE ORANGE,ALARM CLOCK BAKELIKE RED} => {ALARM CLOCK BAKELIKE GREEN}","ALARM CLOCK BAKELIKE GREEN",0.01138,0.689,12.91,94,4.54470769230769,6.27384615384615,65,1846.66
"{CHARLOTTE BAG VINTAGE ALPHABET} => {CHARLOTTE BAG PINK POLKADOT}","CHARLOTTE BAG PINK POLKADOT",0.01138,0.445,10.97,259,1.22587601078167,13.0619946091644,115,1845.51
"{SET OF 12 FAIRY CAKE BAKING CASES} => {SET OF 6 SNACK LOAF BAKING CASES}","SET OF 6 SNACK LOAF BAKING CASES",0.01385,0.46,23.74,297,1.09271186440678,12.3276836158192,137,1840.35
"{LUNCH BAG  BLACK SKULL.,RED RETROSPOT CHARLOTTE BAG} => {LUNCH BAG CARS BLUE}","LUNCH BAG CARS BLUE",0.01056,0.548,8.72,159,2.06529155787641,10.2254134029591,87,1840.09
"{JUMBO BAG PINK POLKADOT,JUMBO BAG TOYS} => {JUMBO STORAGE BAG SUKI}","JUMBO STORAGE BAG SUKI",0.01095,0.709,10.95,82,2.7507347972973,11.4966216216216,58,1838.57
"{JUMBO BAG RED RETROSPOT,LUNCH BAG  BLACK SKULL.} => {LUNCH BAG PINK POLKADOT}","LUNCH BAG PINK POLKADOT",0.01007,0.489,8.21,192,2.03613406795225,9.59504132231405,94,1834.27
"{RED RETROSPOT CHARLOTTE BAG,STRAWBERRY CHARLOTTE BAG} => {CHARLOTTE BAG APPLES DESIGN}","CHARLOTTE BAG APPLES DESIGN",0.01171,0.44,13.8,272,1.12058319039451,13.6620926243568,120,1832.24
"{72 SWEETHEART FAIRY CAKE CASES} => {PACK OF 60 DINOSAUR CAKE CASES}","PACK OF 60 DINOSAUR CAKE CASES",0.01231,0.366,11.14,390,0.628383333333333,20.39,143,1828.89
"{LUNCH BAG  BLACK SKULL.,LUNCH BAG DOLLY GIRL DESIGN} => {LUNCH BAG RED RETROSPOT}","LUNCH BAG RED RETROSPOT",0.01067,0.646,7.54,107,2.13269181585678,12.3925831202046,69,1826.86
"{LUNCH BAG  BLACK SKULL.,RED RETROSPOT CHARLOTTE BAG} => {LUNCH BAG SUKI DESIGN}","LUNCH BAG SUKI DESIGN",0.01067,0.554,7.89,157,2.16708495713172,9.69134840218238,87,1826.71
"{LUNCH BAG  BLACK SKULL.,LUNCH BAG APPLE DESIGN} => {LUNCH BAG SPACEBOY DESIGN}","LUNCH BAG SPACEBOY DESIGN",0.01275,0.561,8.87,182,2.00968885047537,8.90060501296456,102,1826.34
"{LUNCH BAG APPLE DESIGN,LUNCH BAG PINK POLKADOT} => {LUNCH BAG CARS BLUE}","LUNCH BAG CARS BLUE",0.01051,0.55,8.75,157,2.06529155787641,10.2254134029591,86,1823.58
"{LUNCH BAG  BLACK SKULL.,LUNCH BAG VINTAGE DOILY} => {LUNCH BAG PINK POLKADOT}","LUNCH BAG PINK POLKADOT",0.01095,0.533,8.95,175,2.03613406795225,9.59504132231405,93,1822.29
"{HAND WARMER BIRD DESIGN,HAND WARMER SCOTTY DOG DESIGN} => {HAND WARMER OWL DESIGN}","HAND WARMER OWL DESIGN",0.01089,0.698,19.54,86,2.36416539050536,12.8269525267994,60,1820.35
"{JUMBO BAG RED RETROSPOT,LUNCH BAG PINK POLKADOT} => {LUNCH BAG  BLACK SKULL.}","LUNCH BAG  BLACK SKULL.",0.01007,0.507,7.29,179,2.10808025177026,9.51376868607396,91,1820.12
"{RED SPOT CERAMIC DRAWER KNOB} => {WHITE SPOT RED CERAMIC DRAWER KNOB}","WHITE SPOT RED CERAMIC DRAWER KNOB",0.01182,0.585,26.22,153,1.68622549019608,12.0588235294118,90,1819.99
"{JUMBO BAG PINK POLKADOT,JUMBO BAG TOYS} => {JUMBO SHOPPER VINTAGE RED PAISLEY}","JUMBO SHOPPER VINTAGE RED PAISLEY",0.01018,0.66,10.27,96,2.68828790459966,10.6746166950596,63,1818.21
"{LARGE WHITE HEART OF WICKER} => {SMALL WHITE HEART OF WICKER}","SMALL WHITE HEART OF WICKER",0.01631,0.531,15.43,263,1.75034976152623,7.42130365659777,140,1814.08
"{LUNCH BAG VINTAGE DOILY,LUNCH BAG WOODLAND} => {LUNCH BAG RED RETROSPOT}","LUNCH BAG RED RETROSPOT",0.0104,0.64,7.47,107,2.13269181585678,12.3925831202046,68,1809.9
"{LUNCH BAG SUKI DESIGN,LUNCH BAG VINTAGE DOILY} => {LUNCH BAG  BLACK SKULL.}","LUNCH BAG  BLACK SKULL.",0.01127,0.563,8.09,160,2.10808025177026,9.51376868607396,90,1806.63
"{LUNCH BAG APPLE DESIGN,LUNCH BAG VINTAGE LEAF DESIGN} => {LUNCH BAG  BLACK SKULL.}","LUNCH BAG  BLACK SKULL.",0.01056,0.535,7.69,168,2.10808025177026,9.51376868607396,90,1802.61
"{LUNCH BAG APPLE DESIGN,LUNCH BAG WOODLAND} => {LUNCH BAG  BLACK SKULL.}","LUNCH BAG  BLACK SKULL.",0.01177,0.583,8.38,154,2.10808025177026,9.51376868607396,90,1800.65
"{RED SPOT CERAMIC DRAWER KNOB} => {BLUE STRIPE CERAMIC DRAWER KNOB}","BLUE STRIPE CERAMIC DRAWER KNOB",0.01018,0.504,21.67,183,1.59515294117647,12.2376470588235,92,1800.45
"{RED SPOT CERAMIC DRAWER KNOB} => {BLUE SPOT CERAMIC DRAWER KNOB}","BLUE SPOT CERAMIC DRAWER KNOB",0.01127,0.558,27.28,163,1.71072192513369,11.5668449197861,91,1799.77
"{LUNCH BAG  BLACK SKULL.,LUNCH BAG PINK POLKADOT,LUNCH BAG RED RETROSPOT} => {LUNCH BAG SUKI DESIGN}","LUNCH BAG SUKI DESIGN",0.01209,0.612,8.72,140,2.16708495713172,9.69134840218238,86,1799.45
"{LUNCH BAG SUKI DESIGN,LUNCH BAG VINTAGE LEAF DESIGN} => {LUNCH BAG RED RETROSPOT}","LUNCH BAG RED RETROSPOT",0.0104,0.642,7.5,106,2.13269181585678,12.3925831202046,68,1798.58
"{RED SPOT CERAMIC DRAWER KNOB} => {RED STRIPE CERAMIC DRAWER KNOB}","RED STRIPE CERAMIC DRAWER KNOB",0.01275,0.631,26.4,136,1.66965675057208,12.5263157894737,86,1794.81
"{BLUE SPOT CERAMIC DRAWER KNOB} => {BLUE STRIPE CERAMIC DRAWER KNOB}","BLUE STRIPE CERAMIC DRAWER KNOB",0.01166,0.57,24.49,161,1.59515294117647,12.2376470588235,92,1791.43
"{JUMBO BAG PINK VINTAGE PAISLEY,JUMBO BAG WOODLAND ANIMALS} => {JUMBO SHOPPER VINTAGE RED PAISLEY}","JUMBO SHOPPER VINTAGE RED PAISLEY",0.01018,0.664,10.34,94,2.68828790459966,10.6746166950596,62,1791.12
"{LUNCH BAG PINK POLKADOT,LUNCH BAG VINTAGE DOILY} => {LUNCH BAG SUKI DESIGN}","LUNCH BAG SUKI DESIGN",0.01007,0.536,7.64,159,2.16708495713172,9.69134840218238,85,1789.87
"{LUNCH BAG  BLACK SKULL.,LUNCH BAG PINK POLKADOT,LUNCH BAG RED RETROSPOT} => {LUNCH BAG CARS BLUE}","LUNCH BAG CARS BLUE",0.01231,0.623,9.91,136,2.06529155787641,10.2254134029591,85,1789.32
"{JUMBO BAG TOYS,JUMBO BAG WOODLAND ANIMALS} => {JUMBO SHOPPER VINTAGE RED PAISLEY}","JUMBO SHOPPER VINTAGE RED PAISLEY",0.01084,0.685,10.66,91,2.68828790459966,10.6746166950596,62,1788.79
"{LUNCH BAG SUKI DESIGN,LUNCH BAG VINTAGE DOILY} => {LUNCH BAG PINK POLKADOT}","LUNCH BAG PINK POLKADOT",0.01007,0.503,8.44,182,2.03613406795225,9.59504132231405,92,1788.52
"{PACK OF 72 RETROSPOT CAKE CASES,RED RETROSPOT CHARLOTTE BAG} => {CHARLOTTE BAG SUKI DESIGN}","CHARLOTTE BAG SUKI DESIGN",0.01144,0.653,13.58,111,1.20502844141069,20.4732650739477,72,1788.22
"{LUNCH BAG APPLE DESIGN,LUNCH BAG CARS BLUE} => {LUNCH BAG PINK POLKADOT}","LUNCH BAG PINK POLKADOT",0.01051,0.523,8.78,175,2.03613406795225,9.59504132231405,92,1788.1
"{LUNCH BAG SPACEBOY DESIGN,LUNCH BAG VINTAGE DOILY} => {LUNCH BAG SUKI DESIGN}","LUNCH BAG SUKI DESIGN",0.01018,0.542,7.72,157,2.16708495713172,9.69134840218238,85,1787.14
"{CHARLOTTE BAG VINTAGE ALPHABET} => {CHARLOTTE BAG APPLES DESIGN}","CHARLOTTE BAG APPLES DESIGN",0.01335,0.522,16.38,223,1.12058319039451,13.6620926243568,116,1782.12
"{LUNCH BAG DOLLY GIRL DESIGN,LUNCH BAG RED RETROSPOT} => {LUNCH BAG  BLACK SKULL.}","LUNCH BAG  BLACK SKULL.",0.01067,0.545,7.83,163,2.10808025177026,9.51376868607396,89,1781.66
"{CHARLOTTE BAG APPLES DESIGN,RED RETROSPOT CHARLOTTE BAG} => {CHARLOTTE BAG SUKI DESIGN}","CHARLOTTE BAG SUKI DESIGN",0.0122,0.678,14.09,106,1.20502844141069,20.4732650739477,72,1773.05
"{PACK OF 72 SKULL CAKE CASES} => {PACK OF 60 SPACEBOY CAKE CASES}","PACK OF 60 SPACEBOY CAKE CASES",0.01138,0.315,11.06,453,0.770326923076923,16.1211538461538,143,1772.07
"{JUMBO BAG RED RETROSPOT,JUMBO BAG WOODLAND ANIMALS,JUMBO SHOPPER VINTAGE RED PAISLEY} => {JUMBO STORAGE BAG SUKI}","JUMBO STORAGE BAG SUKI",0.01215,0.747,11.54,75,2.7507347972973,11.4966216216216,56,1771.74
"{WHITE SPOT BLUE CERAMIC DRAWER KNOB} => {BLUE SPOT CERAMIC DRAWER KNOB}","BLUE SPOT CERAMIC DRAWER KNOB",0.01122,0.563,27.52,159,1.71072192513369,11.5668449197861,90,1771.33
"{WHITE SPOT BLUE CERAMIC DRAWER KNOB} => {BLUE STRIPE CERAMIC DRAWER KNOB}","BLUE STRIPE CERAMIC DRAWER KNOB",0.01051,0.527,22.68,172,1.59515294117647,12.2376470588235,91,1769.45
"{LUNCH BAG  BLACK SKULL.,LUNCH BAG SPACEBOY DESIGN,LUNCH BAG SUKI DESIGN} => {LUNCH BAG RED RETROSPOT}","LUNCH BAG RED RETROSPOT",0.01182,0.69,8.06,97,2.13269181585678,12.3925831202046,67,1768.93
"{LUNCH BAG APPLE DESIGN,LUNCH BAG PINK POLKADOT} => {LUNCH BAG SUKI DESIGN}","LUNCH BAG SUKI DESIGN",0.01133,0.593,8.45,142,2.16708495713172,9.69134840218238,84,1768.49
"{ALARM CLOCK BAKELIKE IVORY,ALARM CLOCK BAKELIKE PINK} => {ALARM CLOCK BAKELIKE GREEN}","ALARM CLOCK BAKELIKE GREEN",0.01001,0.663,12.43,93,4.54470769230769,6.27384615384615,62,1758.07
"{LUNCH BAG ALPHABET DESIGN,LUNCH BAG SUKI DESIGN} => {LUNCH BAG APPLE DESIGN}","LUNCH BAG APPLE DESIGN",0.01122,0.641,11.31,115,2.04046376811594,11.6772946859903,74,1756.41
"{LUNCH BAG APPLE DESIGN,LUNCH BAG CARS BLUE} => {LUNCH BAG  BLACK SKULL.}","LUNCH BAG  BLACK SKULL.",0.0122,0.608,8.74,144,2.10808025177026,9.51376868607396,88,1755.92
"{JUMBO BAG SPACEBOY DESIGN,JUMBO SHOPPER VINTAGE RED PAISLEY} => {JUMBO STORAGE BAG SUKI}","JUMBO STORAGE BAG SUKI",0.01078,0.719,11.1,77,2.7507347972973,11.4966216216216,55,1750.81
"{LUNCH BAG CARS BLUE,LUNCH BAG RED RETROSPOT,LUNCH BAG SUKI DESIGN} => {LUNCH BAG WOODLAND}","LUNCH BAG WOODLAND",0.01067,0.575,10.37,144,2.18364891518738,9.68145956607495,83,1750.47
"{JUMBO BAG PINK POLKADOT,JUMBO BAG WOODLAND ANIMALS,JUMBO SHOPPER VINTAGE RED PAISLEY} => {JUMBO BAG RED RETROSPOT}","JUMBO BAG RED RETROSPOT",0.01188,0.854,7.53,37,2.49391702846117,22.1968162083936,32,1749.17
"{JUMBO BAG TOYS,JUMBO STORAGE BAG SUKI} => {JUMBO SHOPPER VINTAGE RED PAISLEY}","JUMBO SHOPPER VINTAGE RED PAISLEY",0.01166,0.715,11.13,85,2.68828790459966,10.6746166950596,61,1744.03
"{JUMBO BAG SCANDINAVIAN BLUE PAISLEY,JUMBO SHOPPER VINTAGE RED PAISLEY,JUMBO STORAGE BAG SUKI} => {JUMBO BAG RED RETROSPOT}","JUMBO BAG RED RETROSPOT",0.01155,0.851,7.5,37,2.49391702846117,22.1968162083936,31,1743.03
"{LUNCH BAG  BLACK SKULL.,LUNCH BAG VINTAGE LEAF DESIGN} => {LUNCH BAG RED RETROSPOT}","LUNCH BAG RED RETROSPOT",0.01056,0.659,7.7,100,2.13269181585678,12.3925831202046,66,1741.71
"{CHARLOTTE BAG SUKI DESIGN,WOODLAND CHARLOTTE BAG} => {CHARLOTTE BAG APPLES DESIGN}","CHARLOTTE BAG APPLES DESIGN",0.01149,0.461,14.43,246,1.12058319039451,13.6620926243568,113,1736.19
"{LUNCH BAG  BLACK SKULL.,LUNCH BAG RED RETROSPOT,LUNCH BAG SUKI DESIGN} => {LUNCH BAG CARS BLUE}","LUNCH BAG CARS BLUE",0.01259,0.642,10.22,128,2.06529155787641,10.2254134029591,82,1735.43
"{LUNCH BAG DOLLY GIRL DESIGN,LUNCH BAG RED RETROSPOT} => {LUNCH BAG SUKI DESIGN}","LUNCH BAG SUKI DESIGN",0.01253,0.64,9.11,129,2.16708495713172,9.69134840218238,83,1733.92
"{JUMBO  BAG BAROQUE BLACK WHITE,JUMBO BAG PINK POLKADOT,JUMBO SHOPPER VINTAGE RED PAISLEY} => {JUMBO BAG RED RETROSPOT}","JUMBO BAG RED RETROSPOT",0.01116,0.846,7.46,37,2.49391702846117,22.1968162083936,31,1732.79
"{JUMBO BAG RED RETROSPOT,RED RETROSPOT CHARLOTTE BAG} => {STRAWBERRY CHARLOTTE BAG}","STRAWBERRY CHARLOTTE BAG",0.01111,0.478,12.09,222,1.20416897506925,13.5470914127424,106,1731.07
"{CHARLOTTE BAG SUKI DESIGN,WOODLAND CHARLOTTE BAG} => {RED RETROSPOT CHARLOTTE BAG}","RED RETROSPOT CHARLOTTE BAG",0.01839,0.737,13.05,120,1.13962209302326,17.1744186046512,88,1730.98
"{LUNCH BAG APPLE DESIGN,LUNCH BAG CARS BLUE} => {LUNCH BAG SUKI DESIGN}","LUNCH BAG SUKI DESIGN",0.01324,0.659,9.39,125,2.16708495713172,9.69134840218238,82,1730.04
"{SET OF 6 SNACK LOAF BAKING CASES} => {SET OF 6 TEA TIME BAKING CASES}","SET OF 6 TEA TIME BAKING CASES",0.01133,0.585,28.34,147,1.52787798408488,13.1564986737401,86,1728.63
"{LUNCH BAG DOLLY GIRL DESIGN,LUNCH BAG RED RETROSPOT} => {LUNCH BAG PINK POLKADOT}","LUNCH BAG PINK POLKADOT",0.01095,0.559,9.37,158,2.03613406795225,9.59504132231405,88,1725.53
"{JUMBO BAG TOYS,JUMBO BAG WOODLAND ANIMALS} => {JUMBO STORAGE BAG SUKI}","JUMBO STORAGE BAG SUKI",0.01182,0.747,11.53,73,2.7507347972973,11.4966216216216,55,1724.5
"{JUMBO BAG PINK POLKADOT,JUMBO BAG PINK VINTAGE PAISLEY,JUMBO SHOPPER VINTAGE RED PAISLEY} => {JUMBO BAG RED RETROSPOT}","JUMBO BAG RED RETROSPOT",0.01073,0.841,7.41,37,2.49391702846117,22.1968162083936,31,1722.54
"{JUMBO STORAGE BAG SUKI,LUNCH BAG RED RETROSPOT} => {LUNCH BAG SUKI DESIGN}","LUNCH BAG SUKI DESIGN",0.01127,0.602,8.58,136,2.16708495713172,9.69134840218238,82,1719.47
"{RED RETROSPOT CHARLOTTE BAG,STRAWBERRY CHARLOTTE BAG} => {CHARLOTTE BAG PINK POLKADOT}","CHARLOTTE BAG PINK POLKADOT",0.01784,0.671,16.52,160,1.22587601078167,13.0619946091644,107,1719.09
"{PACK OF 60 DINOSAUR CAKE CASES} => {PACK OF 60 SPACEBOY CAKE CASES}","PACK OF 60 SPACEBOY CAKE CASES",0.01171,0.357,12.53,386,0.770326923076923,16.1211538461538,138,1711.3
"{PINK REGENCY TEACUP AND SAUCER,REGENCY CAKESTAND 3 TIER} => {ROSES REGENCY TEACUP AND SAUCER}","ROSES REGENCY TEACUP AND SAUCER",0.01811,0.844,14.53,61,3.66992467043314,9.04331450094162,51,1708.67
"{JUMBO BAG RED RETROSPOT,LUNCH BAG SPACEBOY DESIGN} => {LUNCH BAG RED RETROSPOT}","LUNCH BAG RED RETROSPOT",0.01012,0.651,7.61,99,2.13269181585678,12.3925831202046,64,1703.36
"{ALARM CLOCK BAKELIKE IVORY,ALARM CLOCK BAKELIKE PINK} => {ALARM CLOCK BAKELIKE RED}","ALARM CLOCK BAKELIKE RED",0.01127,0.746,12.99,70,4.40365714285714,7.39809523809524,52,1701.26
"{CHARLOTTE BAG SUKI DESIGN,LUNCH BAG RED RETROSPOT} => {LUNCH BAG SUKI DESIGN}","LUNCH BAG SUKI DESIGN",0.01177,0.623,8.88,130,2.16708495713172,9.69134840218238,81,1700.95
"{JUMBO BAG RED RETROSPOT,RED RETROSPOT CHARLOTTE BAG} => {CHARLOTTE BAG PINK POLKADOT}","CHARLOTTE BAG PINK POLKADOT",0.01182,0.508,12.52,209,1.22587601078167,13.0619946091644,106,1700.07
"{CHARLOTTE BAG SUKI DESIGN,LUNCH BAG RED RETROSPOT} => {LUNCH BAG  BLACK SKULL.}","LUNCH BAG  BLACK SKULL.",0.01067,0.565,8.13,150,2.10808025177026,9.51376868607396,85,1699.73
"{REGENCY TEA PLATE ROSES,ROSES REGENCY TEACUP AND SAUCER} => {PINK REGENCY TEACUP AND SAUCER}","PINK REGENCY TEACUP AND SAUCER",0.01001,0.665,16,92,3.71778947368421,7.46315789473684,61,1697.53
"{LUNCH BAG PINK POLKADOT,LUNCH BAG WOODLAND} => {LUNCH BAG SPACEBOY DESIGN}","LUNCH BAG SPACEBOY DESIGN",0.01308,0.604,9.53,157,2.00968885047537,8.90060501296456,95,1696.23
"{LUNCH BAG APPLE DESIGN,LUNCH BAG PINK POLKADOT} => {LUNCH BAG  BLACK SKULL.}","LUNCH BAG  BLACK SKULL.",0.01122,0.587,8.44,144,2.10808025177026,9.51376868607396,85,1695.28
"{CHRISTMAS CRAFT TREE TOP ANGEL} => {CHRISTMAS CRAFT WHITE FAIRY}","CHRISTMAS CRAFT WHITE FAIRY",0.01095,0.438,21.21,257,1.75763925729443,8.54641909814324,113,1690.91
"{LUNCH BAG ALPHABET DESIGN,LUNCH BAG SPACEBOY DESIGN} => {LUNCH BAG APPLE DESIGN}","LUNCH BAG APPLE DESIGN",0.01045,0.628,11.09,113,2.04046376811594,11.6772946859903,71,1690.87
"{LUNCH BAG SPACEBOY DESIGN,LUNCH BAG VINTAGE DOILY} => {LUNCH BAG  BLACK SKULL.}","LUNCH BAG  BLACK SKULL.",0.01067,0.569,8.17,148,2.10808025177026,9.51376868607396,84,1688.94
"{LUNCH BAG PINK POLKADOT,LUNCH BAG RED RETROSPOT,LUNCH BAG SUKI DESIGN} => {LUNCH BAG WOODLAND}","LUNCH BAG WOODLAND",0.01078,0.595,10.73,134,2.18364891518738,9.68145956607495,80,1685.56
"{60 TEATIME FAIRY CAKE CASES,PACK OF 60 PINK PAISLEY CAKE CASES} => {PACK OF 72 RETROSPOT CAKE CASES}","PACK OF 72 RETROSPOT CAKE CASES",0.01226,0.633,8.76,130,0.745037878787879,27.4893939393939,82,1685.35
"{LUNCH BAG ALPHABET DESIGN,LUNCH BAG APPLE DESIGN} => {LUNCH BAG VINTAGE LEAF DESIGN}","LUNCH BAG VINTAGE LEAF DESIGN",0.01023,0.501,13.76,186,1.92492492492492,9.38888888888889,93,1684.14
"{LUNCH BAG ALPHABET DESIGN,LUNCH BAG RED RETROSPOT} => {LUNCH BAG APPLE DESIGN}","LUNCH BAG APPLE DESIGN",0.011,0.648,11.45,109,2.04046376811594,11.6772946859903,71,1682.96
"{LUNCH BAG RED RETROSPOT,LUNCH BAG SPACEBOY DESIGN,LUNCH BAG SUKI DESIGN} => {LUNCH BAG WOODLAND}","LUNCH BAG WOODLAND",0.01073,0.594,10.7,134,2.18364891518738,9.68145956607495,80,1682.73
"{CHARLOTTE BAG SUKI DESIGN,WOODLAND CHARLOTTE BAG} => {CHARLOTTE BAG PINK POLKADOT}","CHARLOTTE BAG PINK POLKADOT",0.01598,0.64,15.77,164,1.22587601078167,13.0619946091644,105,1680.66
"{JUMBO BAG TOYS,JUMBO SHOPPER VINTAGE RED PAISLEY} => {JUMBO BAG WOODLAND ANIMALS}","JUMBO BAG WOODLAND ANIMALS",0.01084,0.744,15.78,68,2.93349187935035,11.3120649651972,51,1678.84
"{JUMBO BAG SCANDINAVIAN BLUE PAISLEY,JUMBO BAG WOODLAND ANIMALS} => {JUMBO SHOPPER VINTAGE RED PAISLEY}","JUMBO SHOPPER VINTAGE RED PAISLEY",0.01051,0.696,10.83,84,2.68828790459966,10.6746166950596,58,1677.71
"{CHARLOTTE BAG DOLLY GIRL DESIGN} => {STRAWBERRY CHARLOTTE BAG}","STRAWBERRY CHARLOTTE BAG",0.01034,0.455,11.53,226,1.20416897506925,13.5470914127424,103,1677.46
"{CHARLOTTE BAG PINK POLKADOT,LUNCH BAG RED RETROSPOT} => {CHARLOTTE BAG SUKI DESIGN}","CHARLOTTE BAG SUKI DESIGN",0.01095,0.66,13.72,103,1.20502844141069,20.4732650739477,68,1677.13
"{LUNCH BAG  BLACK SKULL.,LUNCH BAG VINTAGE DOILY} => {LUNCH BAG SPACEBOY DESIGN}","LUNCH BAG SPACEBOY DESIGN",0.01067,0.52,8.21,180,2.00968885047537,8.90060501296456,94,1674.27
"{LUNCH BAG PINK POLKADOT,LUNCH BAG VINTAGE DOILY} => {LUNCH BAG  BLACK SKULL.}","LUNCH BAG  BLACK SKULL.",0.01095,0.583,8.38,143,2.10808025177026,9.51376868607396,83,1672.03
"{LUNCH BAG ALPHABET DESIGN,LUNCH BAG APPLE DESIGN} => {LUNCH BAG SPACEBOY DESIGN}","LUNCH BAG SPACEBOY DESIGN",0.01045,0.512,8.09,182,2.00968885047537,8.90060501296456,93,1666.82
"{LUNCH BAG  BLACK SKULL.,LUNCH BAG ALPHABET DESIGN} => {LUNCH BAG APPLE DESIGN}","LUNCH BAG APPLE DESIGN",0.01062,0.64,11.3,109,2.04046376811594,11.6772946859903,70,1662.18
"{JUMBO BAG APPLES,JUMBO BAG PEARS,JUMBO BAG VINTAGE DOILY} => {JUMBO BAG VINTAGE LEAF}","JUMBO BAG VINTAGE LEAF",0.01007,0.684,14.22,85,2.29795221843003,12.4334470989761,58,1661.15
"{CHRISTMAS CRAFT WHITE FAIRY} => {CHRISTMAS CRAFT LITTLE FRIENDS}","CHRISTMAS CRAFT LITTLE FRIENDS",0.0133,0.645,21.69,134,2.58911602209945,7.41804788213628,86,1659.99
"{JUMBO BAG PINK POLKADOT,JUMBO BAG WOODLAND ANIMALS,JUMBO STORAGE BAG SUKI} => {JUMBO SHOPPER VINTAGE RED PAISLEY}","JUMBO SHOPPER VINTAGE RED PAISLEY",0.01073,0.705,10.97,82,2.68828790459966,10.6746166950596,58,1658.94
"{SUKI  SHOULDER BAG} => {SKULL SHOULDER BAG}","SKULL SHOULDER BAG",0.01396,0.481,21.44,275,2.13678048780488,5.86829268292683,132,1658.63
"{CHARLOTTE BAG SUKI DESIGN,WOODLAND CHARLOTTE BAG} => {STRAWBERRY CHARLOTTE BAG}","STRAWBERRY CHARLOTTE BAG",0.01658,0.664,16.82,153,1.20416897506925,13.5470914127424,102,1657.27
"{LUNCH BAG DOLLY GIRL DESIGN,LUNCH BAG SUKI DESIGN} => {LUNCH BAG  BLACK SKULL.}","LUNCH BAG  BLACK SKULL.",0.01067,0.577,8.29,143,2.10808025177026,9.51376868607396,83,1654.82
"{LUNCH BAG CARS BLUE,LUNCH BAG SPACEBOY DESIGN,LUNCH BAG SUKI DESIGN} => {LUNCH BAG RED RETROSPOT}","LUNCH BAG RED RETROSPOT",0.01155,0.703,8.22,89,2.13269181585678,12.3925831202046,63,1653.62
"{CHARLOTTE BAG DOLLY GIRL DESIGN} => {CHARLOTTE BAG PINK POLKADOT}","CHARLOTTE BAG PINK POLKADOT",0.01062,0.467,11.51,221,1.22587601078167,13.0619946091644,103,1652.59
"{LUNCH BAG  BLACK SKULL.,LUNCH BAG RED RETROSPOT,LUNCH BAG SUKI DESIGN} => {LUNCH BAG PINK POLKADOT}","LUNCH BAG PINK POLKADOT",0.01209,0.617,10.36,137,2.03613406795225,9.59504132231405,85,1651.43
"{LUNCH BAG RED RETROSPOT,STRAWBERRY CHARLOTTE BAG} => {CHARLOTTE BAG SUKI DESIGN}","CHARLOTTE BAG SUKI DESIGN",0.011,0.668,13.88,100,1.20502844141069,20.4732650739477,67,1648.01
"{LUNCH BAG SUKI DESIGN,RED RETROSPOT CHARLOTTE BAG} => {CHARLOTTE BAG SUKI DESIGN}","CHARLOTTE BAG SUKI DESIGN",0.01231,0.703,14.62,95,1.20502844141069,20.4732650739477,67,1647.64
"{CHILDRENS CUTLERY POLKADOT BLUE,CHILDRENS CUTLERY RETROSPOT RED} => {CHILDRENS CUTLERY POLKADOT PINK}","CHILDRENS CUTLERY POLKADOT PINK",0.01045,0.82,27.54,42,4.93301470588235,9.6875,34,1645.84
"{JUMBO BAG PINK VINTAGE PAISLEY,JUMBO BAG RED RETROSPOT,JUMBO STORAGE BAG SUKI} => {JUMBO SHOPPER VINTAGE RED PAISLEY}","JUMBO SHOPPER VINTAGE RED PAISLEY",0.01018,0.691,10.76,83,2.68828790459966,10.6746166950596,57,1645.83
"{JUMBO BAG APPLES,JUMBO BAG PEARS,JUMBO BAG VINTAGE LEAF} => {JUMBO BAG VINTAGE DOILY}","JUMBO BAG VINTAGE DOILY",0.01007,0.76,11.3,58,2.2780162601626,16.3845528455285,44,1645.25
"{LUNCH BAG VINTAGE DOILY,LUNCH BAG WOODLAND} => {LUNCH BAG APPLE DESIGN}","LUNCH BAG APPLE DESIGN",0.01029,0.633,11.18,109,2.04046376811594,11.6772946859903,69,1644
"{LUNCH BAG  BLACK SKULL.,LUNCH BAG CARS BLUE,LUNCH BAG SUKI DESIGN} => {LUNCH BAG RED RETROSPOT}","LUNCH BAG RED RETROSPOT",0.01259,0.73,8.53,85,2.13269181585678,12.3925831202046,62,1639.95
"{REGENCY TEA PLATE GREEN} => {REGENCY TEA PLATE ROSES}","REGENCY TEA PLATE ROSES",0.01746,0.839,34.55,61,2.07711711711712,15.4076576576577,51,1637.91
"{LUNCH BAG SUKI DESIGN,LUNCH BAG VINTAGE DOILY} => {LUNCH BAG SPACEBOY DESIGN}","LUNCH BAG SPACEBOY DESIGN",0.01018,0.508,8.03,180,2.00968885047537,8.90060501296456,91,1635.63
"{LUNCH BAG ALPHABET DESIGN,LUNCH BAG SUKI DESIGN} => {LUNCH BAG CARS BLUE}","LUNCH BAG CARS BLUE",0.01034,0.591,9.39,131,2.06529155787641,10.2254134029591,77,1635.01
"{CHARLOTTE BAG SUKI DESIGN,LUNCH BAG SUKI DESIGN} => {LUNCH BAG  BLACK SKULL.}","LUNCH BAG  BLACK SKULL.",0.01056,0.578,8.31,141,2.10808025177026,9.51376868607396,81,1634.51
"{LUNCH BAG RED RETROSPOT,WOODLAND CHARLOTTE BAG} => {CHARLOTTE BAG SUKI DESIGN}","CHARLOTTE BAG SUKI DESIGN",0.01166,0.689,14.33,96,1.20502844141069,20.4732650739477,66,1631.83
"{LUNCH BAG  BLACK SKULL.,LUNCH BAG CARS BLUE,LUNCH BAG PINK POLKADOT} => {LUNCH BAG RED RETROSPOT}","LUNCH BAG RED RETROSPOT",0.01231,0.726,8.48,85,2.13269181585678,12.3925831202046,62,1630.97
"{CHARLOTTE BAG PINK POLKADOT,CHARLOTTE BAG SUKI DESIGN} => {WOODLAND CHARLOTTE BAG}","WOODLAND CHARLOTTE BAG",0.01598,0.712,15.64,118,1.21432692307692,15.9435096153846,84,1626.6
"{60 CAKE CASES DOLLY GIRL DESIGN} => {60 TEATIME FAIRY CAKE CASES}","60 TEATIME FAIRY CAKE CASES",0.01089,0.456,10.07,237,0.690531400966184,21.7596618357488,108,1623.86
"{LUNCH BAG  BLACK SKULL.,LUNCH BAG CARS BLUE,LUNCH BAG SPACEBOY DESIGN} => {LUNCH BAG RED RETROSPOT}","LUNCH BAG RED RETROSPOT",0.01073,0.688,8.03,89,2.13269181585678,12.3925831202046,61,1618.33
"{SET OF 60 PANTRY DESIGN CAKE CASES} => {SET OF 60 VINTAGE LEAF CAKE CASES}","SET OF 60 VINTAGE LEAF CAKE CASES",0.01242,0.361,17.34,401,0.697244094488189,16.0183727034121,145,1616.79
"{PACK OF 60 SPACEBOY CAKE CASES} => {PACK OF 60 DINOSAUR CAKE CASES}","PACK OF 60 DINOSAUR CAKE CASES",0.01171,0.412,12.53,306,0.628383333333333,20.39,126,1615.33
"{LUNCH BAG PINK POLKADOT,LUNCH BAG RED RETROSPOT,LUNCH BAG SUKI DESIGN} => {LUNCH BAG CARS BLUE}","LUNCH BAG CARS BLUE",0.01155,0.637,10.14,120,2.06529155787641,10.2254134029591,76,1614.3
"{LUNCH BAG APPLE DESIGN,LUNCH BAG CARS BLUE} => {LUNCH BAG SPACEBOY DESIGN}","LUNCH BAG SPACEBOY DESIGN",0.01133,0.564,8.91,160,2.00968885047537,8.90060501296456,90,1614.16
"{ALARM CLOCK BAKELIKE GREEN,ALARM CLOCK BAKELIKE ORANGE} => {ALARM CLOCK BAKELIKE RED}","ALARM CLOCK BAKELIKE RED",0.01138,0.762,13.26,65,4.40365714285714,7.39809523809524,50,1613.62
"{PACK OF 60 PINK PAISLEY CAKE CASES,PACK OF 72 RETROSPOT CAKE CASES} => {60 TEATIME FAIRY CAKE CASES}","60 TEATIME FAIRY CAKE CASES",0.01226,0.521,11.5,206,0.690531400966184,21.7596618357488,107,1612.65
"{LUNCH BAG SPACEBOY DESIGN,RED RETROSPOT CHARLOTTE BAG} => {CHARLOTTE BAG SUKI DESIGN}","CHARLOTTE BAG SUKI DESIGN",0.01045,0.659,13.69,99,1.20502844141069,20.4732650739477,65,1609.55
"{LUNCH BAG DOLLY GIRL DESIGN,LUNCH BAG WOODLAND} => {LUNCH BAG RED RETROSPOT}","LUNCH BAG RED RETROSPOT",0.01078,0.691,8.08,88,2.13269181585678,12.3925831202046,61,1607.13
"{LUNCH BAG RED RETROSPOT,LUNCH BAG SPACEBOY DESIGN,LUNCH BAG SUKI DESIGN} => {LUNCH BAG CARS BLUE}","LUNCH BAG CARS BLUE",0.01155,0.639,10.17,119,2.06529155787641,10.2254134029591,76,1605.87
"{SET/6 RED SPOTTY PAPER PLATES} => {SET/20 RED RETROSPOT PAPER NAPKINS}","SET/20 RED RETROSPOT PAPER NAPKINS",0.02025,0.702,13.05,157,1.09822990844354,13.2665310274669,110,1605.79
"{LUNCH BAG CARS BLUE,RED RETROSPOT CHARLOTTE BAG} => {CHARLOTTE BAG SUKI DESIGN}","CHARLOTTE BAG SUKI DESIGN",0.01155,0.692,14.38,94,1.20502844141069,20.4732650739477,65,1604.79
"{LUNCH BAG  BLACK SKULL.,RED RETROSPOT CHARLOTTE BAG} => {WOODLAND CHARLOTTE BAG}","WOODLAND CHARLOTTE BAG",0.01198,0.622,13.66,133,1.21432692307692,15.9435096153846,83,1601.63
"{LUNCH BAG RED RETROSPOT,LUNCH BAG VINTAGE LEAF DESIGN} => {LUNCH BAG APPLE DESIGN}","LUNCH BAG APPLE DESIGN",0.01122,0.672,11.87,100,2.04046376811594,11.6772946859903,67,1601.18
"{LUNCH BAG APPLE DESIGN,LUNCH BAG WOODLAND} => {LUNCH BAG SPACEBOY DESIGN}","LUNCH BAG SPACEBOY DESIGN",0.01182,0.585,9.24,153,2.00968885047537,8.90060501296456,90,1601.02
"{LUNCH BAG  BLACK SKULL.,LUNCH BAG RED RETROSPOT,LUNCH BAG SPACEBOY DESIGN} => {LUNCH BAG WOODLAND}","LUNCH BAG WOODLAND",0.01062,0.61,10.99,124,2.18364891518738,9.68145956607495,76,1599.1
"{LUNCH BAG  BLACK SKULL.,LUNCH BAG PINK POLKADOT,LUNCH BAG RED RETROSPOT} => {LUNCH BAG SPACEBOY DESIGN}","LUNCH BAG SPACEBOY DESIGN",0.01084,0.548,8.66,163,2.00968885047537,8.90060501296456,89,1597.78
"{LUNCH BAG RED RETROSPOT,LUNCH BAG VINTAGE LEAF DESIGN} => {LUNCH BAG VINTAGE DOILY}","LUNCH BAG VINTAGE DOILY",0.01012,0.607,10.11,120,1.82762773722628,11.9306569343066,73,1588.26
"{LUNCH BAG  BLACK SKULL.,LUNCH BAG RED RETROSPOT,LUNCH BAG SPACEBOY DESIGN} => {LUNCH BAG CARS BLUE}","LUNCH BAG CARS BLUE",0.01073,0.616,9.8,122,2.06529155787641,10.2254134029591,75,1587.09
"{CHARLOTTE BAG SUKI DESIGN,STRAWBERRY CHARLOTTE BAG} => {WOODLAND CHARLOTTE BAG}","WOODLAND CHARLOTTE BAG",0.01658,0.73,16.04,112,1.21432692307692,15.9435096153846,82,1582.93
"{CHARLOTTE BAG SUKI DESIGN,STRAWBERRY CHARLOTTE BAG} => {CHARLOTTE BAG APPLES DESIGN}","CHARLOTTE BAG APPLES DESIGN",0.01062,0.467,14.65,221,1.12058319039451,13.6620926243568,103,1580.05
"{CHARLOTTE BAG SUKI DESIGN,LUNCH BAG RED RETROSPOT} => {WOODLAND CHARLOTTE BAG}","WOODLAND CHARLOTTE BAG",0.01166,0.617,13.56,132,1.21432692307692,15.9435096153846,81,1576.81
"{LUNCH BAG  BLACK SKULL.,LUNCH BAG VINTAGE LEAF DESIGN} => {LUNCH BAG APPLE DESIGN}","LUNCH BAG APPLE DESIGN",0.01056,0.659,11.63,100,2.04046376811594,11.6772946859903,66,1570.21
"{LUNCH BAG  BLACK SKULL.,RED RETROSPOT CHARLOTTE BAG} => {LUNCH BAG SPACEBOY DESIGN}","LUNCH BAG SPACEBOY DESIGN",0.01045,0.543,8.57,161,2.00968885047537,8.90060501296456,87,1563.77
"{LUNCH BAG RED RETROSPOT,RED RETROSPOT CHARLOTTE BAG} => {STRAWBERRY CHARLOTTE BAG}","STRAWBERRY CHARLOTTE BAG",0.01259,0.584,14.77,164,1.20416897506925,13.5470914127424,96,1562.39
"{CHARLOTTE BAG PINK POLKADOT,STRAWBERRY CHARLOTTE BAG} => {WOODLAND CHARLOTTE BAG}","WOODLAND CHARLOTTE BAG",0.01439,0.694,15.24,116,1.21432692307692,15.9435096153846,81,1558.61
"{CHARLOTTE BAG SUKI DESIGN,LUNCH BAG SUKI DESIGN} => {WOODLAND CHARLOTTE BAG}","WOODLAND CHARLOTTE BAG",0.01089,0.596,13.09,135,1.21432692307692,15.9435096153846,80,1557.76
"{JUMBO BAG PINK POLKADOT,JUMBO BAG PINK VINTAGE PAISLEY,JUMBO STORAGE BAG SUKI} => {JUMBO BAG RED RETROSPOT}","JUMBO BAG RED RETROSPOT",0.0104,0.852,7.51,33,2.49391702846117,22.1968162083936,28,1556.42
"{LUNCH BAG WOODLAND,WOODLAND CHARLOTTE BAG} => {CHARLOTTE BAG SUKI DESIGN}","CHARLOTTE BAG SUKI DESIGN",0.01007,0.657,13.66,96,1.20502844141069,20.4732650739477,63,1556.04
"{LUNCH BAG CARS BLUE,LUNCH BAG RED RETROSPOT,LUNCH BAG SUKI DESIGN} => {LUNCH BAG PINK POLKADOT}","LUNCH BAG PINK POLKADOT",0.01155,0.622,10.44,128,2.03613406795225,9.59504132231405,80,1555.44
"{SET OF 12 MINI LOAF BAKING CASES} => {SET OF 12 FAIRY CAKE BAKING CASES}","SET OF 12 FAIRY CAKE BAKING CASES",0.01675,0.689,22.9,138,1.06689090909091,15.3254545454545,95,1554.65
"{JUMBO BAG PINK POLKADOT,LUNCH BAG RED RETROSPOT} => {LUNCH BAG PINK POLKADOT}","LUNCH BAG PINK POLKADOT",0.01018,0.576,9.66,137,2.03613406795225,9.59504132231405,79,1541.69
"{JUMBO BAG RED RETROSPOT,JUMBO BAG SCANDINAVIAN BLUE PAISLEY,JUMBO STORAGE BAG SUKI} => {JUMBO SHOPPER VINTAGE RED PAISLEY}","JUMBO SHOPPER VINTAGE RED PAISLEY",0.01155,0.746,11.6,72,2.68828790459966,10.6746166950596,54,1541.34
"{STRAWBERRY CHARLOTTE BAG,WOODLAND CHARLOTTE BAG} => {CHARLOTTE BAG APPLES DESIGN}","CHARLOTTE BAG APPLES DESIGN",0.01007,0.453,14.2,222,1.12058319039451,13.6620926243568,101,1539.62
"{LUNCH BAG RED RETROSPOT,LUNCH BAG SUKI DESIGN,LUNCH BAG WOODLAND} => {LUNCH BAG CARS BLUE}","LUNCH BAG CARS BLUE",0.01067,0.627,9.97,116,2.06529155787641,10.2254134029591,73,1535.99
"{LUNCH BAG  BLACK SKULL.,LUNCH BAG RED RETROSPOT,LUNCH BAG SUKI DESIGN} => {LUNCH BAG SPACEBOY DESIGN}","LUNCH BAG SPACEBOY DESIGN",0.01182,0.603,9.53,142,2.00968885047537,8.90060501296456,86,1531.63
"{LUNCH BAG  BLACK SKULL.,LUNCH BAG SPACEBOY DESIGN,LUNCH BAG SUKI DESIGN} => {LUNCH BAG CARS BLUE}","LUNCH BAG CARS BLUE",0.01089,0.636,10.11,114,2.06529155787641,10.2254134029591,73,1531.17
"{LUNCH BAG CARS BLUE,LUNCH BAG PINK POLKADOT,LUNCH BAG RED RETROSPOT} => {LUNCH BAG SUKI DESIGN}","LUNCH BAG SUKI DESIGN",0.01155,0.655,9.33,111,2.16708495713172,9.69134840218238,73,1526.95
"{LUNCH BAG SUKI DESIGN,RED RETROSPOT CHARLOTTE BAG} => {LUNCH BAG  BLACK SKULL.}","LUNCH BAG  BLACK SKULL.",0.01067,0.609,8.76,125,2.10808025177026,9.51376868607396,76,1526.75
"{JUMBO BAG VINTAGE LEAF,LUNCH BAG VINTAGE DOILY} => {JUMBO BAG VINTAGE DOILY}","JUMBO BAG VINTAGE DOILY",0.01346,0.834,12.39,49,2.2780162601626,16.3845528455285,41,1525.29
"{LUNCH BAG  BLACK SKULL.,LUNCH BAG CARS BLUE,LUNCH BAG PINK POLKADOT} => {LUNCH BAG SUKI DESIGN}","LUNCH BAG SUKI DESIGN",0.01062,0.626,8.91,116,2.16708495713172,9.69134840218238,73,1525.08
"{LUNCH BAG RED RETROSPOT,LUNCH BAG SPACEBOY DESIGN,LUNCH BAG WOODLAND} => {LUNCH BAG CARS BLUE}","LUNCH BAG CARS BLUE",0.01029,0.616,9.8,117,2.06529155787641,10.2254134029591,72,1522.05
"{STRAWBERRY SHOPPER BAG} => {RED RETROSPOT SHOPPER BAG}","RED RETROSPOT SHOPPER BAG",0.01116,0.495,15.74,208,1.78113043478261,8.28521739130435,103,1519.39
"{RED RETROSPOT SHOPPER BAG} => {STRAWBERRY SHOPPER BAG}","STRAWBERRY SHOPPER BAG",0.01116,0.355,15.74,371,1.67303398058252,6.88349514563107,132,1516.76
"{JUMBO BAG PINK POLKADOT,JUMBO BAG PINK VINTAGE PAISLEY,JUMBO BAG SCANDINAVIAN BLUE PAISLEY} => {JUMBO BAG RED RETROSPOT}","JUMBO BAG RED RETROSPOT",0.01018,0.853,7.52,32,2.49391702846117,22.1968162083936,27,1511.03
"{LUNCH BAG SUKI DESIGN,LUNCH BAG VINTAGE LEAF DESIGN} => {LUNCH BAG APPLE DESIGN}","LUNCH BAG APPLE DESIGN",0.01116,0.689,12.17,92,2.04046376811594,11.6772946859903,63,1510.35
"{LUNCH BAG ALPHABET DESIGN,LUNCH BAG SUKI DESIGN} => {LUNCH BAG  BLACK SKULL.}","LUNCH BAG  BLACK SKULL.",0.01089,0.622,8.94,121,2.10808025177026,9.51376868607396,75,1509.44
"{LUNCH BAG ALPHABET DESIGN,LUNCH BAG RED RETROSPOT} => {LUNCH BAG SUKI DESIGN}","LUNCH BAG SUKI DESIGN",0.01078,0.635,9.05,113,2.16708495713172,9.69134840218238,72,1507
"{CHARLOTTE BAG SUKI DESIGN,STRAWBERRY CHARLOTTE BAG} => {CHARLOTTE BAG PINK POLKADOT}","CHARLOTTE BAG PINK POLKADOT",0.01483,0.653,16.08,144,1.22587601078167,13.0619946091644,94,1505.68
"{LUNCH BAG RED RETROSPOT,LUNCH BAG VINTAGE LEAF DESIGN} => {LUNCH BAG SUKI DESIGN}","LUNCH BAG SUKI DESIGN",0.0104,0.623,8.87,115,2.16708495713172,9.69134840218238,72,1504.69
"{CHARLOTTE BAG PINK POLKADOT,RED RETROSPOT CHARLOTTE BAG,STRAWBERRY CHARLOTTE BAG} => {CHARLOTTE BAG SUKI DESIGN}","CHARLOTTE BAG SUKI DESIGN",0.01341,0.752,15.62,81,1.20502844141069,20.4732650739477,61,1502.75
"{LUNCH BAG RED RETROSPOT,RED RETROSPOT CHARLOTTE BAG} => {CHARLOTTE BAG PINK POLKADOT}","CHARLOTTE BAG PINK POLKADOT",0.01313,0.609,15,154,1.22587601078167,13.0619946091644,94,1501.74
"{CHARLOTTE BAG PINK POLKADOT,CHARLOTTE BAG SUKI DESIGN} => {STRAWBERRY CHARLOTTE BAG}","STRAWBERRY CHARLOTTE BAG",0.01483,0.661,16.73,139,1.20416897506925,13.5470914127424,92,1498.82
"{LUNCH BAG RED RETROSPOT,LUNCH BAG SPACEBOY DESIGN,LUNCH BAG SUKI DESIGN} => {LUNCH BAG  BLACK SKULL.}","LUNCH BAG  BLACK SKULL.",0.01182,0.655,9.41,114,2.10808025177026,9.51376868607396,75,1497.57
"{LUNCH BAG ALPHABET DESIGN,LUNCH BAG RED RETROSPOT} => {LUNCH BAG  BLACK SKULL.}","LUNCH BAG  BLACK SKULL.",0.01012,0.597,8.58,125,2.10808025177026,9.51376868607396,75,1496.66
"{LUNCH BAG  BLACK SKULL.,WOODLAND CHARLOTTE BAG} => {CHARLOTTE BAG SUKI DESIGN}","CHARLOTTE BAG SUKI DESIGN",0.01084,0.695,14.44,87,1.20502844141069,20.4732650739477,60,1491.72
"{CHRISTMAS CRAFT WHITE FAIRY} => {CHRISTMAS CRAFT TREE TOP ANGEL}","CHRISTMAS CRAFT TREE TOP ANGEL",0.01095,0.531,21.21,177,2.60984682713348,6.07439824945295,94,1490
"{SET OF 12 MINI LOAF BAKING CASES} => {SET OF 6 SNACK LOAF BAKING CASES}","SET OF 6 SNACK LOAF BAKING CASES",0.01286,0.529,27.32,209,1.09271186440678,12.3276836158192,111,1489.32
"{CHARLOTTE BAG SUKI DESIGN,LUNCH BAG  BLACK SKULL.} => {LUNCH BAG SUKI DESIGN}","LUNCH BAG SUKI DESIGN",0.01056,0.633,9.01,112,2.16708495713172,9.69134840218238,71,1488.96
"{STRAWBERRY CHARLOTTE BAG,WOODLAND CHARLOTTE BAG} => {CHARLOTTE BAG PINK POLKADOT}","CHARLOTTE BAG PINK POLKADOT",0.01439,0.648,15.95,143,1.22587601078167,13.0619946091644,93,1483.77
"{LUNCH BAG CARS BLUE,LUNCH BAG RED RETROSPOT,LUNCH BAG SUKI DESIGN} => {LUNCH BAG  BLACK SKULL.}","LUNCH BAG  BLACK SKULL.",0.01259,0.678,9.75,109,2.10808025177026,9.51376868607396,74,1482.16
"{LUNCH BAG PINK POLKADOT,LUNCH BAG RED RETROSPOT,LUNCH BAG SUKI DESIGN} => {LUNCH BAG  BLACK SKULL.}","LUNCH BAG  BLACK SKULL.",0.01209,0.668,9.6,110,2.10808025177026,9.51376868607396,73,1473.7
"{JUMBO BAG PEARS,JUMBO BAG VINTAGE DOILY,JUMBO BAG VINTAGE LEAF} => {JUMBO BAG APPLES}","JUMBO BAG APPLES",0.01007,0.793,14.85,48,2.57344262295082,15.0389344262295,38,1473.15
"{ALARM CLOCK BAKELIKE CHOCOLATE,ALARM CLOCK BAKELIKE RED} => {ALARM CLOCK BAKELIKE GREEN}","ALARM CLOCK BAKELIKE GREEN",0.01231,0.771,14.44,67,4.54470769230769,6.27384615384615,52,1472.89
"{LUNCH BAG  BLACK SKULL.,STRAWBERRY CHARLOTTE BAG} => {CHARLOTTE BAG SUKI DESIGN}","CHARLOTTE BAG SUKI DESIGN",0.01067,0.694,14.43,86,1.20502844141069,20.4732650739477,60,1472.46
"{LUNCH BAG  BLACK SKULL.,LUNCH BAG APPLE DESIGN,LUNCH BAG SUKI DESIGN} => {LUNCH BAG RED RETROSPOT}","LUNCH BAG RED RETROSPOT",0.01034,0.705,8.24,79,2.13269181585678,12.3925831202046,56,1471.99
"{LUNCH BAG RED RETROSPOT,LUNCH BAG SPACEBOY DESIGN,LUNCH BAG WOODLAND} => {LUNCH BAG SUKI DESIGN}","LUNCH BAG SUKI DESIGN",0.01073,0.643,9.15,109,2.16708495713172,9.69134840218238,70,1471.97
"{LUNCH BAG ALPHABET DESIGN,LUNCH BAG VINTAGE LEAF DESIGN} => {LUNCH BAG APPLE DESIGN}","LUNCH BAG APPLE DESIGN",0.01023,0.67,11.83,92,2.04046376811594,11.6772946859903,62,1468.7
"{LUNCH BAG ALPHABET DESIGN,LUNCH BAG SPACEBOY DESIGN} => {LUNCH BAG SUKI DESIGN}","LUNCH BAG SUKI DESIGN",0.01067,0.641,9.14,109,2.16708495713172,9.69134840218238,70,1467.39
"{JUMBO BAG VINTAGE DOILY,LUNCH BAG APPLE DESIGN} => {LUNCH BAG VINTAGE DOILY}","LUNCH BAG VINTAGE DOILY",0.01122,0.672,11.21,100,1.82762773722628,11.9306569343066,67,1465.28
"{JUMBO BAG VINTAGE DOILY,LUNCH BAG RED RETROSPOT} => {LUNCH BAG VINTAGE DOILY}","LUNCH BAG VINTAGE DOILY",0.01248,0.706,11.77,95,1.82762773722628,11.9306569343066,67,1462.45
"{LUNCH BAG SUKI DESIGN,RED RETROSPOT CHARLOTTE BAG} => {WOODLAND CHARLOTTE BAG}","WOODLAND CHARLOTTE BAG",0.01084,0.619,13.59,122,1.21432692307692,15.9435096153846,76,1462.08
"{LUNCH BAG ALPHABET DESIGN,LUNCH BAG SPACEBOY DESIGN} => {LUNCH BAG  BLACK SKULL.}","LUNCH BAG  BLACK SKULL.",0.01001,0.602,8.65,121,2.10808025177026,9.51376868607396,73,1460.9
"{LUNCH BAG  BLACK SKULL.,LUNCH BAG RED RETROSPOT,LUNCH BAG SPACEBOY DESIGN} => {LUNCH BAG PINK POLKADOT}","LUNCH BAG PINK POLKADOT",0.01084,0.623,10.45,120,2.03613406795225,9.59504132231405,75,1460.57
"{SMALL HEART MEASURING SPOONS} => {LARGE HEART MEASURING SPOONS}","LARGE HEART MEASURING SPOONS",0.01193,0.462,22.63,254,2.3658981233244,5.25469168900804,117,1458.88
"{CHARLOTTE BAG PINK POLKADOT,LUNCH BAG  BLACK SKULL.} => {CHARLOTTE BAG SUKI DESIGN}","CHARLOTTE BAG SUKI DESIGN",0.01007,0.679,14.11,87,1.20502844141069,20.4732650739477,59,1457.38
"{LUNCH BAG  BLACK SKULL.,LUNCH BAG CARS BLUE,LUNCH BAG SUKI DESIGN} => {LUNCH BAG PINK POLKADOT}","LUNCH BAG PINK POLKADOT",0.01062,0.616,10.33,121,2.03613406795225,9.59504132231405,75,1456.19
"{LUNCH BAG  BLACK SKULL.,LUNCH BAG RED RETROSPOT,LUNCH BAG SPACEBOY DESIGN} => {LUNCH BAG SUKI DESIGN}","LUNCH BAG SUKI DESIGN",0.01182,0.679,9.67,102,2.16708495713172,9.69134840218238,69,1454.55
"{LUNCH BAG  BLACK SKULL.,LUNCH BAG DOLLY GIRL DESIGN} => {LUNCH BAG SUKI DESIGN}","LUNCH BAG SUKI DESIGN",0.01067,0.646,9.2,107,2.16708495713172,9.69134840218238,69,1451.7
"{REGENCY TEA PLATE ROSES,ROSES REGENCY TEACUP AND SAUCER} => {GREEN REGENCY TEACUP AND SAUCER}","GREEN REGENCY TEACUP AND SAUCER",0.01111,0.738,13.32,72,3.84362290227048,7.106614017769,53,1451.42
"{LUNCH BAG DOLLY GIRL DESIGN,LUNCH BAG RED RETROSPOT} => {LUNCH BAG SPACEBOY DESIGN}","LUNCH BAG SPACEBOY DESIGN",0.01281,0.654,10.32,124,2.00968885047537,8.90060501296456,81,1450.6
"{JUMBO  BAG BAROQUE BLACK WHITE,JUMBO BAG PINK POLKADOT,JUMBO STORAGE BAG SUKI} => {JUMBO BAG RED RETROSPOT}","JUMBO BAG RED RETROSPOT",0.01127,0.873,7.69,30,2.49391702846117,22.1968162083936,26,1449.8
"{SKULL SHOULDER BAG} => {SUKI  SHOULDER BAG}","SUKI  SHOULDER BAG",0.01396,0.622,21.44,155,2.33820754716981,6.4,96,1442.73
"{CHARLOTTE BAG SUKI DESIGN,JUMBO BAG RED RETROSPOT} => {RED RETROSPOT CHARLOTTE BAG}","RED RETROSPOT CHARLOTTE BAG",0.01155,0.651,11.53,113,1.13962209302326,17.1744186046512,74,1439.8
"{CHARLOTTE BAG SUKI DESIGN,LUNCH BAG SUKI DESIGN} => {RED RETROSPOT CHARLOTTE BAG}","RED RETROSPOT CHARLOTTE BAG",0.01231,0.674,11.93,109,1.13962209302326,17.1744186046512,73,1437.9
"{CHARLOTTE BAG APPLES DESIGN,RED RETROSPOT CHARLOTTE BAG} => {WOODLAND CHARLOTTE BAG}","WOODLAND CHARLOTTE BAG",0.01182,0.657,14.42,113,1.21432692307692,15.9435096153846,74,1437.35
"{LUNCH BAG  BLACK SKULL.,LUNCH BAG ALPHABET DESIGN} => {LUNCH BAG SUKI DESIGN}","LUNCH BAG SUKI DESIGN",0.01089,0.657,9.35,104,2.16708495713172,9.69134840218238,68,1435.02
"{CHARLOTTE BAG PINK POLKADOT,WOODLAND CHARLOTTE BAG} => {STRAWBERRY CHARLOTTE BAG}","STRAWBERRY CHARLOTTE BAG",0.01439,0.666,16.85,132,1.20416897506925,13.5470914127424,88,1434.11
"{LUNCH BAG CARS BLUE,LUNCH BAG RED RETROSPOT,LUNCH BAG SPACEBOY DESIGN} => {LUNCH BAG WOODLAND}","LUNCH BAG WOODLAND",0.01029,0.639,11.52,106,2.18364891518738,9.68145956607495,68,1431.96
"{CHARLOTTE BAG APPLES DESIGN,WOODLAND CHARLOTTE BAG} => {CHARLOTTE BAG SUKI DESIGN}","CHARLOTTE BAG SUKI DESIGN",0.01149,0.724,15.05,80,1.20502844141069,20.4732650739477,58,1428.94
"{JUMBO BAG APPLES,JUMBO BAG VINTAGE DOILY,JUMBO BAG VINTAGE LEAF} => {JUMBO BAG PEARS}","JUMBO BAG PEARS",0.01007,0.724,22.28,70,2.43333333333333,11.5488215488215,51,1424.22
"{LUNCH BAG CARS BLUE,LUNCH BAG RED RETROSPOT,LUNCH BAG SUKI DESIGN} => {LUNCH BAG SPACEBOY DESIGN}","LUNCH BAG SPACEBOY DESIGN",0.01155,0.622,9.83,128,2.00968885047537,8.90060501296456,80,1424.13
"{LUNCH BAG RED RETROSPOT,LUNCH BAG VINTAGE LEAF DESIGN} => {LUNCH BAG  BLACK SKULL.}","LUNCH BAG  BLACK SKULL.",0.01056,0.633,9.1,112,2.10808025177026,9.51376868607396,71,1421.88
"{LUNCH BAG CARS BLUE,RED RETROSPOT CHARLOTTE BAG} => {LUNCH BAG  BLACK SKULL.}","LUNCH BAG  BLACK SKULL.",0.01056,0.633,9.1,112,2.10808025177026,9.51376868607396,71,1421.88
"{LUNCH BAG RED RETROSPOT,LUNCH BAG SUKI DESIGN,LUNCH BAG WOODLAND} => {LUNCH BAG  BLACK SKULL.}","LUNCH BAG  BLACK SKULL.",0.01105,0.65,9.34,109,2.10808025177026,9.51376868607396,71,1420.95
"{JUMBO BAG PINK POLKADOT,JUMBO BAG WOODLAND ANIMALS,JUMBO SHOPPER VINTAGE RED PAISLEY} => {JUMBO STORAGE BAG SUKI}","JUMBO STORAGE BAG SUKI",0.01073,0.772,11.91,58,2.7507347972973,11.4966216216216,45,1416
"{LUNCH BAG RED RETROSPOT,LUNCH BAG SPACEBOY DESIGN,LUNCH BAG WOODLAND} => {LUNCH BAG  BLACK SKULL.}","LUNCH BAG  BLACK SKULL.",0.01062,0.636,9.14,111,2.10808025177026,9.51376868607396,71,1415.86
"{REGENCY TEA PLATE ROSES,ROSES REGENCY TEACUP AND SAUCER} => {REGENCY TEA PLATE GREEN}","REGENCY TEA PLATE GREEN",0.01133,0.753,36.2,68,2.13326315789474,12.9184210526316,51,1411.1
"{LUNCH BAG RED RETROSPOT,LUNCH BAG SUKI DESIGN,LUNCH BAG WOODLAND} => {LUNCH BAG PINK POLKADOT}","LUNCH BAG PINK POLKADOT",0.01078,0.633,10.63,114,2.03613406795225,9.59504132231405,72,1409.81
"{CHARLOTTE BAG PINK POLKADOT,RED RETROSPOT CHARLOTTE BAG,WOODLAND CHARLOTTE BAG} => {CHARLOTTE BAG SUKI DESIGN}","CHARLOTTE BAG SUKI DESIGN",0.01374,0.772,16.06,74,1.20502844141069,20.4732650739477,57,1409.4
"{PINK REGENCY TEACUP AND SAUCER,ROSES REGENCY TEACUP AND SAUCER} => {GREEN REGENCY TEACUP AND SAUCER}","GREEN REGENCY TEACUP AND SAUCER",0.02961,0.905,16.32,57,3.84362290227048,7.106614017769,52,1409.05
"{PACK OF 60 SPACEBOY CAKE CASES} => {60 CAKE CASES DOLLY GIRL DESIGN}","60 CAKE CASES DOLLY GIRL DESIGN",0.01056,0.371,15.56,327,0.676605504587156,17.1284403669725,121,1405.97
"{PACK OF 72 RETROSPOT CAKE CASES,PACK OF 72 SKULL CAKE CASES} => {60 TEATIME FAIRY CAKE CASES}","60 TEATIME FAIRY CAKE CASES",0.01023,0.501,11.06,186,0.690531400966184,21.7596618357488,93,1400.19
"{LUNCH BAG RED RETROSPOT,LUNCH BAG SPACEBOY DESIGN,LUNCH BAG WOODLAND} => {LUNCH BAG PINK POLKADOT}","LUNCH BAG PINK POLKADOT",0.0104,0.623,10.45,115,2.03613406795225,9.59504132231405,72,1399.71
"{SCANDINAVIAN PAISLEY PICNIC BAG} => {PINK VINTAGE PAISLEY PICNIC BAG}","PINK VINTAGE PAISLEY PICNIC BAG",0.01532,0.629,28.11,165,2.07699266503667,6.4841075794621,104,1397.72
"{LUNCH BAG  BLACK SKULL.,LUNCH BAG VINTAGE LEAF DESIGN} => {LUNCH BAG SUKI DESIGN}","LUNCH BAG SUKI DESIGN",0.01045,0.652,9.28,102,2.16708495713172,9.69134840218238,67,1396.72
"{LUNCH BAG PINK POLKADOT,LUNCH BAG RED RETROSPOT,LUNCH BAG SPACEBOY DESIGN} => {LUNCH BAG WOODLAND}","LUNCH BAG WOODLAND",0.0104,0.653,11.77,101,2.18364891518738,9.68145956607495,66,1394.31
"{GREEN REGENCY TEACUP AND SAUCER,JAM MAKING SET PRINTED} => {ROSES REGENCY TEACUP AND SAUCER}","ROSES REGENCY TEACUP AND SAUCER",0.01105,0.792,13.63,53,3.66992467043314,9.04331450094162,42,1393.11
"{LUNCH BAG  BLACK SKULL.,LUNCH BAG CARS BLUE,LUNCH BAG RED RETROSPOT} => {LUNCH BAG SUKI DESIGN}","LUNCH BAG SUKI DESIGN",0.01259,0.712,10.14,93,2.16708495713172,9.69134840218238,66,1390.67
"{LUNCH BAG CARS BLUE,LUNCH BAG SPACEBOY DESIGN,LUNCH BAG WOODLAND} => {LUNCH BAG RED RETROSPOT}","LUNCH BAG RED RETROSPOT",0.01029,0.72,8.42,73,2.13269181585678,12.3925831202046,53,1389.14
"{LUNCH BAG CARS BLUE,LUNCH BAG PINK POLKADOT,LUNCH BAG RED RETROSPOT} => {LUNCH BAG SPACEBOY DESIGN}","LUNCH BAG SPACEBOY DESIGN",0.01051,0.596,9.42,130,2.00968885047537,8.90060501296456,77,1385.92
"{JUMBO BAG APPLES,JUMBO BAG PINK POLKADOT,JUMBO STORAGE BAG SUKI} => {JUMBO BAG RED RETROSPOT}","JUMBO BAG RED RETROSPOT",0.01001,0.863,7.61,29,2.49391702846117,22.1968162083936,25,1385.42
"{PACK OF 72 RETROSPOT CAKE CASES,RED RETROSPOT CHARLOTTE BAG} => {WOODLAND CHARLOTTE BAG}","WOODLAND CHARLOTTE BAG",0.0116,0.662,14.55,108,1.21432692307692,15.9435096153846,71,1384.21
"{LUNCH BAG CARS BLUE,STRAWBERRY CHARLOTTE BAG} => {CHARLOTTE BAG SUKI DESIGN}","CHARLOTTE BAG SUKI DESIGN",0.01023,0.7,14.56,80,1.20502844141069,20.4732650739477,56,1381.57
"{LUNCH BAG PINK POLKADOT,LUNCH BAG RED RETROSPOT,LUNCH BAG SPACEBOY DESIGN} => {LUNCH BAG CARS BLUE}","LUNCH BAG CARS BLUE",0.01051,0.66,10.49,99,2.06529155787641,10.2254134029591,65,1379.88
"{SET OF 6 TEA TIME BAKING CASES} => {SET OF 12 MINI LOAF BAKING CASES}","SET OF 12 MINI LOAF BAKING CASES",0.01259,0.61,25.11,147,1.11556306306306,13.7927927927928,90,1379.73
"{LUNCH BAG  BLACK SKULL.,LUNCH BAG CARS BLUE,LUNCH BAG RED RETROSPOT} => {LUNCH BAG SPACEBOY DESIGN}","LUNCH BAG SPACEBOY DESIGN",0.01073,0.607,9.58,127,2.00968885047537,8.90060501296456,77,1378.93
"{CHARLOTTE BAG PINK POLKADOT,LUNCH BAG RED RETROSPOT} => {WOODLAND CHARLOTTE BAG}","WOODLAND CHARLOTTE BAG",0.01034,0.624,13.7,114,1.21432692307692,15.9435096153846,71,1377.24
"{ALARM CLOCK BAKELIKE CHOCOLATE,ALARM CLOCK BAKELIKE GREEN} => {ALARM CLOCK BAKELIKE RED}","ALARM CLOCK BAKELIKE RED",0.01231,0.812,14.14,52,4.40365714285714,7.39809523809524,42,1375.6
"{LUNCH BAG  BLACK SKULL.,LUNCH BAG PINK POLKADOT,LUNCH BAG SUKI DESIGN} => {LUNCH BAG RED RETROSPOT}","LUNCH BAG RED RETROSPOT",0.01209,0.765,8.93,68,2.13269181585678,12.3925831202046,52,1374.87
"{PACK OF 72 RETROSPOT CAKE CASES,WOODLAND CHARLOTTE BAG} => {CHARLOTTE BAG SUKI DESIGN}","CHARLOTTE BAG SUKI DESIGN",0.011,0.723,15.03,77,1.20502844141069,20.4732650739477,56,1373.45
"{LUNCH BAG CARS BLUE,LUNCH BAG PINK POLKADOT,LUNCH BAG SPACEBOY DESIGN} => {LUNCH BAG RED RETROSPOT}","LUNCH BAG RED RETROSPOT",0.01051,0.73,8.53,71,2.13269181585678,12.3925831202046,52,1369.84
"{CHARLOTTE BAG SUKI DESIGN,LUNCH BAG RED RETROSPOT} => {STRAWBERRY CHARLOTTE BAG}","STRAWBERRY CHARLOTTE BAG",0.011,0.583,14.75,144,1.20416897506925,13.5470914127424,84,1369.51
"{LUNCH BAG DOLLY GIRL DESIGN,LUNCH BAG SUKI DESIGN} => {LUNCH BAG SPACEBOY DESIGN}","LUNCH BAG SPACEBOY DESIGN",0.01209,0.654,10.33,117,2.00968885047537,8.90060501296456,77,1368.71
"{CHILDRENS CUTLERY DOLLY GIRL} => {CHILDRENS CUTLERY SPACEBOY}","CHILDRENS CUTLERY SPACEBOY",0.01248,0.765,37.99,70,4.46646739130435,5.69836956521739,54,1362.93
"{LUNCH BAG ALPHABET DESIGN,LUNCH BAG SUKI DESIGN} => {LUNCH BAG SPACEBOY DESIGN}","LUNCH BAG SPACEBOY DESIGN",0.01067,0.609,9.62,125,2.00968885047537,8.90060501296456,76,1361.68
"{GREEN REGENCY TEACUP AND SAUCER,JAM MAKING SET WITH JARS} => {ROSES REGENCY TEACUP AND SAUCER}","ROSES REGENCY TEACUP AND SAUCER",0.01144,0.804,13.83,51,3.66992467043314,9.04331450094162,41,1360.85
"{LUNCH BAG CARS BLUE,LUNCH BAG PINK POLKADOT,LUNCH BAG RED RETROSPOT} => {LUNCH BAG  BLACK SKULL.}","LUNCH BAG  BLACK SKULL.",0.01231,0.699,10.05,97,2.10808025177026,9.51376868607396,68,1359.84
"{LUNCH BAG SUKI DESIGN,LUNCH BAG VINTAGE LEAF DESIGN} => {LUNCH BAG  BLACK SKULL.}","LUNCH BAG  BLACK SKULL.",0.01045,0.645,9.28,105,2.10808025177026,9.51376868607396,68,1358.28
"{LUNCH BAG CARS BLUE,WOODLAND CHARLOTTE BAG} => {CHARLOTTE BAG SUKI DESIGN}","CHARLOTTE BAG SUKI DESIGN",0.01012,0.703,14.62,78,1.20502844141069,20.4732650739477,55,1352.8
"{LUNCH BAG CARS BLUE,RED RETROSPOT CHARLOTTE BAG} => {WOODLAND CHARLOTTE BAG}","WOODLAND CHARLOTTE BAG",0.01078,0.646,14.19,108,1.21432692307692,15.9435096153846,70,1350.75
"{CHARLOTTE BAG SUKI DESIGN,LUNCH BAG RED RETROSPOT} => {CHARLOTTE BAG PINK POLKADOT}","CHARLOTTE BAG PINK POLKADOT",0.01095,0.58,14.28,145,1.22587601078167,13.0619946091644,84,1346.64
"{LUNCH BAG  BLACK SKULL.,LUNCH BAG PINK POLKADOT,LUNCH BAG SUKI DESIGN} => {LUNCH BAG CARS BLUE}","LUNCH BAG CARS BLUE",0.01062,0.671,10.68,95,2.06529155787641,10.2254134029591,64,1346.2
"{CHARLOTTE BAG SUKI DESIGN,LUNCH BAG  BLACK SKULL.} => {WOODLAND CHARLOTTE BAG}","WOODLAND CHARLOTTE BAG",0.01084,0.649,14.26,107,1.21432692307692,15.9435096153846,69,1344.46
"{LUNCH BAG  BLACK SKULL.,LUNCH BAG SUKI DESIGN,LUNCH BAG WOODLAND} => {LUNCH BAG RED RETROSPOT}","LUNCH BAG RED RETROSPOT",0.01105,0.748,8.74,68,2.13269181585678,12.3925831202046,51,1344.31
"{LUNCH BAG SUKI DESIGN,WOODLAND CHARLOTTE BAG} => {CHARLOTTE BAG SUKI DESIGN}","CHARLOTTE BAG SUKI DESIGN",0.01089,0.726,15.1,75,1.20502844141069,20.4732650739477,54,1343.33
"{LUNCH BAG CARS BLUE,LUNCH BAG SPACEBOY DESIGN,LUNCH BAG SUKI DESIGN} => {LUNCH BAG  BLACK SKULL.}","LUNCH BAG  BLACK SKULL.",0.01089,0.663,9.54,101,2.10808025177026,9.51376868607396,67,1343
"{JUMBO BAG TOYS,JUMBO SHOPPER VINTAGE RED PAISLEY} => {JUMBO STORAGE BAG SUKI}","JUMBO STORAGE BAG SUKI",0.01166,0.801,12.36,53,2.7507347972973,11.4966216216216,42,1342.54
"{LUNCH BAG RED RETROSPOT,STRAWBERRY CHARLOTTE BAG} => {WOODLAND CHARLOTTE BAG}","WOODLAND CHARLOTTE BAG",0.01056,0.641,14.08,108,1.21432692307692,15.9435096153846,69,1340.3
"{REGENCY TEA PLATE GREEN,REGENCY TEA PLATE ROSES} => {REGENCY TEA PLATE PINK}","REGENCY TEA PLATE PINK",0.01396,0.799,47.89,64,2.06783606557377,12.6590163934426,51,1338.58
"{60 CAKE CASES DOLLY GIRL DESIGN} => {PACK OF 60 SPACEBOY CAKE CASES}","PACK OF 60 SPACEBOY CAKE CASES",0.01056,0.443,15.56,243,0.770326923076923,16.1211538461538,108,1336.85
"{LUNCH BAG  BLACK SKULL.,LUNCH BAG CARS BLUE,LUNCH BAG RED RETROSPOT} => {LUNCH BAG PINK POLKADOT}","LUNCH BAG PINK POLKADOT",0.01231,0.697,11.69,98,2.03613406795225,9.59504132231405,68,1334.48
"{CHARLOTTE BAG SUKI DESIGN,LUNCH BAG SUKI DESIGN} => {STRAWBERRY CHARLOTTE BAG}","STRAWBERRY CHARLOTTE BAG",0.01045,0.572,14.47,143,1.20416897506925,13.5470914127424,82,1334.34
"{BLUE POLKADOT BOWL} => {PINK POLKADOT BOWL}","PINK POLKADOT BOWL",0.01138,0.646,35.45,114,1.64498498498498,10.993993993994,74,1331.85
"{JUMBO BAG APPLES,LUNCH BAG VINTAGE DOILY} => {LUNCH BAG APPLE DESIGN}","LUNCH BAG APPLE DESIGN",0.01012,0.698,12.33,80,2.04046376811594,11.6772946859903,56,1330.51
"{LUNCH BAG  BLACK SKULL.,LUNCH BAG SPACEBOY DESIGN,LUNCH BAG WOODLAND} => {LUNCH BAG RED RETROSPOT}","LUNCH BAG RED RETROSPOT",0.01062,0.74,8.65,68,2.13269181585678,12.3925831202046,50,1329.94
"{SET OF 6 TEA TIME BAKING CASES} => {SET OF 12 FAIRY CAKE BAKING CASES}","SET OF 12 FAIRY CAKE BAKING CASES",0.01417,0.687,22.82,118,1.06689090909091,15.3254545454545,81,1325.48
"{JUMBO BAG PINK POLKADOT,JUMBO BAG SCANDINAVIAN BLUE PAISLEY,JUMBO SHOPPER VINTAGE RED PAISLEY} => {JUMBO BAG RED RETROSPOT}","JUMBO BAG RED RETROSPOT",0.01149,0.886,7.81,27,2.49391702846117,22.1968162083936,24,1324.25
"{LUNCH BAG  BLACK SKULL.,RED RETROSPOT CHARLOTTE BAG} => {STRAWBERRY CHARLOTTE BAG}","STRAWBERRY CHARLOTTE BAG",0.01231,0.639,16.18,127,1.20416897506925,13.5470914127424,81,1323.85
"{LUNCH BAG  BLACK SKULL.,LUNCH BAG PINK POLKADOT,LUNCH BAG SPACEBOY DESIGN} => {LUNCH BAG RED RETROSPOT}","LUNCH BAG RED RETROSPOT",0.01084,0.747,8.73,67,2.13269181585678,12.3925831202046,50,1322.77
"{JUMBO BAG PINK POLKADOT,JUMBO BAG SCANDINAVIAN BLUE PAISLEY,JUMBO STORAGE BAG SUKI} => {JUMBO BAG RED RETROSPOT}","JUMBO BAG RED RETROSPOT",0.01089,0.881,7.76,27,2.49391702846117,22.1968162083936,24,1316.78
"{SET/6 RED SPOTTY PAPER CUPS} => {SET/20 RED RETROSPOT PAPER NAPKINS}","SET/20 RED RETROSPOT PAPER NAPKINS",0.0162,0.695,12.92,130,1.09822990844354,13.2665310274669,90,1316.37
"{CHARLOTTE BAG SUKI DESIGN,LUNCH BAG SUKI DESIGN} => {CHARLOTTE BAG PINK POLKADOT}","CHARLOTTE BAG PINK POLKADOT",0.01034,0.566,13.94,145,1.22587601078167,13.0619946091644,82,1314.14
"{RED RETROSPOT CHARLOTTE BAG,STRAWBERRY CHARLOTTE BAG,WOODLAND CHARLOTTE BAG} => {CHARLOTTE BAG SUKI DESIGN}","CHARLOTTE BAG SUKI DESIGN",0.01423,0.795,16.53,67,1.20502844141069,20.4732650739477,53,1314.09
"{LUNCH BAG  BLACK SKULL.,LUNCH BAG CARS BLUE,LUNCH BAG SUKI DESIGN} => {LUNCH BAG SPACEBOY DESIGN}","LUNCH BAG SPACEBOY DESIGN",0.01089,0.632,9.98,116,2.00968885047537,8.90060501296456,73,1311.36
"{LUNCH BAG CARS BLUE,LUNCH BAG RED RETROSPOT,LUNCH BAG SPACEBOY DESIGN} => {LUNCH BAG  BLACK SKULL.}","LUNCH BAG  BLACK SKULL.",0.01073,0.667,9.58,98,2.10808025177026,9.51376868607396,65,1310.97
"{LUNCH BAG ALPHABET DESIGN,LUNCH BAG CARS BLUE} => {LUNCH BAG SUKI DESIGN}","LUNCH BAG SUKI DESIGN",0.01034,0.67,9.55,93,2.16708495713172,9.69134840218238,62,1308.63
"{LUNCH BAG SPACEBOY DESIGN,RED RETROSPOT CHARLOTTE BAG} => {LUNCH BAG  BLACK SKULL.}","LUNCH BAG  BLACK SKULL.",0.01045,0.659,9.47,99,2.10808025177026,9.51376868607396,65,1308.46
"{LUNCH BAG CARS BLUE,LUNCH BAG RED RETROSPOT,LUNCH BAG SPACEBOY DESIGN} => {LUNCH BAG PINK POLKADOT}","LUNCH BAG PINK POLKADOT",0.01051,0.653,10.96,102,2.03613406795225,9.59504132231405,67,1301.27
"{LUNCH BAG  BLACK SKULL.,RED RETROSPOT CHARLOTTE BAG} => {CHARLOTTE BAG PINK POLKADOT}","CHARLOTTE BAG PINK POLKADOT",0.01231,0.639,15.74,127,1.22587601078167,13.0619946091644,81,1299.45
"{LUNCH BAG DOLLY GIRL DESIGN,LUNCH BAG PINK POLKADOT} => {LUNCH BAG RED RETROSPOT}","LUNCH BAG RED RETROSPOT",0.01095,0.755,8.82,65,2.13269181585678,12.3925831202046,49,1297.03
"{LUNCH BAG  BLACK SKULL.,LUNCH BAG ALPHABET DESIGN} => {LUNCH BAG SPACEBOY DESIGN}","LUNCH BAG SPACEBOY DESIGN",0.01001,0.604,9.54,120,2.00968885047537,8.90060501296456,72,1296.48
"{LUNCH BAG RED RETROSPOT,LUNCH BAG SUKI DESIGN,LUNCH BAG WOODLAND} => {LUNCH BAG SPACEBOY DESIGN}","LUNCH BAG SPACEBOY DESIGN",0.01073,0.63,9.95,115,2.00968885047537,8.90060501296456,72,1295.95
"{ROLL WRAP 50'S CHRISTMAS} => {ROLL WRAP VINTAGE CHRISTMAS}","ROLL WRAP VINTAGE CHRISTMAS",0.01045,0.54,29.26,163,1.54786350148368,9.49554896142433,88,1293.7
"{LUNCH BAG  BLACK SKULL.,LUNCH BAG RED RETROSPOT,LUNCH BAG WOODLAND} => {LUNCH BAG PINK POLKADOT}","LUNCH BAG PINK POLKADOT",0.01012,0.642,10.78,103,2.03613406795225,9.59504132231405,66,1291.89
"{FELTCRAFT PRINCESS OLIVIA DOLL} => {FELTCRAFT PRINCESS LOLA DOLL}","FELTCRAFT PRINCESS LOLA DOLL",0.01034,0.652,28.84,101,4.06360774818402,4.82324455205811,66,1290.68
"{LUNCH BAG PINK POLKADOT,LUNCH BAG RED RETROSPOT,LUNCH BAG WOODLAND} => {LUNCH BAG  BLACK SKULL.}","LUNCH BAG  BLACK SKULL.",0.01012,0.654,9.4,98,2.10808025177026,9.51376868607396,64,1285.42
"{SET OF 60 I LOVE LONDON CAKE CASES} => {SET OF 60 PANTRY DESIGN CAKE CASES}","SET OF 60 PANTRY DESIGN CAKE CASES",0.01138,0.511,14.87,199,0.686926751592357,18.375796178344,102,1283.6
"{REGENCY MILK JUG PINK,REGENCY TEAPOT ROSES} => {REGENCY SUGAR BOWL GREEN}","REGENCY SUGAR BOWL GREEN",0.01056,0.854,48.46,33,4.79913043478261,9.46894409937888,28,1280.67
"{CHARLOTTE BAG SUKI DESIGN,STRAWBERRY CHARLOTTE BAG} => {RED RETROSPOT CHARLOTTE BAG}","RED RETROSPOT CHARLOTTE BAG",0.01828,0.805,14.25,81,1.13962209302326,17.1744186046512,65,1276.21
"{LUNCH BAG SPACEBOY DESIGN,LUNCH BAG SUKI DESIGN,LUNCH BAG WOODLAND} => {LUNCH BAG RED RETROSPOT}","LUNCH BAG RED RETROSPOT",0.01073,0.754,8.81,64,2.13269181585678,12.3925831202046,48,1275.38
"{CHARLOTTE BAG PINK POLKADOT,CHARLOTTE BAG SUKI DESIGN} => {RED RETROSPOT CHARLOTTE BAG}","RED RETROSPOT CHARLOTTE BAG",0.018,0.802,14.21,81,1.13962209302326,17.1744186046512,65,1271.46
"{LUNCH BAG PINK POLKADOT,LUNCH BAG RED RETROSPOT,LUNCH BAG SPACEBOY DESIGN} => {LUNCH BAG  BLACK SKULL.}","LUNCH BAG  BLACK SKULL.",0.01084,0.68,9.78,93,2.10808025177026,9.51376868607396,63,1268.33
"{LUNCH BAG  BLACK SKULL.,LUNCH BAG RED RETROSPOT,LUNCH BAG WOODLAND} => {LUNCH BAG SUKI DESIGN}","LUNCH BAG SUKI DESIGN",0.01105,0.701,9.99,86,2.16708495713172,9.69134840218238,60,1266.13
"{CHARLOTTE BAG SUKI DESIGN,LUNCH BAG RED RETROSPOT} => {RED RETROSPOT CHARLOTTE BAG}","RED RETROSPOT CHARLOTTE BAG",0.01417,0.751,13.29,86,1.13962209302326,17.1744186046512,65,1264.1
"{ROSES REGENCY TEACUP AND SAUCER,WHITE HANGING HEART T-LIGHT HOLDER} => {GREEN REGENCY TEACUP AND SAUCER}","GREEN REGENCY TEACUP AND SAUCER",0.011,0.77,13.89,60,3.84362290227048,7.106614017769,46,1261.96
"{LUNCH BAG  BLACK SKULL.,LUNCH BAG CARS BLUE,LUNCH BAG SPACEBOY DESIGN} => {LUNCH BAG SUKI DESIGN}","LUNCH BAG SUKI DESIGN",0.01089,0.698,9.94,86,2.16708495713172,9.69134840218238,60,1260.71
"{CHARLOTTE BAG PINK POLKADOT,PACK OF 72 RETROSPOT CAKE CASES} => {CHARLOTTE BAG SUKI DESIGN}","CHARLOTTE BAG SUKI DESIGN",0.01029,0.729,15.15,70,1.20502844141069,20.4732650739477,51,1258.95
"{SET OF 6 TEA TIME BAKING CASES} => {SET OF 6 SNACK LOAF BAKING CASES}","SET OF 6 SNACK LOAF BAKING CASES",0.01133,0.549,28.34,170,1.09271186440678,12.3276836158192,93,1257.21
"{LUNCH BAG PINK POLKADOT,LUNCH BAG RED RETROSPOT,LUNCH BAG WOODLAND} => {LUNCH BAG SUKI DESIGN}","LUNCH BAG SUKI DESIGN",0.01078,0.696,9.91,86,2.16708495713172,9.69134840218238,60,1257.09
"{JUMBO BAG RED RETROSPOT,ROSES REGENCY TEACUP AND SAUCER} => {GREEN REGENCY TEACUP AND SAUCER}","GREEN REGENCY TEACUP AND SAUCER",0.01073,0.766,13.81,60,3.84362290227048,7.106614017769,46,1255.4
"{LUNCH BAG SUKI DESIGN,RED RETROSPOT CHARLOTTE BAG} => {STRAWBERRY CHARLOTTE BAG}","STRAWBERRY CHARLOTTE BAG",0.01051,0.6,15.19,128,1.20416897506925,13.5470914127424,77,1252.84
"{LUNCH BAG CARS BLUE,LUNCH BAG RED RETROSPOT,LUNCH BAG SPACEBOY DESIGN} => {LUNCH BAG SUKI DESIGN}","LUNCH BAG SUKI DESIGN",0.01155,0.718,10.22,83,2.16708495713172,9.69134840218238,60,1251.59
"{LUNCH BAG APPLE DESIGN,LUNCH BAG RED RETROSPOT,LUNCH BAG SUKI DESIGN} => {LUNCH BAG  BLACK SKULL.}","LUNCH BAG  BLACK SKULL.",0.01034,0.67,9.64,93,2.10808025177026,9.51376868607396,62,1249.68
"{JUMBO BAG VINTAGE DOILY,LUNCH BAG  BLACK SKULL.} => {LUNCH BAG VINTAGE DOILY}","LUNCH BAG VINTAGE DOILY",0.01012,0.69,11.51,83,1.82762773722628,11.9306569343066,57,1248.76
"{ROLL WRAP VINTAGE CHRISTMAS} => {ROLL WRAP 50'S CHRISTMAS}","ROLL WRAP 50'S CHRISTMAS",0.01045,0.567,29.26,146,1.51324858757062,9.95762711864407,83,1247.39
"{STRAWBERRY CHARLOTTE BAG,WOODLAND CHARLOTTE BAG} => {RED RETROSPOT CHARLOTTE BAG}","RED RETROSPOT CHARLOTTE BAG",0.0179,0.805,14.26,79,1.13962209302326,17.1744186046512,64,1244.7
"{LUNCH BAG CARS BLUE,LUNCH BAG SUKI DESIGN,LUNCH BAG WOODLAND} => {LUNCH BAG RED RETROSPOT}","LUNCH BAG RED RETROSPOT",0.01067,0.759,8.86,62,2.13269181585678,12.3925831202046,47,1243.72
"{GREEN REGENCY TEACUP AND SAUCER,REGENCY TEA PLATE GREEN} => {PINK REGENCY TEACUP AND SAUCER}","PINK REGENCY TEACUP AND SAUCER",0.01007,0.757,18.21,59,3.71778947368421,7.46315789473684,45,1239.24
"{REGENCY SUGAR BOWL GREEN,REGENCY TEAPOT ROSES} => {REGENCY MILK JUG PINK}","REGENCY MILK JUG PINK",0.01056,0.828,46.01,40,3.88261398176292,9.58662613981763,33,1232.77
"{LUNCH BAG  BLACK SKULL.,LUNCH BAG DOLLY GIRL DESIGN} => {LUNCH BAG SPACEBOY DESIGN}","LUNCH BAG SPACEBOY DESIGN",0.01078,0.652,10.3,105,2.00968885047537,8.90060501296456,68,1224.57
"{GREEN REGENCY TEACUP AND SAUCER,PINK REGENCY TEACUP AND SAUCER,REGENCY CAKESTAND 3 TIER} => {ROSES REGENCY TEACUP AND SAUCER}","ROSES REGENCY TEACUP AND SAUCER",0.01647,0.878,15.1,42,3.66992467043314,9.04331450094162,37,1223.85
"{LUNCH BAG CARS BLUE,LUNCH BAG RED RETROSPOT,LUNCH BAG WOODLAND} => {LUNCH BAG SUKI DESIGN}","LUNCH BAG SUKI DESIGN",0.01067,0.701,9.99,83,2.16708495713172,9.69134840218238,58,1221.96
"{CHARLOTTE BAG APPLES DESIGN,CHARLOTTE BAG SUKI DESIGN} => {WOODLAND CHARLOTTE BAG}","WOODLAND CHARLOTTE BAG",0.01149,0.7,15.37,90,1.21432692307692,15.9435096153846,63,1219.72
"{CHARLOTTE BAG APPLES DESIGN,RED RETROSPOT CHARLOTTE BAG} => {STRAWBERRY CHARLOTTE BAG}","STRAWBERRY CHARLOTTE BAG",0.01171,0.65,16.46,115,1.20416897506925,13.5470914127424,75,1219.4
"{LUNCH BAG SUKI DESIGN,LUNCH BAG VINTAGE LEAF DESIGN} => {LUNCH BAG SPACEBOY DESIGN}","LUNCH BAG SPACEBOY DESIGN",0.0104,0.642,10.14,106,2.00968885047537,8.90060501296456,68,1217.28
"{SET OF 6 SNACK LOAF BAKING CASES} => {SET OF 12 MINI LOAF BAKING CASES}","SET OF 12 MINI LOAF BAKING CASES",0.01286,0.664,27.32,119,1.11556306306306,13.7927927927928,79,1215.8
"{LUNCH BAG  BLACK SKULL.,LUNCH BAG PINK POLKADOT,LUNCH BAG WOODLAND} => {LUNCH BAG RED RETROSPOT}","LUNCH BAG RED RETROSPOT",0.01012,0.752,8.79,61,2.13269181585678,12.3925831202046,46,1212.38
"{LUNCH BAG  BLACK SKULL.,LUNCH BAG APPLE DESIGN,LUNCH BAG RED RETROSPOT} => {LUNCH BAG SUKI DESIGN}","LUNCH BAG SUKI DESIGN",0.01034,0.695,9.9,83,2.16708495713172,9.69134840218238,58,1211.5
"{PACK OF 72 RETROSPOT CAKE CASES,RED RETROSPOT CHARLOTTE BAG} => {STRAWBERRY CHARLOTTE BAG}","STRAWBERRY CHARLOTTE BAG",0.01111,0.634,16.06,117,1.20416897506925,13.5470914127424,74,1210.06
"{SET/20 RED RETROSPOT PAPER NAPKINS,SET/6 RED SPOTTY PAPER PLATES} => {SET/6 RED SPOTTY PAPER CUPS}","SET/6 RED SPOTTY PAPER CUPS",0.0145,0.716,30.72,105,0.966948356807512,16.6267605633803,75,1208.69
"{CHARLOTTE BAG PINK POLKADOT,RED RETROSPOT CHARLOTTE BAG,STRAWBERRY CHARLOTTE BAG} => {WOODLAND CHARLOTTE BAG}","WOODLAND CHARLOTTE BAG",0.01324,0.742,16.3,84,1.21432692307692,15.9435096153846,62,1206.71
"{CHARLOTTE BAG PINK POLKADOT,LUNCH BAG CARS BLUE} => {CHARLOTTE BAG SUKI DESIGN}","CHARLOTTE BAG SUKI DESIGN",0.01018,0.738,15.34,66,1.20502844141069,20.4732650739477,49,1201.67
"{PINK POLKADOT BOWL} => {BLUE POLKADOT BOWL}","BLUE POLKADOT BOWL",0.01138,0.625,35.45,125,1.58906832298137,9.66149068322981,78,1199.44
"{CHARLOTTE BAG APPLES DESIGN,RED RETROSPOT CHARLOTTE BAG} => {CHARLOTTE BAG PINK POLKADOT}","CHARLOTTE BAG PINK POLKADOT",0.01171,0.65,16.02,115,1.22587601078167,13.0619946091644,75,1196.93
"{JUMBO BAG RED RETROSPOT,WOODLAND CHARLOTTE BAG} => {RED RETROSPOT CHARLOTTE BAG}","RED RETROSPOT CHARLOTTE BAG",0.0116,0.711,12.6,86,1.13962209302326,17.1744186046512,61,1196.77
"{CHARLOTTE BAG APPLES DESIGN,STRAWBERRY CHARLOTTE BAG} => {CHARLOTTE BAG SUKI DESIGN}","CHARLOTTE BAG SUKI DESIGN",0.01062,0.752,15.63,64,1.20502844141069,20.4732650739477,48,1187.36
"{LUNCH BAG CARS BLUE,LUNCH BAG PINK POLKADOT,LUNCH BAG SUKI DESIGN} => {LUNCH BAG RED RETROSPOT}","LUNCH BAG RED RETROSPOT",0.01155,0.787,9.2,57,2.13269181585678,12.3925831202046,45,1185.6
"{LUNCH BAG  BLACK SKULL.,STRAWBERRY CHARLOTTE BAG} => {WOODLAND CHARLOTTE BAG}","WOODLAND CHARLOTTE BAG",0.01045,0.68,14.93,90,1.21432692307692,15.9435096153846,61,1184.87
"{LUNCH BAG RED RETROSPOT,WOODLAND CHARLOTTE BAG} => {STRAWBERRY CHARLOTTE BAG}","STRAWBERRY CHARLOTTE BAG",0.01056,0.625,15.81,116,1.20416897506925,13.5470914127424,72,1182.69
"{RED RETROSPOT CUP} => {BLUE POLKADOT CUP}","BLUE POLKADOT CUP",0.01056,0.499,28.04,194,1.11483076923077,10.9569230769231,97,1182.5
"{SET OF 6 SNACK LOAF BAKING CASES} => {SET OF 12 FAIRY CAKE BAKING CASES}","SET OF 12 FAIRY CAKE BAKING CASES",0.01385,0.715,23.74,101,1.06689090909091,15.3254545454545,72,1180.76
"{CHARLOTTE BAG PINK POLKADOT,LUNCH BAG RED RETROSPOT} => {STRAWBERRY CHARLOTTE BAG}","STRAWBERRY CHARLOTTE BAG",0.01012,0.611,15.45,118,1.20416897506925,13.5470914127424,72,1176.13
"{LUNCH BAG RED RETROSPOT,WOODLAND CHARLOTTE BAG} => {CHARLOTTE BAG PINK POLKADOT}","CHARLOTTE BAG PINK POLKADOT",0.01034,0.612,15.06,120,1.22587601078167,13.0619946091644,73,1175.95
"{LUNCH BAG SUKI DESIGN,RED RETROSPOT CHARLOTTE BAG} => {CHARLOTTE BAG PINK POLKADOT}","CHARLOTTE BAG PINK POLKADOT",0.01127,0.644,15.85,114,1.22587601078167,13.0619946091644,73,1175.57
"{GREEN REGENCY TEACUP AND SAUCER,REGENCY TEA PLATE GREEN} => {ROSES REGENCY TEACUP AND SAUCER}","ROSES REGENCY TEACUP AND SAUCER",0.01095,0.823,14.16,43,3.66992467043314,9.04331450094162,35,1174.5
"{TRAVEL CARD WALLET VINTAGE TICKET} => {TRAVEL CARD WALLET KEEP CALM}","TRAVEL CARD WALLET KEEP CALM",0.0116,0.52,17.78,196,0.497116104868914,23.1217228464419,102,1171.49
"{PINK REGENCY TEACUP AND SAUCER,REGENCY CAKESTAND 3 TIER} => {GREEN REGENCY TEACUP AND SAUCER}","GREEN REGENCY TEACUP AND SAUCER",0.01877,0.875,15.78,49,3.84362290227048,7.106614017769,43,1171.14
"{CHARLOTTE BAG SUKI DESIGN,LUNCH BAG  BLACK SKULL.} => {CHARLOTTE BAG PINK POLKADOT}","CHARLOTTE BAG PINK POLKADOT",0.01007,0.603,14.86,121,1.22587601078167,13.0619946091644,73,1168.31
"{CHARLOTTE BAG PINK POLKADOT,LUNCH BAG SUKI DESIGN} => {CHARLOTTE BAG SUKI DESIGN}","CHARLOTTE BAG SUKI DESIGN",0.01034,0.75,15.59,63,1.20502844141069,20.4732650739477,47,1165.7
"{POPPY'S PLAYHOUSE KITCHEN} => {POPPY'S PLAYHOUSE LIVINGROOM}","POPPY'S PLAYHOUSE LIVINGROOM",0.01434,0.601,33.48,174,2.51646341463415,4.40548780487805,105,1159.33
"{SET OF 60 VINTAGE LEAF CAKE CASES} => {SET OF 60 PANTRY DESIGN CAKE CASES}","SET OF 60 PANTRY DESIGN CAKE CASES",0.01242,0.596,17.34,154,0.686926751592357,18.375796178344,92,1158.57
"{CHARLOTTE BAG SUKI DESIGN,LUNCH BAG  BLACK SKULL.} => {RED RETROSPOT CHARLOTTE BAG}","RED RETROSPOT CHARLOTTE BAG",0.01231,0.738,13.06,80,1.13962209302326,17.1744186046512,59,1155.55
"{BATHROOM METAL SIGN} => {TOILET METAL SIGN}","TOILET METAL SIGN",0.01603,0.435,19.64,380,0.729234567901235,9.58024691358025,165,1154.83
"{CHARLOTTE BAG PINK POLKADOT,CHARLOTTE BAG SUKI DESIGN,RED RETROSPOT CHARLOTTE BAG} => {WOODLAND CHARLOTTE BAG}","WOODLAND CHARLOTTE BAG",0.01374,0.763,16.76,78,1.21432692307692,15.9435096153846,60,1152.23
"{LUNCH BAG RED RETROSPOT,WOODLAND CHARLOTTE BAG} => {RED RETROSPOT CHARLOTTE BAG}","RED RETROSPOT CHARLOTTE BAG",0.01259,0.744,13.18,79,1.13962209302326,17.1744186046512,59,1150.38
"{CHARLOTTE BAG SUKI DESIGN,LUNCH BAG  BLACK SKULL.} => {STRAWBERRY CHARLOTTE BAG}","STRAWBERRY CHARLOTTE BAG",0.01067,0.639,16.18,110,1.20416897506925,13.5470914127424,70,1146.64
"{CHARLOTTE BAG SUKI DESIGN,LUNCH BAG CARS BLUE} => {WOODLAND CHARLOTTE BAG}","WOODLAND CHARLOTTE BAG",0.01012,0.68,14.94,87,1.21432692307692,15.9435096153846,59,1145.38
"{LUNCH BAG RED RETROSPOT,STRAWBERRY CHARLOTTE BAG} => {CHARLOTTE BAG PINK POLKADOT}","CHARLOTTE BAG PINK POLKADOT",0.01012,0.615,15.14,116,1.22587601078167,13.0619946091644,71,1142.32
"{LUNCH BAG SUKI DESIGN,STRAWBERRY CHARLOTTE BAG} => {CHARLOTTE BAG SUKI DESIGN}","CHARLOTTE BAG SUKI DESIGN",0.01045,0.758,15.76,61,1.20502844141069,20.4732650739477,46,1140.73
"{LUNCH BAG  BLACK SKULL.,LUNCH BAG RED RETROSPOT,LUNCH BAG WOODLAND} => {LUNCH BAG SPACEBOY DESIGN}","LUNCH BAG SPACEBOY DESIGN",0.01062,0.674,10.64,94,2.00968885047537,8.90060501296456,63,1133.28
"{CHARLOTTE BAG PINK POLKADOT,WOODLAND CHARLOTTE BAG} => {RED RETROSPOT CHARLOTTE BAG}","RED RETROSPOT CHARLOTTE BAG",0.01779,0.823,14.57,70,1.13962209302326,17.1744186046512,58,1127.56
"{LUNCH BAG WOODLAND,WOODLAND CHARLOTTE BAG} => {RED RETROSPOT CHARLOTTE BAG}","RED RETROSPOT CHARLOTTE BAG",0.01089,0.711,12.58,81,1.13962209302326,17.1744186046512,58,1127.19
"{PACK OF 72 RETROSPOT CAKE CASES,RED RETROSPOT CHARLOTTE BAG} => {CHARLOTTE BAG PINK POLKADOT}","CHARLOTTE BAG PINK POLKADOT",0.01182,0.675,16.62,104,1.22587601078167,13.0619946091644,70,1124.07
"{POPPY'S PLAYHOUSE KITCHEN} => {POPPY'S PLAYHOUSE BATHROOM}","POPPY'S PLAYHOUSE BATHROOM",0.01051,0.44,35.45,244,2.50251101321586,4.17180616740088,107,1120.84
"{CHARLOTTE BAG APPLES DESIGN,CHARLOTTE BAG SUKI DESIGN} => {RED RETROSPOT CHARLOTTE BAG}","RED RETROSPOT CHARLOTTE BAG",0.0122,0.743,13.16,77,1.13962209302326,17.1744186046512,57,1119.75
"{CHARLOTTE BAG APPLES DESIGN,CHARLOTTE BAG SUKI DESIGN} => {STRAWBERRY CHARLOTTE BAG}","STRAWBERRY CHARLOTTE BAG",0.01062,0.647,16.37,106,1.20416897506925,13.5470914127424,69,1118.78
"{LUNCH BAG PINK POLKADOT,LUNCH BAG RED RETROSPOT,LUNCH BAG WOODLAND} => {LUNCH BAG SPACEBOY DESIGN}","LUNCH BAG SPACEBOY DESIGN",0.0104,0.671,10.6,93,2.00968885047537,8.90060501296456,62,1116.23
"{CHARLOTTE BAG PINK POLKADOT,LUNCH BAG  BLACK SKULL.} => {WOODLAND CHARLOTTE BAG}","WOODLAND CHARLOTTE BAG",0.01029,0.694,15.24,83,1.21432692307692,15.9435096153846,58,1115.21
"{CHARLOTTE BAG SUKI DESIGN,RED RETROSPOT CHARLOTTE BAG,STRAWBERRY CHARLOTTE BAG} => {WOODLAND CHARLOTTE BAG}","WOODLAND CHARLOTTE BAG",0.01423,0.778,17.1,74,1.21432692307692,15.9435096153846,58,1114.63
"{PINK VINTAGE PAISLEY PICNIC BAG} => {SCANDINAVIAN PAISLEY PICNIC BAG}","SCANDINAVIAN PAISLEY PICNIC BAG",0.01532,0.685,28.11,129,2.07458426966292,6.06966292134831,88,1112.69
"{POPPY'S PLAYHOUSE BEDROOM} => {POPPY'S PLAYHOUSE LIVINGROOM}","POPPY'S PLAYHOUSE LIVINGROOM",0.01423,0.615,34.24,163,2.51646341463415,4.40548780487805,100,1111.34
"{LUNCH BAG SPACEBOY DESIGN,LUNCH BAG VINTAGE LEAF DESIGN} => {LUNCH BAG SUKI DESIGN}","LUNCH BAG SUKI DESIGN",0.0104,0.722,10.29,73,2.16708495713172,9.69134840218238,53,1106.93
"{LUNCH BAG CARS BLUE,STRAWBERRY CHARLOTTE BAG} => {WOODLAND CHARLOTTE BAG}","WOODLAND CHARLOTTE BAG",0.01012,0.693,15.22,82,1.21432692307692,15.9435096153846,57,1100.19
"{CHARLOTTE BAG APPLES DESIGN,WOODLAND CHARLOTTE BAG} => {STRAWBERRY CHARLOTTE BAG}","STRAWBERRY CHARLOTTE BAG",0.01007,0.634,16.06,106,1.20416897506925,13.5470914127424,67,1096.3
"{LUNCH BAG CARS BLUE,LUNCH BAG DOLLY GIRL DESIGN} => {LUNCH BAG SPACEBOY DESIGN}","LUNCH BAG SPACEBOY DESIGN",0.01001,0.665,10.51,92,2.00968885047537,8.90060501296456,61,1094.35
"{POPPY'S PLAYHOUSE BEDROOM} => {POPPY'S PLAYHOUSE BATHROOM}","POPPY'S PLAYHOUSE BATHROOM",0.01034,0.447,35.97,234,2.50251101321586,4.17180616740088,105,1092
"{LUNCH BAG CARS BLUE,LUNCH BAG RED RETROSPOT,LUNCH BAG WOODLAND} => {LUNCH BAG SPACEBOY DESIGN}","LUNCH BAG SPACEBOY DESIGN",0.01029,0.676,10.68,90,2.00968885047537,8.90060501296456,61,1088.27
"{LUNCH BAG SPACEBOY DESIGN,RED RETROSPOT CHARLOTTE BAG} => {STRAWBERRY CHARLOTTE BAG}","STRAWBERRY CHARLOTTE BAG",0.01023,0.645,16.32,103,1.20416897506925,13.5470914127424,66,1083.75
"{LUNCH BAG DOLLY GIRL DESIGN,LUNCH BAG WOODLAND} => {LUNCH BAG SPACEBOY DESIGN}","LUNCH BAG SPACEBOY DESIGN",0.01084,0.695,10.97,87,2.00968885047537,8.90060501296456,60,1081.56
"{LUNCH BAG CARS BLUE,RED RETROSPOT CHARLOTTE BAG} => {STRAWBERRY CHARLOTTE BAG}","STRAWBERRY CHARLOTTE BAG",0.01138,0.682,17.26,97,1.20416897506925,13.5470914127424,66,1079.17
"{CHARLOTTE BAG APPLES DESIGN,WOODLAND CHARLOTTE BAG} => {RED RETROSPOT CHARLOTTE BAG}","RED RETROSPOT CHARLOTTE BAG",0.01182,0.745,13.19,74,1.13962209302326,17.1744186046512,55,1079.02
"{LUNCH BAG SUKI DESIGN,WOODLAND CHARLOTTE BAG} => {RED RETROSPOT CHARLOTTE BAG}","RED RETROSPOT CHARLOTTE BAG",0.01084,0.723,12.8,76,1.13962209302326,17.1744186046512,55,1075.46
"{LUNCH BAG CARS BLUE,LUNCH BAG PINK POLKADOT,LUNCH BAG SUKI DESIGN} => {LUNCH BAG  BLACK SKULL.}","LUNCH BAG  BLACK SKULL.",0.01062,0.724,10.41,74,2.10808025177026,9.51376868607396,54,1074.51
"{POPPY'S PLAYHOUSE KITCHEN} => {POPPY'S PLAYHOUSE BEDROOM}","POPPY'S PLAYHOUSE BEDROOM",0.01713,0.718,31.01,123,2.54841607565012,4.77304964539007,88,1074.23
"{LUNCH BAG RED RETROSPOT,STRAWBERRY CHARLOTTE BAG} => {RED RETROSPOT CHARLOTTE BAG}","RED RETROSPOT CHARLOTTE BAG",0.01259,0.764,13.53,71,1.13962209302326,17.1744186046512,54,1061.68
"{WOODEN HEART CHRISTMAS SCANDINAVIAN} => {WOODEN TREE CHRISTMAS SCANDINAVIAN}","WOODEN TREE CHRISTMAS SCANDINAVIAN",0.01363,0.463,25.02,289,0.523757396449704,15.008875739645,134,1051.86
"{SET OF 3 WOODEN HEART DECORATIONS} => {SET OF 3 WOODEN SLEIGH DECORATIONS}","SET OF 3 WOODEN SLEIGH DECORATIONS",0.01034,0.425,25.96,256,1.49642140468227,6.44816053511706,109,1049.83
"{LUNCH BAG CARS BLUE,RED RETROSPOT CHARLOTTE BAG} => {CHARLOTTE BAG PINK POLKADOT}","CHARLOTTE BAG PINK POLKADOT",0.01149,0.689,16.96,95,1.22587601078167,13.0619946091644,65,1048.09
"{CHARLOTTE BAG SUKI DESIGN,RED RETROSPOT CHARLOTTE BAG,STRAWBERRY CHARLOTTE BAG} => {CHARLOTTE BAG PINK POLKADOT}","CHARLOTTE BAG PINK POLKADOT",0.01341,0.734,18.06,89,1.22587601078167,13.0619946091644,65,1046.03
"{LUNCH BAG PINK POLKADOT,LUNCH BAG SPACEBOY DESIGN,LUNCH BAG WOODLAND} => {LUNCH BAG RED RETROSPOT}","LUNCH BAG RED RETROSPOT",0.0104,0.795,9.29,49,2.13269181585678,12.3925831202046,39,1029.56
"{LUNCH BAG SPACEBOY DESIGN,RED RETROSPOT CHARLOTTE BAG} => {CHARLOTTE BAG PINK POLKADOT}","CHARLOTTE BAG PINK POLKADOT",0.01062,0.669,16.47,96,1.22587601078167,13.0619946091644,64,1028.38
"{LUNCH BAG  BLACK SKULL.,WOODLAND CHARLOTTE BAG} => {STRAWBERRY CHARLOTTE BAG}","STRAWBERRY CHARLOTTE BAG",0.01045,0.67,16.96,94,1.20416897506925,13.5470914127424,63,1027.39
"{CHARLOTTE BAG SUKI DESIGN,PACK OF 72 RETROSPOT CAKE CASES} => {WOODLAND CHARLOTTE BAG}","WOODLAND CHARLOTTE BAG",0.011,0.736,16.17,72,1.21432692307692,15.9435096153846,53,1025.96
"{LUNCH BAG  BLACK SKULL.,WOODLAND CHARLOTTE BAG} => {CHARLOTTE BAG PINK POLKADOT}","CHARLOTTE BAG PINK POLKADOT",0.01029,0.66,16.24,97,1.22587601078167,13.0619946091644,64,1025.11
"{SET OF 3 WOODEN HEART DECORATIONS} => {SET OF 3 WOODEN STOCKING DECORATION}","SET OF 3 WOODEN STOCKING DECORATION",0.01193,0.49,28.06,227,1.45376175548589,6.32915360501567,111,1023.44
"{SET/6 RED SPOTTY PAPER CUPS} => {SET/6 RED SPOTTY PAPER PLATES}","SET/6 RED SPOTTY PAPER PLATES",0.01915,0.822,28.49,76,0.987324478178368,16.573055028463,62,1022.23
"{CHARLOTTE BAG APPLES DESIGN,STRAWBERRY CHARLOTTE BAG} => {WOODLAND CHARLOTTE BAG}","WOODLAND CHARLOTTE BAG",0.01007,0.713,15.66,74,1.21432692307692,15.9435096153846,53,1021.51
"{CHARLOTTE BAG PINK POLKADOT,CHARLOTTE BAG SUKI DESIGN,RED RETROSPOT CHARLOTTE BAG} => {STRAWBERRY CHARLOTTE BAG}","STRAWBERRY CHARLOTTE BAG",0.01341,0.745,18.85,84,1.20416897506925,13.5470914127424,63,1020.87
"{CHARLOTTE BAG SUKI DESIGN,RED RETROSPOT CHARLOTTE BAG,WOODLAND CHARLOTTE BAG} => {CHARLOTTE BAG PINK POLKADOT}","CHARLOTTE BAG PINK POLKADOT",0.01374,0.747,18.4,85,1.22587601078167,13.0619946091644,63,1016.71
"{REGENCY TEA PLATE PINK} => {REGENCY TEA PLATE ROSES}","REGENCY TEA PLATE ROSES",0.01472,0.882,36.3,36,2.07711711711712,15.4076576576577,32,1016.18
"{CHARLOTTE BAG PINK POLKADOT,RED RETROSPOT CHARLOTTE BAG,WOODLAND CHARLOTTE BAG} => {STRAWBERRY CHARLOTTE BAG}","STRAWBERRY CHARLOTTE BAG",0.01324,0.745,18.85,83,1.20416897506925,13.5470914127424,62,1008.71
"{RED RETROSPOT CHARLOTTE BAG,STRAWBERRY CHARLOTTE BAG,WOODLAND CHARLOTTE BAG} => {CHARLOTTE BAG PINK POLKADOT}","CHARLOTTE BAG PINK POLKADOT",0.01324,0.74,18.23,85,1.22587601078167,13.0619946091644,63,1007.18
"{WOODEN HEART CHRISTMAS SCANDINAVIAN} => {WOODEN STAR CHRISTMAS SCANDINAVIAN}","WOODEN STAR CHRISTMAS SCANDINAVIAN",0.02123,0.721,25.79,150,0.476399217221135,19.4892367906067,108,1004.14
"{VINTAGE PAISLEY STATIONERY SET} => {FLORAL FOLK STATIONERY SET}","FLORAL FOLK STATIONERY SET",0.0122,0.511,21.99,213,2.02847058823529,4.54117647058824,109,1002.62
"{PACK OF 72 RETROSPOT CAKE CASES,WOODLAND CHARLOTTE BAG} => {STRAWBERRY CHARLOTTE BAG}","STRAWBERRY CHARLOTTE BAG",0.01023,0.673,17.02,91,1.20416897506925,13.5470914127424,61,999.06
"{WOODEN STAR CHRISTMAS SCANDINAVIAN} => {WOODEN TREE CHRISTMAS SCANDINAVIAN}","WOODEN TREE CHRISTMAS SCANDINAVIAN",0.01538,0.55,29.73,230,0.523757396449704,15.008875739645,127,994.42
"{LUNCH BAG  BLACK SKULL.,WOODLAND CHARLOTTE BAG} => {RED RETROSPOT CHARLOTTE BAG}","RED RETROSPOT CHARLOTTE BAG",0.01198,0.768,13.61,66,1.13962209302326,17.1744186046512,51,992.08
"{PACK OF 72 RETROSPOT CAKE CASES,WOODLAND CHARLOTTE BAG} => {RED RETROSPOT CHARLOTTE BAG}","RED RETROSPOT CHARLOTTE BAG",0.0116,0.763,13.5,66,1.13962209302326,17.1744186046512,50,985.62
"{POPPY'S PLAYHOUSE BEDROOM} => {POPPY'S PLAYHOUSE KITCHEN}","POPPY'S PLAYHOUSE KITCHEN",0.01713,0.74,31.01,110,2.48428899082569,4.83256880733945,81,977.25
"{VINTAGE PAISLEY STATIONERY SET} => {MODERN FLORAL STATIONERY SET}","MODERN FLORAL STATIONERY SET",0.0104,0.436,21.76,246,2.00153005464481,4.55191256830601,107,977.19
"{SET OF 3 WOODEN HEART DECORATIONS} => {SET OF 3 WOODEN TREE DECORATIONS}","SET OF 3 WOODEN TREE DECORATIONS",0.01155,0.474,29.57,234,1.48494880546075,5.93174061433447,111,976.98
"{CHARLOTTE BAG PINK POLKADOT,LUNCH BAG RED RETROSPOT} => {RED RETROSPOT CHARLOTTE BAG}","RED RETROSPOT CHARLOTTE BAG",0.01313,0.792,14.02,63,1.13962209302326,17.1744186046512,50,976.58
"{SET OF 12 FAIRY CAKE BAKING CASES,SET OF 12 MINI LOAF BAKING CASES} => {SET OF 6 SNACK LOAF BAKING CASES}","SET OF 6 SNACK LOAF BAKING CASES",0.01034,0.618,31.88,117,1.09271186440678,12.3276836158192,72,974.01
"{FLORAL FOLK STATIONERY SET} => {MODERN FLORAL STATIONERY SET}","MODERN FLORAL STATIONERY SET",0.01171,0.504,25.14,211,2.00153005464481,4.55191256830601,106,968.88
"{LUNCH BAG CARS BLUE,WOODLAND CHARLOTTE BAG} => {RED RETROSPOT CHARLOTTE BAG}","RED RETROSPOT CHARLOTTE BAG",0.01078,0.749,13.26,66,1.13962209302326,17.1744186046512,49,967.54
"{CHARLOTTE BAG PINK POLKADOT,JUMBO BAG RED RETROSPOT} => {RED RETROSPOT CHARLOTTE BAG}","RED RETROSPOT CHARLOTTE BAG",0.01182,0.771,13.66,64,1.13962209302326,17.1744186046512,49,965.78
"{CHARLOTTE BAG SUKI DESIGN,RED RETROSPOT CHARLOTTE BAG,WOODLAND CHARLOTTE BAG} => {STRAWBERRY CHARLOTTE BAG}","STRAWBERRY CHARLOTTE BAG",0.01423,0.774,19.58,76,1.20416897506925,13.5470914127424,59,959.6
"{CHARLOTTE BAG SUKI DESIGN,PACK OF 72 RETROSPOT CAKE CASES} => {RED RETROSPOT CHARLOTTE BAG}","RED RETROSPOT CHARLOTTE BAG",0.01144,0.766,13.56,64,1.13962209302326,17.1744186046512,49,959.51
"{JAM MAKING SET WITH JARS,ROSES REGENCY TEACUP AND SAUCER} => {GREEN REGENCY TEACUP AND SAUCER}","GREEN REGENCY TEACUP AND SAUCER",0.01144,0.833,15.02,42,3.84362290227048,7.106614017769,35,955.65
"{PACK OF 72 RETROSPOT CAKE CASES,STRAWBERRY CHARLOTTE BAG} => {WOODLAND CHARLOTTE BAG}","WOODLAND CHARLOTTE BAG",0.01023,0.736,16.17,67,1.21432692307692,15.9435096153846,49,954.71
"{FLORAL FOLK STATIONERY SET} => {VINTAGE PAISLEY STATIONERY SET}","VINTAGE PAISLEY STATIONERY SET",0.0122,0.525,21.99,202,2.07669724770642,4.33256880733945,106,954.18
"{CHARLOTTE BAG SUKI DESIGN,LUNCH BAG CARS BLUE} => {STRAWBERRY CHARLOTTE BAG}","STRAWBERRY CHARLOTTE BAG",0.01023,0.688,17.4,85,1.20416897506925,13.5470914127424,58,953.98
"{60 TEATIME FAIRY CAKE CASES,PACK OF 72 SKULL CAKE CASES} => {PACK OF 72 RETROSPOT CAKE CASES}","PACK OF 72 RETROSPOT CAKE CASES",0.01023,0.751,10.4,62,0.745037878787879,27.4893939393939,47,953.62
"{CHARLOTTE BAG SUKI DESIGN,STRAWBERRY CHARLOTTE BAG,WOODLAND CHARLOTTE BAG} => {CHARLOTTE BAG PINK POLKADOT}","CHARLOTTE BAG PINK POLKADOT",0.01215,0.733,18.04,81,1.22587601078167,13.0619946091644,59,950.7
"{CHARLOTTE BAG SUKI DESIGN,LUNCH BAG CARS BLUE} => {CHARLOTTE BAG PINK POLKADOT}","CHARLOTTE BAG PINK POLKADOT",0.01018,0.684,16.84,86,1.22587601078167,13.0619946091644,59,941.91
"{LUNCH BAG WOODLAND,RED RETROSPOT CHARLOTTE BAG} => {WOODLAND CHARLOTTE BAG}","WOODLAND CHARLOTTE BAG",0.01089,0.757,16.62,64,1.21432692307692,15.9435096153846,48,937.98
"{CHARLOTTE BAG SUKI DESIGN,PACK OF 72 RETROSPOT CAKE CASES} => {CHARLOTTE BAG PINK POLKADOT}","CHARLOTTE BAG PINK POLKADOT",0.01029,0.689,16.96,85,1.22587601078167,13.0619946091644,59,937.77
"{SET/6 RED SPOTTY PAPER CUPS,SET/6 RED SPOTTY PAPER PLATES} => {SET/20 RED RETROSPOT PAPER NAPKINS}","SET/20 RED RETROSPOT PAPER NAPKINS",0.0145,0.757,14.07,85,1.09822990844354,13.2665310274669,64,937.49
"{JUMBO BAG RED RETROSPOT,STRAWBERRY CHARLOTTE BAG} => {RED RETROSPOT CHARLOTTE BAG}","RED RETROSPOT CHARLOTTE BAG",0.01111,0.766,13.56,62,1.13962209302326,17.1744186046512,47,929.53
"{CHARLOTTE BAG SUKI DESIGN,LUNCH BAG CARS BLUE} => {RED RETROSPOT CHARLOTTE BAG}","RED RETROSPOT CHARLOTTE BAG",0.01155,0.776,13.74,61,1.13962209302326,17.1744186046512,47,926.48
"{PACK OF 72 RETROSPOT CAKE CASES,WOODLAND CHARLOTTE BAG} => {CHARLOTTE BAG PINK POLKADOT}","CHARLOTTE BAG PINK POLKADOT",0.01073,0.705,17.36,82,1.22587601078167,13.0619946091644,58,925.68
"{WOODEN STAR CHRISTMAS SCANDINAVIAN} => {WOODEN HEART CHRISTMAS SCANDINAVIAN}","WOODEN HEART CHRISTMAS SCANDINAVIAN",0.02123,0.759,25.79,123,0.503122676579926,19.4275092936803,93,912.51
"{CHARLOTTE BAG PINK POLKADOT,PACK OF 72 RETROSPOT CAKE CASES} => {WOODLAND CHARLOTTE BAG}","WOODLAND CHARLOTTE BAG",0.01073,0.76,16.68,62,1.21432692307692,15.9435096153846,47,912.27
"{LUNCH BAG PINK POLKADOT,RED RETROSPOT CHARLOTTE BAG} => {CHARLOTTE BAG PINK POLKADOT}","CHARLOTTE BAG PINK POLKADOT",0.01067,0.709,17.46,80,1.22587601078167,13.0619946091644,57,908.22
"{LUNCH BAG CARS BLUE,STRAWBERRY CHARLOTTE BAG} => {RED RETROSPOT CHARLOTTE BAG}","RED RETROSPOT CHARLOTTE BAG",0.01138,0.779,13.79,59,1.13962209302326,17.1744186046512,46,899.56
"{LUNCH BAG SUKI DESIGN,STRAWBERRY CHARLOTTE BAG} => {RED RETROSPOT CHARLOTTE BAG}","RED RETROSPOT CHARLOTTE BAG",0.01051,0.762,13.49,60,1.13962209302326,17.1744186046512,46,894.85
"{LUNCH BAG CARS BLUE,WOODLAND CHARLOTTE BAG} => {STRAWBERRY CHARLOTTE BAG}","STRAWBERRY CHARLOTTE BAG",0.01012,0.703,17.8,78,1.20416897506925,13.5470914127424,55,894.51
"{CHARLOTTE BAG PINK POLKADOT,STRAWBERRY CHARLOTTE BAG} => {RED RETROSPOT CHARLOTTE BAG}","RED RETROSPOT CHARLOTTE BAG",0.01784,0.86,15.23,53,1.13962209302326,17.1744186046512,46,892.11
"{SET/10 BLUE POLKADOT PARTY CANDLES} => {SET/10 PINK POLKADOT PARTY CANDLES}","SET/10 PINK POLKADOT PARTY CANDLES",0.01012,0.774,41.12,54,1.37514534883721,15.4476744186047,42,887.86
"{CHARLOTTE BAG SUKI DESIGN,LUNCH BAG WOODLAND} => {WOODLAND CHARLOTTE BAG}","WOODLAND CHARLOTTE BAG",0.01007,0.751,16.49,61,1.21432692307692,15.9435096153846,46,886.93
"{LUNCH BAG PINK POLKADOT,LUNCH BAG SUKI DESIGN,LUNCH BAG WOODLAND} => {LUNCH BAG RED RETROSPOT}","LUNCH BAG RED RETROSPOT",0.01078,0.831,9.71,40,2.13269181585678,12.3925831202046,33,878.52
"{LUNCH BAG  BLACK SKULL.,STRAWBERRY CHARLOTTE BAG} => {RED RETROSPOT CHARLOTTE BAG}","RED RETROSPOT CHARLOTTE BAG",0.01231,0.801,14.18,56,1.13962209302326,17.1744186046512,45,877.94
"{JAM JAR WITH PINK LID} => {JAM JAR WITH GREEN LID}","JAM JAR WITH GREEN LID",0.01248,0.671,39.91,112,1.08436482084691,10.6677524429967,75,869.34
"{CHARLOTTE BAG PINK POLKADOT,CHARLOTTE BAG SUKI DESIGN,WOODLAND CHARLOTTE BAG} => {STRAWBERRY CHARLOTTE BAG}","STRAWBERRY CHARLOTTE BAG",0.01215,0.76,19.24,70,1.20416897506925,13.5470914127424,53,867.85
"{BLUE POLKADOT CUP} => {RED RETROSPOT CUP}","RED RETROSPOT CUP",0.01056,0.594,28.04,132,1.06739018087855,10.2377260981912,78,856.82
"{JAM MAKING SET PRINTED,ROSES REGENCY TEACUP AND SAUCER} => {GREEN REGENCY TEACUP AND SAUCER}","GREEN REGENCY TEACUP AND SAUCER",0.01105,0.845,15.25,37,3.84362290227048,7.106614017769,31,854.01
"{CHARLOTTE BAG PINK POLKADOT,STRAWBERRY CHARLOTTE BAG,WOODLAND CHARLOTTE BAG} => {CHARLOTTE BAG SUKI DESIGN}","CHARLOTTE BAG SUKI DESIGN",0.01215,0.844,17.55,41,1.20502844141069,20.4732650739477,35,853.71
"{CHARLOTTE BAG PINK POLKADOT,LUNCH BAG PINK POLKADOT} => {RED RETROSPOT CHARLOTTE BAG}","RED RETROSPOT CHARLOTTE BAG",0.01067,0.777,13.76,56,1.13962209302326,17.1744186046512,44,851.63
"{CHARLOTTE BAG SUKI DESIGN,LUNCH BAG SPACEBOY DESIGN} => {RED RETROSPOT CHARLOTTE BAG}","RED RETROSPOT CHARLOTTE BAG",0.01045,0.773,13.69,56,1.13962209302326,17.1744186046512,43,847.25
"{SET OF 3 WOODEN SLEIGH DECORATIONS} => {SET OF 3 WOODEN HEART DECORATIONS}","SET OF 3 WOODEN HEART DECORATIONS",0.01034,0.632,25.96,110,1.43,8.45842696629214,70,840.88
"{POPPY'S PLAYHOUSE LIVINGROOM} => {POPPY'S PLAYHOUSE BATHROOM}","POPPY'S PLAYHOUSE BATHROOM",0.01023,0.57,45.89,141,2.50251101321586,4.17180616740088,80,839.06
"{SET OF 3 WOODEN STOCKING DECORATION} => {SET OF 3 WOODEN HEART DECORATIONS}","SET OF 3 WOODEN HEART DECORATIONS",0.01193,0.683,28.06,101,1.43,8.45842696629214,69,834.39
"{MODERN FLORAL STATIONERY SET} => {VINTAGE PAISLEY STATIONERY SET}","VINTAGE PAISLEY STATIONERY SET",0.0104,0.519,21.76,176,2.07669724770642,4.33256880733945,91,821.86
"{BLUE POLKADOT CUP} => {PINK  POLKADOT CUP}","PINK  POLKADOT CUP",0.01138,0.64,38.09,117,1.11817589576547,9.80130293159609,75,820.65
"{PINK  POLKADOT CUP} => {BLUE POLKADOT CUP}","BLUE POLKADOT CUP",0.01138,0.678,38.09,99,1.11483076923077,10.9569230769231,67,819.9
"{MODERN FLORAL STATIONERY SET} => {FLORAL FOLK STATIONERY SET}","FLORAL FOLK STATIONERY SET",0.01171,0.585,25.14,152,2.02847058823529,4.54117647058824,89,819.1
"{PACK OF 72 RETROSPOT CAKE CASES,STRAWBERRY CHARLOTTE BAG} => {RED RETROSPOT CHARLOTTE BAG}","RED RETROSPOT CHARLOTTE BAG",0.01111,0.799,14.15,51,1.13962209302326,17.1744186046512,41,797.55
"{TRAVEL CARD WALLET KEEP CALM} => {TRAVEL CARD WALLET VINTAGE TICKET}","TRAVEL CARD WALLET VINTAGE TICKET",0.0116,0.397,17.78,322,0.530514705882353,11.7279411764706,128,795.36
"{KEY FOB , SHED} => {GARAGE KEY FOB}","GARAGE KEY FOB",0.01095,0.538,35.34,172,0.882877697841727,9.60431654676259,93,784.65
"{CHARLOTTE BAG PINK POLKADOT,CHARLOTTE BAG SUKI DESIGN,STRAWBERRY CHARLOTTE BAG} => {WOODLAND CHARLOTTE BAG}","WOODLAND CHARLOTTE BAG",0.01215,0.819,17.99,49,1.21432692307692,15.9435096153846,40,776.96
"{CHARLOTTE BAG PINK POLKADOT,LUNCH BAG  BLACK SKULL.} => {RED RETROSPOT CHARLOTTE BAG}","RED RETROSPOT CHARLOTTE BAG",0.01231,0.83,14.7,46,1.13962209302326,17.1744186046512,38,747.27
"{PINK REGENCY TEACUP AND SAUCER,REGENCY CAKESTAND 3 TIER,ROSES REGENCY TEACUP AND SAUCER} => {GREEN REGENCY TEACUP AND SAUCER}","GREEN REGENCY TEACUP AND SAUCER",0.01647,0.909,16.4,30,3.84362290227048,7.106614017769,27,744.88
"{BATHROOM METAL SIGN} => {KITCHEN METAL SIGN}","KITCHEN METAL SIGN",0.01204,0.327,19.65,453,0.754539473684211,6.59539473684211,148,737.17
"{SET OF 12 FAIRY CAKE BAKING CASES,SET OF 6 SNACK LOAF BAKING CASES} => {SET OF 12 MINI LOAF BAKING CASES}","SET OF 12 MINI LOAF BAKING CASES",0.01034,0.747,30.74,64,1.11556306306306,13.7927927927928,48,735.61
"{CHARLOTTE BAG PINK POLKADOT,LUNCH BAG SUKI DESIGN} => {RED RETROSPOT CHARLOTTE BAG}","RED RETROSPOT CHARLOTTE BAG",0.01127,0.817,14.47,46,1.13962209302326,17.1744186046512,38,735.57
"{LUNCH BAG SPACEBOY DESIGN,STRAWBERRY CHARLOTTE BAG} => {RED RETROSPOT CHARLOTTE BAG}","RED RETROSPOT CHARLOTTE BAG",0.01023,0.799,14.15,47,1.13962209302326,17.1744186046512,38,735
"{WOODEN HEART CHRISTMAS SCANDINAVIAN,WOODEN STAR CHRISTMAS SCANDINAVIAN} => {WOODEN TREE CHRISTMAS SCANDINAVIAN}","WOODEN TREE CHRISTMAS SCANDINAVIAN",0.01264,0.595,32.19,157,0.523757396449704,15.008875739645,93,734.34
"{CHARLOTTE BAG SUKI DESIGN,STRAWBERRY CHARLOTTE BAG,WOODLAND CHARLOTTE BAG} => {RED RETROSPOT CHARLOTTE BAG}","RED RETROSPOT CHARLOTTE BAG",0.01423,0.858,15.19,43,1.13962209302326,17.1744186046512,37,722.1
"{SET OF 3 WOODEN TREE DECORATIONS} => {SET OF 3 WOODEN HEART DECORATIONS}","SET OF 3 WOODEN HEART DECORATIONS",0.01155,0.72,29.57,82,1.43,8.45842696629214,59,714.12
"{CHARLOTTE BAG APPLES DESIGN,STRAWBERRY CHARLOTTE BAG} => {RED RETROSPOT CHARLOTTE BAG}","RED RETROSPOT CHARLOTTE BAG",0.01171,0.829,14.69,44,1.13962209302326,17.1744186046512,36,713.92
"{SET OF 3 WOODEN STOCKING DECORATION} => {SET OF 3 WOODEN SLEIGH DECORATIONS}","SET OF 3 WOODEN SLEIGH DECORATIONS",0.01111,0.636,38.89,116,1.49642140468227,6.44816053511706,74,711.88
"{JAM JAR WITH GREEN LID} => {JAM JAR WITH PINK LID}","JAM JAR WITH PINK LID",0.01248,0.743,39.91,79,1.05941176470588,11.4323529411765,59,710.91
"{POPPY'S PLAYHOUSE BEDROOM,POPPY'S PLAYHOUSE KITCHEN} => {POPPY'S PLAYHOUSE LIVINGROOM}","POPPY'S PLAYHOUSE LIVINGROOM",0.01226,0.716,39.87,89,2.51646341463415,4.40548780487805,64,706.46
"{CHARLOTTE BAG PINK POLKADOT,CHARLOTTE BAG SUKI DESIGN,WOODLAND CHARLOTTE BAG} => {RED RETROSPOT CHARLOTTE BAG}","RED RETROSPOT CHARLOTTE BAG",0.01374,0.86,15.22,41,1.13962209302326,17.1744186046512,35,690.12
"{CHARLOTTE BAG PINK POLKADOT,PACK OF 72 RETROSPOT CAKE CASES} => {RED RETROSPOT CHARLOTTE BAG}","RED RETROSPOT CHARLOTTE BAG",0.01182,0.837,14.82,42,1.13962209302326,17.1744186046512,35,688.05
"{CHARLOTTE BAG PINK POLKADOT,LUNCH BAG CARS BLUE} => {RED RETROSPOT CHARLOTTE BAG}","RED RETROSPOT CHARLOTTE BAG",0.01149,0.833,14.76,42,1.13962209302326,17.1744186046512,35,684.76
"{REGENCY TEA PLATE PINK} => {REGENCY TEA PLATE GREEN}","REGENCY TEA PLATE GREEN",0.01521,0.911,43.83,27,2.13326315789474,12.9184210526316,25,677.85
"{REGENCY TEA PLATE GREEN,REGENCY TEA PLATE PINK} => {REGENCY TEA PLATE ROSES}","REGENCY TEA PLATE ROSES",0.01396,0.917,37.75,23,2.07711711711712,15.4076576576577,21,674.99
"{TOILET METAL SIGN} => {BATHROOM METAL SIGN}","BATHROOM METAL SIGN",0.01603,0.723,19.64,112,0.929019886363636,8.96448863636364,81,674.38
"{REGENCY TEA PLATE GREEN,ROSES REGENCY TEACUP AND SAUCER} => {GREEN REGENCY TEACUP AND SAUCER}","GREEN REGENCY TEACUP AND SAUCER",0.01095,0.877,15.82,28,3.84362290227048,7.106614017769,25,670.75
"{LARGE HEART MEASURING SPOONS} => {SMALL HEART MEASURING SPOONS}","SMALL HEART MEASURING SPOONS",0.01193,0.584,22.63,155,1.22851694915254,5.96610169491525,91,663.46
"{SMALL DOLLY MIX DESIGN ORANGE BOWL} => {SMALL MARSHMALLOWS PINK BOWL}","SMALL MARSHMALLOWS PINK BOWL",0.0191,0.662,27.07,178,0.68489932885906,8.14093959731544,118,657.02
"{POPPY'S PLAYHOUSE LIVINGROOM} => {POPPY'S PLAYHOUSE BEDROOM}","POPPY'S PLAYHOUSE BEDROOM",0.01423,0.793,34.24,68,2.54841607565012,4.77304964539007,54,655.92
"{WOODEN TREE CHRISTMAS SCANDINAVIAN} => {WOODEN HEART CHRISTMAS SCANDINAVIAN}","WOODEN HEART CHRISTMAS SCANDINAVIAN",0.01363,0.737,25.02,89,0.503122676579926,19.4275092936803,66,641.13
"{POPPY'S PLAYHOUSE LIVINGROOM} => {POPPY'S PLAYHOUSE KITCHEN}","POPPY'S PLAYHOUSE KITCHEN",0.01434,0.799,33.48,66,2.48428899082569,4.83256880733945,53,633.1
"{GREEN REGENCY TEACUP AND SAUCER,REGENCY TEA PLATE ROSES} => {ROSES REGENCY TEACUP AND SAUCER}","ROSES REGENCY TEACUP AND SAUCER",0.01111,0.906,15.59,21,3.66992467043314,9.04331450094162,19,631.44
"{SET OF 3 WOODEN TREE DECORATIONS} => {SET OF 3 WOODEN SLEIGH DECORATIONS}","SET OF 3 WOODEN SLEIGH DECORATIONS",0.01073,0.669,40.88,97,1.49642140468227,6.44816053511706,65,626.16
"{CHARLOTTE BAG PINK POLKADOT,LUNCH BAG SPACEBOY DESIGN} => {RED RETROSPOT CHARLOTTE BAG}","RED RETROSPOT CHARLOTTE BAG",0.01062,0.836,14.81,38,1.13962209302326,17.1744186046512,32,621.77
"{REGENCY TEA PLATE GREEN,ROSES REGENCY TEACUP AND SAUCER} => {REGENCY TEA PLATE ROSES}","REGENCY TEA PLATE ROSES",0.01133,0.908,37.36,21,2.07711711711712,15.4076576576577,19,610.24
"{SET OF 3 WOODEN STOCKING DECORATION} => {SET OF 3 WOODEN TREE DECORATIONS}","SET OF 3 WOODEN TREE DECORATIONS",0.01198,0.687,42.81,100,1.48494880546075,5.93174061433447,69,605.13
"{SET OF 12 MINI LOAF BAKING CASES,SET OF 6 SNACK LOAF BAKING CASES} => {SET OF 12 FAIRY CAKE BAKING CASES}","SET OF 12 FAIRY CAKE BAKING CASES",0.01034,0.804,26.72,46,1.06689090909091,15.3254545454545,37,604.71
"{SET OF 3 WOODEN SLEIGH DECORATIONS} => {SET OF 3 WOODEN STOCKING DECORATION}","SET OF 3 WOODEN STOCKING DECORATION",0.01111,0.679,38.89,96,1.45376175548589,6.32915360501567,65,599.76
"{PINK REGENCY TEACUP AND SAUCER,REGENCY TEA PLATE ROSES} => {ROSES REGENCY TEACUP AND SAUCER}","ROSES REGENCY TEACUP AND SAUCER",0.01001,0.901,15.51,20,3.66992467043314,9.04331450094162,18,598.05
"{SET OF 3 WOODEN SLEIGH DECORATIONS} => {SET OF 3 WOODEN TREE DECORATIONS}","SET OF 3 WOODEN TREE DECORATIONS",0.01073,0.656,40.88,103,1.48494880546075,5.93174061433447,68,595.16
"{SMALL DOLLY MIX DESIGN ORANGE BOWL} => {SMALL CHOCOLATES PINK BOWL}","SMALL CHOCOLATES PINK BOWL",0.01116,0.387,28.75,323,0.635528455284553,7.48780487804878,125,594.84
"{CHARLOTTE BAG APPLES DESIGN,CHARLOTTE BAG PINK POLKADOT} => {RED RETROSPOT CHARLOTTE BAG}","RED RETROSPOT CHARLOTTE BAG",0.01171,0.859,15.22,35,1.13962209302326,17.1744186046512,30,588.44
"{GREEN REGENCY TEACUP AND SAUCER,REGENCY TEA PLATE ROSES} => {REGENCY TEA PLATE GREEN}","REGENCY TEA PLATE GREEN",0.011,0.897,43.15,23,2.13326315789474,12.9184210526316,21,568.56
"{KEY FOB , BACK DOOR} => {KEY FOB , SHED}","KEY FOB , SHED",0.01144,0.681,33.44,98,0.953037634408602,8.67204301075269,67,551.58
"{SMALL MARSHMALLOWS PINK BOWL} => {SMALL CHOCOLATES PINK BOWL}","SMALL CHOCOLATES PINK BOWL",0.011,0.45,33.4,246,0.635528455284553,7.48780487804878,111,526.79
"{SET OF 3 WOODEN TREE DECORATIONS} => {SET OF 3 WOODEN STOCKING DECORATION}","SET OF 3 WOODEN STOCKING DECORATION",0.01198,0.747,42.81,74,1.45376175548589,6.32915360501567,55,508.62
"{KITCHEN METAL SIGN} => {BATHROOM METAL SIGN}","BATHROOM METAL SIGN",0.01204,0.724,19.65,84,0.929019886363636,8.96448863636364,61,506.49
"{KEY FOB , SHED} => {KEY FOB , BACK DOOR}","KEY FOB , BACK DOOR",0.01144,0.562,33.44,163,0.899771986970684,5.86319218241042,92,483.27
"{GARAGE KEY FOB} => {KEY FOB , SHED}","KEY FOB , SHED",0.01095,0.719,35.34,78,0.953037634408602,8.67204301075269,56,463.51
"{SMALL MARSHMALLOWS PINK BOWL} => {SMALL DOLLY MIX DESIGN ORANGE BOWL}","SMALL DOLLY MIX DESIGN ORANGE BOWL",0.0191,0.781,27.07,98,0.635161290322581,9.46299810246679,77,460.03
"{CHARLOTTE BAG PINK POLKADOT,CHARLOTTE BAG SUKI DESIGN,STRAWBERRY CHARLOTTE BAG} => {RED RETROSPOT CHARLOTTE BAG}","RED RETROSPOT CHARLOTTE BAG",0.01341,0.904,16.01,26,1.13962209302326,17.1744186046512,24,460.03
"{SET/20 RED RETROSPOT PAPER NAPKINS,SET/6 RED SPOTTY PAPER CUPS} => {SET/6 RED SPOTTY PAPER PLATES}","SET/6 RED SPOTTY PAPER PLATES",0.0145,0.895,31.04,31,0.987324478178368,16.573055028463,28,453.99
"{WOODEN TREE CHRISTMAS SCANDINAVIAN} => {WOODEN STAR CHRISTMAS SCANDINAVIAN}","WOODEN STAR CHRISTMAS SCANDINAVIAN",0.01538,0.831,29.73,57,0.476399217221135,19.4892367906067,47,439.79
"{WOODEN STAR CHRISTMAS SCANDINAVIAN,WOODEN TREE CHRISTMAS SCANDINAVIAN} => {WOODEN HEART CHRISTMAS SCANDINAVIAN}","WOODEN HEART CHRISTMAS SCANDINAVIAN",0.01264,0.822,27.92,50,0.503122676579926,19.4275092936803,41,401.73
"{POPPY'S PLAYHOUSE KITCHEN,POPPY'S PLAYHOUSE LIVINGROOM} => {POPPY'S PLAYHOUSE BEDROOM}","POPPY'S PLAYHOUSE BEDROOM",0.01226,0.855,36.93,38,2.54841607565012,4.77304964539007,32,395.2
"{POPPY'S PLAYHOUSE BATHROOM} => {POPPY'S PLAYHOUSE BEDROOM}","POPPY'S PLAYHOUSE BEDROOM",0.01034,0.833,35.97,38,2.54841607565012,4.77304964539007,32,385.03
"{CHARLOTTE BAG PINK POLKADOT,STRAWBERRY CHARLOTTE BAG,WOODLAND CHARLOTTE BAG} => {RED RETROSPOT CHARLOTTE BAG}","RED RETROSPOT CHARLOTTE BAG",0.01324,0.92,16.29,21,1.13962209302326,17.1744186046512,19,378.14
"{POPPY'S PLAYHOUSE BEDROOM,POPPY'S PLAYHOUSE LIVINGROOM} => {POPPY'S PLAYHOUSE KITCHEN}","POPPY'S PLAYHOUSE KITCHEN",0.01226,0.862,36.11,36,2.48428899082569,4.83256880733945,31,372.55
"{REGENCY TEA PLATE PINK,REGENCY TEA PLATE ROSES} => {REGENCY TEA PLATE GREEN}","REGENCY TEA PLATE GREEN",0.01396,0.948,45.58,14,2.13326315789474,12.9184210526316,13,365.75
"{POPPY'S PLAYHOUSE BATHROOM} => {POPPY'S PLAYHOUSE LIVINGROOM}","POPPY'S PLAYHOUSE LIVINGROOM",0.01023,0.824,45.89,40,2.51646341463415,4.40548780487805,33,365.4
"{POPPY'S PLAYHOUSE BATHROOM} => {POPPY'S PLAYHOUSE KITCHEN}","POPPY'S PLAYHOUSE KITCHEN",0.01051,0.846,35.45,35,2.48428899082569,4.83256880733945,30,355.48
"{PINK REGENCY TEACUP AND SAUCER,REGENCY TEA PLATE GREEN} => {GREEN REGENCY TEACUP AND SAUCER}","GREEN REGENCY TEACUP AND SAUCER",0.01007,0.929,16.76,14,3.84362290227048,7.106614017769,13,355.26
"{HERB MARKER MINT} => {HERB MARKER BASIL}","HERB MARKER BASIL",0.01138,0.867,65.71,32,0.862946058091286,14.1203319502075,28,338.06
"{HERB MARKER ROSEMARY} => {HERB MARKER BASIL}","HERB MARKER BASIL",0.01171,0.892,67.61,26,0.862946058091286,14.1203319502075,23,282.6
"{HERB MARKER PARSLEY} => {HERB MARKER BASIL}","HERB MARKER BASIL",0.0116,0.891,67.54,26,0.862946058091286,14.1203319502075,23,282.28
"{HERB MARKER THYME} => {HERB MARKER BASIL}","HERB MARKER BASIL",0.01149,0.89,67.47,26,0.862946058091286,14.1203319502075,23,281.96
"{HERB MARKER ROSEMARY} => {HERB MARKER CHIVES}","HERB MARKER CHIVES",0.01034,0.787,68.85,51,0.844162679425837,8.20574162679426,40,278.03
"{HERB MARKER MINT} => {HERB MARKER CHIVES}","HERB MARKER CHIVES",0.0104,0.792,69.22,50,0.844162679425837,8.20574162679426,40,274.31
"{HERB MARKER THYME} => {HERB MARKER CHIVES}","HERB MARKER CHIVES",0.01034,0.801,70.02,47,0.844162679425837,8.20574162679426,38,260.78
"{HERB MARKER PARSLEY} => {HERB MARKER CHIVES}","HERB MARKER CHIVES",0.01056,0.811,70.9,45,0.844162679425837,8.20574162679426,36,252.8
"{HERB MARKER MINT,HERB MARKER PARSLEY} => {HERB MARKER BASIL}","HERB MARKER BASIL",0.0104,0.896,67.95,22,0.862946058091286,14.1203319502075,20,240.19
"{HERB MARKER ROSEMARY,HERB MARKER THYME} => {HERB MARKER BASIL}","HERB MARKER BASIL",0.01095,0.905,68.62,21,0.862946058091286,14.1203319502075,19,231.58
"{HERB MARKER PARSLEY,HERB MARKER ROSEMARY} => {HERB MARKER BASIL}","HERB MARKER BASIL",0.01062,0.902,68.42,21,0.862946058091286,14.1203319502075,19,230.81
"{HERB MARKER PARSLEY,HERB MARKER THYME} => {HERB MARKER BASIL}","HERB MARKER BASIL",0.01056,0.906,68.7,20,0.862946058091286,14.1203319502075,18,220.79
"{HERB MARKER MINT,HERB MARKER ROSEMARY} => {HERB MARKER BASIL}","HERB MARKER BASIL",0.01056,0.91,69.03,19,0.862946058091286,14.1203319502075,17,210.68
"{SMALL CHOCOLATES PINK BOWL} => {SMALL DOLLY MIX DESIGN ORANGE BOWL}","SMALL DOLLY MIX DESIGN ORANGE BOWL",0.01116,0.829,28.75,42,0.635161290322581,9.46299810246679,35,209.27
"{SMALL CHOCOLATES PINK BOWL} => {SMALL MARSHMALLOWS PINK BOWL}","SMALL MARSHMALLOWS PINK BOWL",0.011,0.817,33.4,45,0.68489932885906,8.14093959731544,37,204.99
"{HERB MARKER MINT,HERB MARKER THYME} => {HERB MARKER BASIL}","HERB MARKER BASIL",0.01029,0.913,69.2,18,0.862946058091286,14.1203319502075,16,200.25
"{HERB MARKER MINT} => {HERB MARKER THYME}","HERB MARKER THYME",0.01127,0.858,66.46,34,0.855296610169492,7.95338983050847,29,198.44
"{HERB MARKER PARSLEY,HERB MARKER ROSEMARY,HERB MARKER THYME} => {HERB MARKER BASIL}","HERB MARKER BASIL",0.01018,0.916,69.47,17,0.862946058091286,14.1203319502075,16,189.75
"{HERB MARKER PARSLEY,HERB MARKER ROSEMARY} => {HERB MARKER CHIVES}","HERB MARKER CHIVES",0.01001,0.851,74.42,32,0.844162679425837,8.20574162679426,27,188.64
"{HERB MARKER BASIL} => {HERB MARKER THYME}","HERB MARKER THYME",0.01149,0.871,67.47,31,0.855296610169492,7.95338983050847,27,183.67
"{HERB MARKER PARSLEY,HERB MARKER THYME} => {HERB MARKER CHIVES}","HERB MARKER CHIVES",0.01001,0.859,75.12,30,0.844162679425837,8.20574162679426,26,178.51
"{HERB MARKER BASIL} => {HERB MARKER MINT}","HERB MARKER MINT",0.01138,0.863,65.71,33,0.843708333333333,7.27916666666667,28,174.9
"{HERB MARKER MINT,HERB MARKER PARSLEY} => {HERB MARKER CHIVES}","HERB MARKER CHIVES",0.01001,0.863,75.47,29,0.844162679425837,8.20574162679426,25,173.36
"{HERB MARKER BASIL} => {HERB MARKER PARSLEY}","HERB MARKER PARSLEY",0.0116,0.88,67.54,29,0.853151260504202,7.82352941176471,26,170.34
"{HERB MARKER MINT} => {HERB MARKER ROSEMARY}","HERB MARKER ROSEMARY",0.0116,0.883,67.25,28,0.852,8.05416666666667,25,169.66
"{HERB MARKER MINT} => {HERB MARKER PARSLEY}","HERB MARKER PARSLEY",0.0116,0.883,67.82,28,0.853151260504202,7.82352941176471,25,165.02
"{HERB MARKER BASIL} => {HERB MARKER ROSEMARY}","HERB MARKER ROSEMARY",0.01171,0.888,67.61,27,0.852,8.05416666666667,24,164.53
"{HERB MARKER THYME} => {HERB MARKER MINT}","HERB MARKER MINT",0.01127,0.873,66.46,30,0.843708333333333,7.27916666666667,26,160.85
"{WOODEN HEART CHRISTMAS SCANDINAVIAN,WOODEN TREE CHRISTMAS SCANDINAVIAN} => {WOODEN STAR CHRISTMAS SCANDINAVIAN}","WOODEN STAR CHRISTMAS SCANDINAVIAN",0.01264,0.928,33.17,18,0.476399217221135,19.4892367906067,17,155.09
"{HERB MARKER PARSLEY} => {HERB MARKER THYME}","HERB MARKER THYME",0.01166,0.895,69.29,25,0.855296610169492,7.95338983050847,22,152.21
"{HERB MARKER ROSEMARY} => {HERB MARKER MINT}","HERB MARKER MINT",0.0116,0.883,67.25,28,0.843708333333333,7.27916666666667,25,151.84
"{HERB MARKER ROSEMARY} => {HERB MARKER PARSLEY}","HERB MARKER PARSLEY",0.01177,0.896,68.78,25,0.853151260504202,7.82352941176471,22,149.51
"{HERB MARKER PARSLEY} => {HERB MARKER ROSEMARY}","HERB MARKER ROSEMARY",0.01177,0.903,68.78,23,0.852,8.05416666666667,21,142.52
"{HERB MARKER PARSLEY} => {HERB MARKER MINT}","HERB MARKER MINT",0.0116,0.891,67.82,26,0.843708333333333,7.27916666666667,23,142.27
"{HERB MARKER THYME} => {HERB MARKER PARSLEY}","HERB MARKER PARSLEY",0.01166,0.903,69.29,23,0.853151260504202,7.82352941176471,21,138.63
"{HERB MARKER ROSEMARY,HERB MARKER THYME} => {HERB MARKER MINT}","HERB MARKER MINT",0.01078,0.891,67.87,24,0.843708333333333,7.27916666666667,21,131.33
"{HERB MARKER CHIVES} => {HERB MARKER ROSEMARY}","HERB MARKER ROSEMARY",0.01034,0.904,68.85,20,0.852,8.05416666666667,18,124.07
"{HERB MARKER CHIVES} => {HERB MARKER THYME}","HERB MARKER THYME",0.01034,0.904,70.02,20,0.855296610169492,7.95338983050847,18,122.99
"{HERB MARKER BASIL,HERB MARKER MINT} => {HERB MARKER THYME}","HERB MARKER THYME",0.01029,0.904,69.98,20,0.855296610169492,7.95338983050847,18,122.99
"{HERB MARKER BASIL,HERB MARKER ROSEMARY} => {HERB MARKER PARSLEY}","HERB MARKER PARSLEY",0.01062,0.907,69.6,20,0.853151260504202,7.82352941176471,18,121.08
"{HERB MARKER BASIL,HERB MARKER PARSLEY} => {HERB MARKER MINT}","HERB MARKER MINT",0.0104,0.896,68.24,22,0.843708333333333,7.27916666666667,20,121.06
"{HERB MARKER BASIL,HERB MARKER THYME} => {HERB MARKER MINT}","HERB MARKER MINT",0.01029,0.895,68.16,22,0.843708333333333,7.27916666666667,20,120.93
"{HERB MARKER ROSEMARY} => {HERB MARKER THYME}","HERB MARKER THYME",0.01209,0.921,71.3,19,0.855296610169492,7.95338983050847,17,119.04
"{HERB MARKER BASIL,HERB MARKER PARSLEY} => {HERB MARKER THYME}","HERB MARKER THYME",0.01056,0.91,70.49,19,0.855296610169492,7.95338983050847,17,117.62
"{HERB MARKER BASIL,HERB MARKER ROSEMARY} => {HERB MARKER MINT}","HERB MARKER MINT",0.01056,0.902,68.67,21,0.843708333333333,7.27916666666667,19,116.33
"{HERB MARKER BASIL,HERB MARKER PARSLEY} => {HERB MARKER ROSEMARY}","HERB MARKER ROSEMARY",0.01062,0.915,69.67,18,0.852,8.05416666666667,16,113.02
"{HERB MARKER MINT,HERB MARKER PARSLEY} => {HERB MARKER THYME}","HERB MARKER THYME",0.01062,0.915,70.85,18,0.855296610169492,7.95338983050847,16,112.04
"{HERB MARKER ROSEMARY,HERB MARKER THYME} => {HERB MARKER PARSLEY}","HERB MARKER PARSLEY",0.01111,0.919,70.52,18,0.853151260504202,7.82352941176471,17,110.41
"{HERB MARKER BASIL,HERB MARKER MINT} => {HERB MARKER PARSLEY}","HERB MARKER PARSLEY",0.0104,0.913,70.13,18,0.853151260504202,7.82352941176471,16,109.69
"{HERB MARKER PARSLEY,HERB MARKER ROSEMARY} => {HERB MARKER MINT}","HERB MARKER MINT",0.01073,0.912,69.41,19,0.843708333333333,7.27916666666667,17,106.42
"{HERB MARKER PARSLEY,HERB MARKER THYME} => {HERB MARKER MINT}","HERB MARKER MINT",0.01062,0.911,69.35,19,0.843708333333333,7.27916666666667,17,106.3
"{HERB MARKER CHIVES} => {HERB MARKER MINT}","HERB MARKER MINT",0.0104,0.909,69.22,19,0.843708333333333,7.27916666666667,17,106.07
"{HERB MARKER BASIL,HERB MARKER THYME} => {HERB MARKER PARSLEY}","HERB MARKER PARSLEY",0.01056,0.919,70.56,17,0.853151260504202,7.82352941176471,16,104.28
"{HERB MARKER MINT,HERB MARKER PARSLEY} => {HERB MARKER ROSEMARY}","HERB MARKER ROSEMARY",0.01073,0.925,70.39,16,0.852,8.05416666666667,15,101.56
"{HERB MARKER MINT,HERB MARKER ROSEMARY} => {HERB MARKER PARSLEY}","HERB MARKER PARSLEY",0.01073,0.925,70.98,16,0.853151260504202,7.82352941176471,15,98.78
"{HERB MARKER CHIVES} => {HERB MARKER PARSLEY}","HERB MARKER PARSLEY",0.01056,0.923,70.9,16,0.853151260504202,7.82352941176471,15,98.57
"{HERB MARKER THYME} => {HERB MARKER ROSEMARY}","HERB MARKER ROSEMARY",0.01209,0.936,71.3,15,0.852,8.05416666666667,14,96.34
"{HERB MARKER PARSLEY,HERB MARKER ROSEMARY,HERB MARKER THYME} => {HERB MARKER MINT}","HERB MARKER MINT",0.01018,0.916,69.76,17,0.843708333333333,7.27916666666667,16,95.64
"{HERB MARKER BASIL,HERB MARKER MINT} => {HERB MARKER ROSEMARY}","HERB MARKER ROSEMARY",0.01056,0.928,70.65,15,0.852,8.05416666666667,14,95.52
"{HERB MARKER MINT,HERB MARKER ROSEMARY} => {HERB MARKER THYME}","HERB MARKER THYME",0.01078,0.929,71.95,15,0.855296610169492,7.95338983050847,14,94.79
"{HERB MARKER BASIL,HERB MARKER ROSEMARY} => {HERB MARKER THYME}","HERB MARKER THYME",0.01095,0.935,72.36,14,0.855296610169492,7.95338983050847,13,89.04
"{HERB MARKER BASIL,HERB MARKER ROSEMARY,HERB MARKER THYME} => {HERB MARKER PARSLEY}","HERB MARKER PARSLEY",0.01018,0.93,71.4,14,0.853151260504202,7.82352941176471,13,86.9
"{HERB MARKER PARSLEY,HERB MARKER ROSEMARY} => {HERB MARKER THYME}","HERB MARKER THYME",0.01111,0.944,73.11,12,0.855296610169492,7.95338983050847,11,77.06
"{HERB MARKER MINT,HERB MARKER THYME} => {HERB MARKER PARSLEY}","HERB MARKER PARSLEY",0.01062,0.942,72.3,12,0.853151260504202,7.82352941176471,11,75.45
"{HERB MARKER MINT,HERB MARKER ROSEMARY,HERB MARKER THYME} => {HERB MARKER PARSLEY}","HERB MARKER PARSLEY",0.01018,0.944,72.49,11,0.853151260504202,7.82352941176471,10,69.31
"{HERB MARKER PARSLEY,HERB MARKER THYME} => {HERB MARKER ROSEMARY}","HERB MARKER ROSEMARY",0.01111,0.953,72.56,10,0.852,8.05416666666667,10,65.4
"{HERB MARKER BASIL,HERB MARKER THYME} => {HERB MARKER ROSEMARY}","HERB MARKER ROSEMARY",0.01095,0.952,72.51,10,0.852,8.05416666666667,10,65.33
"{HERB MARKER CHIVES,HERB MARKER PARSLEY} => {HERB MARKER ROSEMARY}","HERB MARKER ROSEMARY",0.01001,0.948,72.19,10,0.852,8.05416666666667,9,65.05
"{HERB MARKER MINT,HERB MARKER PARSLEY,HERB MARKER ROSEMARY} => {HERB MARKER THYME}","HERB MARKER THYME",0.01018,0.949,73.48,10,0.855296610169492,7.95338983050847,9,64.56
"{HERB MARKER CHIVES,HERB MARKER PARSLEY} => {HERB MARKER THYME}","HERB MARKER THYME",0.01001,0.948,73.42,10,0.855296610169492,7.95338983050847,9,64.49
"{HERB MARKER MINT,HERB MARKER THYME} => {HERB MARKER ROSEMARY}","HERB MARKER ROSEMARY",0.01078,0.956,72.81,9,0.852,8.05416666666667,9,59.04
"{HERB MARKER CHIVES,HERB MARKER PARSLEY} => {HERB MARKER MINT}","HERB MARKER MINT",0.01001,0.948,72.19,10,0.843708333333333,7.27916666666667,9,58.22
"{HERB MARKER MINT,HERB MARKER PARSLEY,HERB MARKER THYME} => {HERB MARKER ROSEMARY}","HERB MARKER ROSEMARY",0.01018,0.959,73,8,0.852,8.05416666666667,8,52.65
"{HERB MARKER BASIL,HERB MARKER PARSLEY,HERB MARKER ROSEMARY} => {HERB MARKER THYME}","HERB MARKER THYME",0.01018,0.959,74.24,8,0.855296610169492,7.95338983050847,8,52.19
"{HERB MARKER BASIL,HERB MARKER PARSLEY,HERB MARKER THYME} => {HERB MARKER ROSEMARY}","HERB MARKER ROSEMARY",0.01018,0.964,73.38,7,0.852,8.05416666666667,7,46.31
"{HERB MARKER CHIVES,HERB MARKER MINT} => {HERB MARKER PARSLEY}","HERB MARKER PARSLEY",0.01001,0.963,73.95,7,0.853151260504202,7.82352941176471,7,44.99
"{HERB MARKER CHIVES,HERB MARKER THYME} => {HERB MARKER PARSLEY}","HERB MARKER PARSLEY",0.01001,0.968,74.34,6,0.853151260504202,7.82352941176471,6,38.77
"{HERB MARKER CHIVES,HERB MARKER ROSEMARY} => {HERB MARKER PARSLEY}","HERB MARKER PARSLEY",0.01001,0.968,74.34,6,0.853151260504202,7.82352941176471,6,38.77
